--------------------------------------------------------
-- Archivo creado  - viernes-diciembre-28-2018   
--------------------------------------------------------
--------------------------------------------------------
--  DDL for Sequence VDIR_SEQ_AFILIACION_ENCUESTA
--------------------------------------------------------

   CREATE SEQUENCE  "VDIRMP"."VDIR_SEQ_AFILIACION_ENCUESTA"  MINVALUE 1 MAXVALUE 999999999999999999999999999 INCREMENT BY 1 START WITH 61 CACHE 20 ORDER  NOCYCLE ;
--------------------------------------------------------
--  DDL for Sequence VDIR_SEQ_LOG_USUARIOS_SISTEMA
--------------------------------------------------------

   CREATE SEQUENCE  "VDIRMP"."VDIR_SEQ_LOG_USUARIOS_SISTEMA"  MINVALUE 1 MAXVALUE 999999999999999999999999999 INCREMENT BY 1 START WITH 241 CACHE 20 ORDER  NOCYCLE ;
--------------------------------------------------------
--  DDL for Sequence VDIR_SEQ_PERSONA
--------------------------------------------------------

   CREATE SEQUENCE  "VDIRMP"."VDIR_SEQ_PERSONA"  MINVALUE 1 MAXVALUE 9999999999999999999999999999 INCREMENT BY 1 START WITH 41 CACHE 20 ORDER  NOCYCLE ;
--------------------------------------------------------
--  DDL for Sequence VDIR_SEQ_PERSONA_TIPOPER
--------------------------------------------------------

   CREATE SEQUENCE  "VDIRMP"."VDIR_SEQ_PERSONA_TIPOPER"  MINVALUE 1 MAXVALUE 999999999999999999999999999 INCREMENT BY 1 START WITH 41 CACHE 20 ORDER  NOCYCLE ;
--------------------------------------------------------
--  DDL for Sequence VDIR_SEQ_RESPUESTAS_MARCADAS
--------------------------------------------------------

   CREATE SEQUENCE  "VDIRMP"."VDIR_SEQ_RESPUESTAS_MARCADAS"  MINVALUE 1 MAXVALUE 999999999999999999999999999 INCREMENT BY 1 START WITH 121 CACHE 20 ORDER  NOCYCLE ;
--------------------------------------------------------
--  DDL for Sequence VDIR_SEQ_ROL_USUARIO
--------------------------------------------------------

   CREATE SEQUENCE  "VDIRMP"."VDIR_SEQ_ROL_USUARIO"  MINVALUE 1 MAXVALUE 999999999999999999999999999 INCREMENT BY 1 START WITH 41 CACHE 20 ORDER  NOCYCLE ;
--------------------------------------------------------
--  DDL for Sequence VDIR_SEQ_USUARIO
--------------------------------------------------------

   CREATE SEQUENCE  "VDIRMP"."VDIR_SEQ_USUARIO"  MINVALUE 1 MAXVALUE 999999999999999999999999999 INCREMENT BY 1 START WITH 41 CACHE 20 ORDER  NOCYCLE ;
-- No se ha podido presentar el DDL TABLE para el objeto VDIRMP.BIN$uPY5smBzT5CXhVfOPrsBMw==$0 mientras que DBMS_METADATA intenta utilizar el generador interno.
CREATE TABLE "BIN$uPY5smBzT5CXhVfOPrsBMw==$0" 
(
  COD_LOG_USUARIOS_SISTEMA NUMBER(20, 0) NOT NULL 
, USUARIO VARCHAR2(50 BYTE) NOT NULL 
, FECHA DATE DEFAULT SYSDATE 
, IP VARCHAR2(30 BYTE) NOT NULL 
, NAVEGADOR VARCHAR2(100 BYTE) NOT NULL 
, CONSTRAINT "BIN$oeZoV+saS/y2osD0lQm0NA==$0" PRIMARY KEY 
  (
    COD_LOG_USUARIOS_SISTEMA 
  )
  ENABLE 
)
--------------------------------------------------------
--  DDL for Table VDIR_AFILIACION
--------------------------------------------------------

  CREATE TABLE "VDIRMP"."VDIR_AFILIACION" 
   (	"COD_AFILIACION" NUMBER(16,0), 
	"FECHA_CREACION" DATE DEFAULT SYSDATE, 
	"COD_ESTADO" NUMBER(2,0)
   ) PCTFREE 10 PCTUSED 40 INITRANS 1 MAXTRANS 255 NOCOMPRESS LOGGING
  STORAGE(INITIAL 65536 NEXT 1048576 MINEXTENTS 1 MAXEXTENTS 2147483645
  PCTINCREASE 0 FREELISTS 1 FREELIST GROUPS 1 BUFFER_POOL DEFAULT)
  TABLESPACE "USERS" ;
--------------------------------------------------------
--  DDL for Table VDIR_AFILIACION_AUDITORIA
--------------------------------------------------------

  CREATE TABLE "VDIRMP"."VDIR_AFILIACION_AUDITORIA" 
   (	"COD_AFILIACION_AUDITORIA" NUMBER(6,0), 
	"COD_AFILIACION" NUMBER(14,0), 
	"COD_AUDITOR" NUMBER(12,0), 
	"COD_ESTADO" NUMBER(2,0), 
	"FECHA_CREACION" DATE DEFAULT SYSDATE, 
	"ESTADO_SALUD" VARCHAR2(4000 BYTE)
   ) PCTFREE 10 PCTUSED 40 INITRANS 1 MAXTRANS 255 NOCOMPRESS LOGGING
  STORAGE(INITIAL 65536 NEXT 1048576 MINEXTENTS 1 MAXEXTENTS 2147483645
  PCTINCREASE 0 FREELISTS 1 FREELIST GROUPS 1 BUFFER_POOL DEFAULT)
  TABLESPACE "USERS" ;
--------------------------------------------------------
--  DDL for Table VDIR_BARRIO
--------------------------------------------------------

  CREATE TABLE "VDIRMP"."VDIR_BARRIO" 
   (	"COD_BARRIO" NUMBER(6,0), 
	"DES_BARRIO" VARCHAR2(50 BYTE), 
	"COD_ESTADO" NUMBER(2,0), 
	"COD_MUNICIPIO" NUMBER(6,0), 
	"COD_COMUNA" NUMBER(6,0)
   ) PCTFREE 10 PCTUSED 40 INITRANS 1 MAXTRANS 255 NOCOMPRESS LOGGING
  STORAGE(INITIAL 65536 NEXT 1048576 MINEXTENTS 1 MAXEXTENTS 2147483645
  PCTINCREASE 0 FREELISTS 1 FREELIST GROUPS 1 BUFFER_POOL DEFAULT)
  TABLESPACE "USERS" ;
--------------------------------------------------------
--  DDL for Table VDIR_BENEFICIARIO_PROGRAMA
--------------------------------------------------------

  CREATE TABLE "VDIRMP"."VDIR_BENEFICIARIO_PROGRAMA" 
   (	"COD_BENEFICIARIO_PROGRAMA" NUMBER(16,0), 
	"COD_PROGRAMA" NUMBER(16,0), 
	"COD_BENEFICIARIO" NUMBER(16,0), 
	"COD_TARIFA" NUMBER(16,0), 
	"COD_AFILIACION" NUMBER(16,0)
   ) PCTFREE 10 PCTUSED 40 INITRANS 1 MAXTRANS 255 NOCOMPRESS LOGGING
  STORAGE(INITIAL 65536 NEXT 1048576 MINEXTENTS 1 MAXEXTENTS 2147483645
  PCTINCREASE 0 FREELISTS 1 FREELIST GROUPS 1 BUFFER_POOL DEFAULT)
  TABLESPACE "USERS" ;
--------------------------------------------------------
--  DDL for Table VDIR_COMUNA
--------------------------------------------------------

  CREATE TABLE "VDIRMP"."VDIR_COMUNA" 
   (	"COD_COMUNA" NUMBER(6,0), 
	"DES_COMUNA" VARCHAR2(50 BYTE), 
	"COD_ESTADO" NUMBER(2,0)
   ) PCTFREE 10 PCTUSED 40 INITRANS 1 MAXTRANS 255 NOCOMPRESS LOGGING
  STORAGE(INITIAL 65536 NEXT 1048576 MINEXTENTS 1 MAXEXTENTS 2147483645
  PCTINCREASE 0 FREELISTS 1 FREELIST GROUPS 1 BUFFER_POOL DEFAULT)
  TABLESPACE "USERS" ;
--------------------------------------------------------
--  DDL for Table VDIR_CONTRATANTE_BENEFICIARIO
--------------------------------------------------------

  CREATE TABLE "VDIRMP"."VDIR_CONTRATANTE_BENEFICIARIO" 
   (	"COD_CONTRATANTE_BENEFICIARIO" NUMBER(16,0), 
	"COD_CONTRATANTE" NUMBER(16,0), 
	"COD_BENEFICIARIO" NUMBER(16,0), 
	"COD_PARENTESCO" NUMBER(2,0), 
	"COD_AFILIACION" NUMBER(16,0), 
	"COD_TIPO_SOLICITUD" NUMBER(2,0)
   ) PCTFREE 10 PCTUSED 40 INITRANS 1 MAXTRANS 255 NOCOMPRESS LOGGING
  STORAGE(INITIAL 65536 NEXT 1048576 MINEXTENTS 1 MAXEXTENTS 2147483645
  PCTINCREASE 0 FREELISTS 1 FREELIST GROUPS 1 BUFFER_POOL DEFAULT)
  TABLESPACE "USERS" ;
--------------------------------------------------------
--  DDL for Table VDIR_DEPARTAMENTO
--------------------------------------------------------

  CREATE TABLE "VDIRMP"."VDIR_DEPARTAMENTO" 
   (	"COD_DEPARTAMENTO" NUMBER(6,0), 
	"COD_PAIS" NUMBER(6,0), 
	"DES_DEPARTAMENTO" VARCHAR2(50 BYTE), 
	"COD_ESTADO" NUMBER(2,0)
   ) PCTFREE 10 PCTUSED 40 INITRANS 1 MAXTRANS 255 NOCOMPRESS LOGGING
  STORAGE(INITIAL 65536 NEXT 1048576 MINEXTENTS 1 MAXEXTENTS 2147483645
  PCTINCREASE 0 FREELISTS 1 FREELIST GROUPS 1 BUFFER_POOL DEFAULT)
  TABLESPACE "USERS" ;
--------------------------------------------------------
--  DDL for Table VDIR_ENCUESTA
--------------------------------------------------------

  CREATE TABLE "VDIRMP"."VDIR_ENCUESTA" 
   (	"COD_ENCUESTA" NUMBER(6,0), 
	"DES_ENCUESTA" VARCHAR2(100 BYTE), 
	"OBSERVACION" VARCHAR2(4000 BYTE)
   ) PCTFREE 10 PCTUSED 40 INITRANS 1 MAXTRANS 255 NOCOMPRESS LOGGING
  STORAGE(INITIAL 65536 NEXT 1048576 MINEXTENTS 1 MAXEXTENTS 2147483645
  PCTINCREASE 0 FREELISTS 1 FREELIST GROUPS 1 BUFFER_POOL DEFAULT)
  TABLESPACE "USERS" ;
--------------------------------------------------------
--  DDL for Table VDIR_ENCUESTA_PERSONA
--------------------------------------------------------

  CREATE TABLE "VDIRMP"."VDIR_ENCUESTA_PERSONA" 
   (	"COD_ENCUESTA_PERSONA" NUMBER(16,0), 
	"COD_AFILIACION" NUMBER(14,0), 
	"COD_ENCUESTA" NUMBER(6,0), 
	"FECHA_CREACION" DATE DEFAULT SYSDATE, 
	"COD_PERSONA" NUMBER(16,0)
   ) PCTFREE 10 PCTUSED 40 INITRANS 1 MAXTRANS 255 NOCOMPRESS LOGGING
  STORAGE(INITIAL 65536 NEXT 1048576 MINEXTENTS 1 MAXEXTENTS 2147483645
  PCTINCREASE 0 FREELISTS 1 FREELIST GROUPS 1 BUFFER_POOL DEFAULT)
  TABLESPACE "USERS" ;
--------------------------------------------------------
--  DDL for Table VDIR_EPS
--------------------------------------------------------

  CREATE TABLE "VDIRMP"."VDIR_EPS" 
   (	"COD_EPS" NUMBER, 
	"DES_EPS" VARCHAR2(100 BYTE), 
	"COD_ESTADO" NUMBER, 
	"SIGLA_EPS" VARCHAR2(100 BYTE)
   ) PCTFREE 10 PCTUSED 40 INITRANS 1 MAXTRANS 255 NOCOMPRESS LOGGING
  STORAGE(INITIAL 65536 NEXT 1048576 MINEXTENTS 1 MAXEXTENTS 2147483645
  PCTINCREASE 0 FREELISTS 1 FREELIST GROUPS 1 BUFFER_POOL DEFAULT)
  TABLESPACE "USERS" ;
--------------------------------------------------------
--  DDL for Table VDIR_ESTADO
--------------------------------------------------------

  CREATE TABLE "VDIRMP"."VDIR_ESTADO" 
   (	"COD_ESTADO" NUMBER(*,0), 
	"DES_ESTADO" VARCHAR2(20 BYTE)
   ) PCTFREE 10 PCTUSED 40 INITRANS 1 MAXTRANS 255 NOCOMPRESS LOGGING
  STORAGE(INITIAL 65536 NEXT 1048576 MINEXTENTS 1 MAXEXTENTS 2147483645
  PCTINCREASE 0 FREELISTS 1 FREELIST GROUPS 1 BUFFER_POOL DEFAULT)
  TABLESPACE "USERS" ;
--------------------------------------------------------
--  DDL for Table VDIR_ESTADO_CIVIL
--------------------------------------------------------

  CREATE TABLE "VDIRMP"."VDIR_ESTADO_CIVIL" 
   (	"COD_ESTADO_CIVIL" NUMBER, 
	"DES_ESTADO_CIVIL" VARCHAR2(20 BYTE), 
	"COD_ESTADO" NUMBER, 
	"ABR_ESTADO_CIVIL" VARCHAR2(2 BYTE)
   ) PCTFREE 10 PCTUSED 40 INITRANS 1 MAXTRANS 255 NOCOMPRESS LOGGING
  STORAGE(INITIAL 65536 NEXT 1048576 MINEXTENTS 1 MAXEXTENTS 2147483645
  PCTINCREASE 0 FREELISTS 1 FREELIST GROUPS 1 BUFFER_POOL DEFAULT)
  TABLESPACE "USERS" ;
--------------------------------------------------------
--  DDL for Table VDIR_FACTURA
--------------------------------------------------------

  CREATE TABLE "VDIRMP"."VDIR_FACTURA" 
   (	"COD_FACTURA" NUMBER(16,0), 
	"TOTAL_PAGAR" NUMBER(16,0), 
	"VALOR_IMPUESTO" NUMBER(16,0), 
	"FECHA_CREACION" DATE DEFAULT SYSDATE, 
	"SUB_TOTAL" NUMBER(16,0), 
	"VALOR_PROMOCION" NUMBER(16,0), 
	"COD_TIPO_PAGO" NUMBER(2,0), 
	"COD_FORMA_PAGO" NUMBER(2,0), 
	"COD_ESTADO" NUMBER(2,0), 
	"COD_USUARIO" NUMBER(14,0)
   ) PCTFREE 10 PCTUSED 40 INITRANS 1 MAXTRANS 255 NOCOMPRESS LOGGING
  STORAGE(INITIAL 65536 NEXT 1048576 MINEXTENTS 1 MAXEXTENTS 2147483645
  PCTINCREASE 0 FREELISTS 1 FREELIST GROUPS 1 BUFFER_POOL DEFAULT)
  TABLESPACE "USERS" ;
--------------------------------------------------------
--  DDL for Table VDIR_FACTURA_DETALLE
--------------------------------------------------------

  CREATE TABLE "VDIRMP"."VDIR_FACTURA_DETALLE" 
   (	"COD_FACTURA_DETALLE" NUMBER(16,0), 
	"VALOR_TOTAL" NUMBER(16,0), 
	"SUB_TOTAL" NUMBER(16,0), 
	"CANTIDAD" NUMBER(6,0), 
	"VALOR_IMPUESTO" NUMBER(16,0), 
	"VALOR_PROMOCION" NUMBER(16,0), 
	"VALOR_TARIFA" NUMBER(16,0), 
	"PORCENTAJE_IMPUESTO" NUMBER(2,0), 
	"COD_BENEFICIARIO_PROGRAMA" NUMBER(16,0), 
	"COD_FACTURA" NUMBER(16,0)
   ) PCTFREE 10 PCTUSED 40 INITRANS 1 MAXTRANS 255 NOCOMPRESS LOGGING
  STORAGE(INITIAL 65536 NEXT 1048576 MINEXTENTS 1 MAXEXTENTS 2147483645
  PCTINCREASE 0 FREELISTS 1 FREELIST GROUPS 1 BUFFER_POOL DEFAULT)
  TABLESPACE "USERS" ;
--------------------------------------------------------
--  DDL for Table VDIR_FILE
--------------------------------------------------------

  CREATE TABLE "VDIRMP"."VDIR_FILE" 
   (	"COD_FILE" NUMBER(14,0), 
	"DES_FILE" VARCHAR2(400 BYTE), 
	"OBSERVACION" VARCHAR2(400 BYTE), 
	"RUTA" VARCHAR2(3000 BYTE), 
	"COD_TIPO_FILE" NUMBER(2,0), 
	"FECHA_CREACION" DATE DEFAULT SYSDATE
   ) PCTFREE 10 PCTUSED 40 INITRANS 1 MAXTRANS 255 NOCOMPRESS LOGGING
  STORAGE(INITIAL 65536 NEXT 1048576 MINEXTENTS 1 MAXEXTENTS 2147483645
  PCTINCREASE 0 FREELISTS 1 FREELIST GROUPS 1 BUFFER_POOL DEFAULT)
  TABLESPACE "USERS" ;
--------------------------------------------------------
--  DDL for Table VDIR_FILE_AUDITORIA
--------------------------------------------------------

  CREATE TABLE "VDIRMP"."VDIR_FILE_AUDITORIA" 
   (	"COD_FILE_AUDITORIA" NUMBER(16,0), 
	"COD_AFILIACION_AUDITORIA" NUMBER(14,0), 
	"COD_FILE" NUMBER(14,0), 
	"COD_PERSONA" NUMBER(14,0), 
	"DES_PERSISTENCIA" VARCHAR2(100 BYTE), 
	"DES_OBSERVACION_AUDI" VARCHAR2(100 BYTE)
   ) PCTFREE 10 PCTUSED 40 INITRANS 1 MAXTRANS 255 NOCOMPRESS LOGGING
  STORAGE(INITIAL 65536 NEXT 1048576 MINEXTENTS 1 MAXEXTENTS 2147483645
  PCTINCREASE 0 FREELISTS 1 FREELIST GROUPS 1 BUFFER_POOL DEFAULT)
  TABLESPACE "USERS" ;
--------------------------------------------------------
--  DDL for Table VDIR_FILE_BENEFICIARIO
--------------------------------------------------------

  CREATE TABLE "VDIRMP"."VDIR_FILE_BENEFICIARIO" 
   (	"COD_FILE_BENEFICIARIO" NUMBER(16,0), 
	"COD_AFILIACION" NUMBER(14,0), 
	"COD_FILE" NUMBER(14,0), 
	"COD_BENEFICIARIO" NUMBER(16,0)
   ) PCTFREE 10 PCTUSED 40 INITRANS 1 MAXTRANS 255 NOCOMPRESS LOGGING
  STORAGE(INITIAL 65536 NEXT 1048576 MINEXTENTS 1 MAXEXTENTS 2147483645
  PCTINCREASE 0 FREELISTS 1 FREELIST GROUPS 1 BUFFER_POOL DEFAULT)
  TABLESPACE "USERS" ;
--------------------------------------------------------
--  DDL for Table VDIR_FORMA_PAGO
--------------------------------------------------------

  CREATE TABLE "VDIRMP"."VDIR_FORMA_PAGO" 
   (	"COD_FORMA_PAGO" NUMBER(2,0), 
	"DES_FORMA_PAGO" VARCHAR2(50 BYTE), 
	"COD_ESTADO" NUMBER(2,0)
   ) PCTFREE 10 PCTUSED 40 INITRANS 1 MAXTRANS 255 NOCOMPRESS LOGGING
  STORAGE(INITIAL 65536 NEXT 1048576 MINEXTENTS 1 MAXEXTENTS 2147483645
  PCTINCREASE 0 FREELISTS 1 FREELIST GROUPS 1 BUFFER_POOL DEFAULT)
  TABLESPACE "USERS" ;
--------------------------------------------------------
--  DDL for Table VDIR_IMPUESTO
--------------------------------------------------------

  CREATE TABLE "VDIRMP"."VDIR_IMPUESTO" 
   (	"COD_IMPUESTO" NUMBER(2,0), 
	"DES_IMPUESTO" VARCHAR2(50 BYTE), 
	"VALOR" NUMBER(2,0), 
	"COD_ESTADO" NUMBER(2,0)
   ) PCTFREE 10 PCTUSED 40 INITRANS 1 MAXTRANS 255 NOCOMPRESS LOGGING
  STORAGE(INITIAL 65536 NEXT 1048576 MINEXTENTS 1 MAXEXTENTS 2147483645
  PCTINCREASE 0 FREELISTS 1 FREELIST GROUPS 1 BUFFER_POOL DEFAULT)
  TABLESPACE "USERS" ;
--------------------------------------------------------
--  DDL for Table VDIR_LOG_USUARIOS_SISTEMA
--------------------------------------------------------

  CREATE TABLE "VDIRMP"."VDIR_LOG_USUARIOS_SISTEMA" 
   (	"COD_LOG_USUARIOS_SISTEMA" NUMBER(20,0), 
	"USUARIO" VARCHAR2(50 BYTE), 
	"FECHA" DATE DEFAULT SYSDATE, 
	"IP" VARCHAR2(30 BYTE), 
	"NAVEGADOR" VARCHAR2(100 BYTE)
   ) PCTFREE 10 PCTUSED 40 INITRANS 1 MAXTRANS 255 NOCOMPRESS LOGGING
  STORAGE(INITIAL 65536 NEXT 1048576 MINEXTENTS 1 MAXEXTENTS 2147483645
  PCTINCREASE 0 FREELISTS 1 FREELIST GROUPS 1 BUFFER_POOL DEFAULT)
  TABLESPACE "USERS" ;
--------------------------------------------------------
--  DDL for Table VDIR_MENU
--------------------------------------------------------

  CREATE TABLE "VDIRMP"."VDIR_MENU" 
   (	"COD_MENU" NUMBER(6,0), 
	"DES_MENU" VARCHAR2(100 BYTE), 
	"DES_MENU_LINK" VARCHAR2(100 BYTE), 
	"COD_PADRE" NUMBER(6,0)
   ) PCTFREE 10 PCTUSED 40 INITRANS 1 MAXTRANS 255 NOCOMPRESS LOGGING
  STORAGE(INITIAL 65536 NEXT 1048576 MINEXTENTS 1 MAXEXTENTS 2147483645
  PCTINCREASE 0 FREELISTS 1 FREELIST GROUPS 1 BUFFER_POOL DEFAULT)
  TABLESPACE "USERS" ;
--------------------------------------------------------
--  DDL for Table VDIR_MODULO_ENCUESTA
--------------------------------------------------------

  CREATE TABLE "VDIRMP"."VDIR_MODULO_ENCUESTA" 
   (	"COD_MODULO" NUMBER, 
	"DES_MODULO" VARCHAR2(500 BYTE), 
	"COD_ESTADO" NUMBER
   ) PCTFREE 10 PCTUSED 40 INITRANS 1 MAXTRANS 255 NOCOMPRESS LOGGING
  STORAGE(INITIAL 65536 NEXT 1048576 MINEXTENTS 1 MAXEXTENTS 2147483645
  PCTINCREASE 0 FREELISTS 1 FREELIST GROUPS 1 BUFFER_POOL DEFAULT)
  TABLESPACE "USERS" ;
--------------------------------------------------------
--  DDL for Table VDIR_MONEDA
--------------------------------------------------------

  CREATE TABLE "VDIRMP"."VDIR_MONEDA" 
   (	"COD_MONEDA" NUMBER(2,0), 
	"DES_MONEDA" VARCHAR2(50 BYTE), 
	"COD_ESTADO" NUMBER(2,0)
   ) PCTFREE 10 PCTUSED 40 INITRANS 1 MAXTRANS 255 NOCOMPRESS LOGGING
  STORAGE(INITIAL 65536 NEXT 1048576 MINEXTENTS 1 MAXEXTENTS 2147483645
  PCTINCREASE 0 FREELISTS 1 FREELIST GROUPS 1 BUFFER_POOL DEFAULT)
  TABLESPACE "USERS" ;
--------------------------------------------------------
--  DDL for Table VDIR_MUNICIPIO
--------------------------------------------------------

  CREATE TABLE "VDIRMP"."VDIR_MUNICIPIO" 
   (	"COD_MUNICIPIO" NUMBER(6,0), 
	"COD_DEPARTAMENTO" NUMBER(6,0), 
	"DES_MUNICIPIO" VARCHAR2(50 BYTE), 
	"COD_ESTADO" NUMBER(2,0)
   ) PCTFREE 10 PCTUSED 40 INITRANS 1 MAXTRANS 255 NOCOMPRESS LOGGING
  STORAGE(INITIAL 65536 NEXT 1048576 MINEXTENTS 1 MAXEXTENTS 2147483645
  PCTINCREASE 0 FREELISTS 1 FREELIST GROUPS 1 BUFFER_POOL DEFAULT)
  TABLESPACE "USERS" ;
--------------------------------------------------------
--  DDL for Table VDIR_PAIS
--------------------------------------------------------

  CREATE TABLE "VDIRMP"."VDIR_PAIS" 
   (	"COD_PAIS" NUMBER(6,0), 
	"DES_PAIS" VARCHAR2(50 BYTE), 
	"COD_ESTADO" NUMBER(2,0), 
	"ABR_PAIS" VARCHAR2(4 BYTE)
   ) PCTFREE 10 PCTUSED 40 INITRANS 1 MAXTRANS 255 NOCOMPRESS LOGGING
  STORAGE(INITIAL 65536 NEXT 1048576 MINEXTENTS 1 MAXEXTENTS 2147483645
  PCTINCREASE 0 FREELISTS 1 FREELIST GROUPS 1 BUFFER_POOL DEFAULT)
  TABLESPACE "USERS" ;
--------------------------------------------------------
--  DDL for Table VDIR_PARAMETRO
--------------------------------------------------------

  CREATE TABLE "VDIRMP"."VDIR_PARAMETRO" 
   (	"COD_PARAMETRO" NUMBER(2,0), 
	"DES_PARAMETRO" VARCHAR2(50 BYTE), 
	"VALOR_PARAMETRO" VARCHAR2(2000 BYTE), 
	"COD_ESTADO" NUMBER(2,0)
   ) PCTFREE 10 PCTUSED 40 INITRANS 1 MAXTRANS 255 NOCOMPRESS LOGGING
  STORAGE(INITIAL 65536 NEXT 1048576 MINEXTENTS 1 MAXEXTENTS 2147483645
  PCTINCREASE 0 FREELISTS 1 FREELIST GROUPS 1 BUFFER_POOL DEFAULT)
  TABLESPACE "USERS" ;
--------------------------------------------------------
--  DDL for Table VDIR_PARENTESCO
--------------------------------------------------------

  CREATE TABLE "VDIRMP"."VDIR_PARENTESCO" 
   (	"COD_PARENTESCO" NUMBER(2,0), 
	"DES_PARENTESCO" VARCHAR2(50 BYTE), 
	"COD_ESTADO" NUMBER(2,0), 
	"ABR_PARENTESCO" VARCHAR2(2 BYTE)
   ) PCTFREE 10 PCTUSED 40 INITRANS 1 MAXTRANS 255 NOCOMPRESS LOGGING
  STORAGE(INITIAL 65536 NEXT 1048576 MINEXTENTS 1 MAXEXTENTS 2147483645
  PCTINCREASE 0 FREELISTS 1 FREELIST GROUPS 1 BUFFER_POOL DEFAULT)
  TABLESPACE "USERS" ;
--------------------------------------------------------
--  DDL for Table VDIR_PERSONA
--------------------------------------------------------

  CREATE TABLE "VDIRMP"."VDIR_PERSONA" 
   (	"COD_PERSONA" NUMBER(14,0), 
	"COD_TIPO_IDENTIFICACION" NUMBER(2,0), 
	"NUMERO_IDENTIFICACION" NUMBER(14,0), 
	"NOMBRE_1" VARCHAR2(50 BYTE), 
	"NOMBRE_2" VARCHAR2(50 BYTE), 
	"APELLIDO_1" VARCHAR2(50 BYTE), 
	"APELLIDO_2" VARCHAR2(50 BYTE), 
	"FECHA_NACIMIENTO" DATE, 
	"TELEFONO" VARCHAR2(12 BYTE), 
	"EMAIL" VARCHAR2(200 BYTE), 
	"DIRECCION" VARCHAR2(200 BYTE), 
	"COD_SEXO" NUMBER(2,0), 
	"COD_MUNICIPIO" NUMBER(6,0), 
	"FECHA_CREACION" DATE DEFAULT SYSDATE, 
	"COD_ESTADO" NUMBER(2,0), 
	"CELULAR" VARCHAR2(12 BYTE), 
	"COD_EPS" NUMBER, 
	"COD_ESTADO_CIVIL" NUMBER, 
	"IND_TIENE_MASCOTA" NUMBER
   ) PCTFREE 10 PCTUSED 40 INITRANS 1 MAXTRANS 255 NOCOMPRESS LOGGING
  STORAGE(INITIAL 65536 NEXT 1048576 MINEXTENTS 1 MAXEXTENTS 2147483645
  PCTINCREASE 0 FREELISTS 1 FREELIST GROUPS 1 BUFFER_POOL DEFAULT)
  TABLESPACE "USERS" ;
--------------------------------------------------------
--  DDL for Table VDIR_PERSONA_TIPOPER
--------------------------------------------------------

  CREATE TABLE "VDIRMP"."VDIR_PERSONA_TIPOPER" 
   (	"COD_PERSONA_TIPOPER" NUMBER(14,0), 
	"COD_PERSONA" NUMBER(14,0), 
	"COD_TIPO_PERSONA" NUMBER(2,0)
   ) PCTFREE 10 PCTUSED 40 INITRANS 1 MAXTRANS 255 NOCOMPRESS LOGGING
  STORAGE(INITIAL 65536 NEXT 1048576 MINEXTENTS 1 MAXEXTENTS 2147483645
  PCTINCREASE 0 FREELISTS 1 FREELIST GROUPS 1 BUFFER_POOL DEFAULT)
  TABLESPACE "USERS" ;
--------------------------------------------------------
--  DDL for Table VDIR_PLAN
--------------------------------------------------------

  CREATE TABLE "VDIRMP"."VDIR_PLAN" 
   (	"COD_PLAN" NUMBER(6,0), 
	"DES_PLAN" VARCHAR2(100 BYTE), 
	"COD_ESTADO" NUMBER(2,0)
   ) PCTFREE 10 PCTUSED 40 INITRANS 1 MAXTRANS 255 NOCOMPRESS LOGGING
  STORAGE(INITIAL 65536 NEXT 1048576 MINEXTENTS 1 MAXEXTENTS 2147483645
  PCTINCREASE 0 FREELISTS 1 FREELIST GROUPS 1 BUFFER_POOL DEFAULT)
  TABLESPACE "USERS" ;
--------------------------------------------------------
--  DDL for Table VDIR_PREGUNTA
--------------------------------------------------------

  CREATE TABLE "VDIRMP"."VDIR_PREGUNTA" 
   (	"COD_PREGUNTA" NUMBER(6,0), 
	"DES_PREGUNTA" VARCHAR2(4000 BYTE), 
	"COD_ENCUESTA" NUMBER(6,0), 
	"NUMERO_PREGUNTA" NUMBER(6,0), 
	"COD_MODULO" NUMBER(2,0)
   ) PCTFREE 10 PCTUSED 40 INITRANS 1 MAXTRANS 255 NOCOMPRESS LOGGING
  STORAGE(INITIAL 65536 NEXT 1048576 MINEXTENTS 1 MAXEXTENTS 2147483645
  PCTINCREASE 0 FREELISTS 1 FREELIST GROUPS 1 BUFFER_POOL DEFAULT)
  TABLESPACE "USERS" ;
--------------------------------------------------------
--  DDL for Table VDIR_PRODUCTO
--------------------------------------------------------

  CREATE TABLE "VDIRMP"."VDIR_PRODUCTO" 
   (	"COD_PRODUCTO" NUMBER(6,0), 
	"DES_PRODUCTO" VARCHAR2(100 BYTE), 
	"COD_ESTADO" NUMBER(2,0), 
	"DESCRIPCION" VARCHAR2(4000 BYTE)
   ) PCTFREE 10 PCTUSED 40 INITRANS 1 MAXTRANS 255 NOCOMPRESS LOGGING
  STORAGE(INITIAL 65536 NEXT 1048576 MINEXTENTS 1 MAXEXTENTS 2147483645
  PCTINCREASE 0 FREELISTS 1 FREELIST GROUPS 1 BUFFER_POOL DEFAULT)
  TABLESPACE "USERS" ;
--------------------------------------------------------
--  DDL for Table VDIR_PROGRAMA
--------------------------------------------------------

  CREATE TABLE "VDIRMP"."VDIR_PROGRAMA" 
   (	"COD_PROGRAMA" NUMBER(6,0), 
	"DES_PROGRAMA" VARCHAR2(100 BYTE), 
	"COD_PRODUCTO" NUMBER(6,0), 
	"COD_ESTADO" NUMBER(2,0), 
	"COD_IMPUESTO" NUMBER(2,0), 
	"URL_CONTRATO" VARCHAR2(500 BYTE)
   ) PCTFREE 10 PCTUSED 40 INITRANS 1 MAXTRANS 255 NOCOMPRESS LOGGING
  STORAGE(INITIAL 65536 NEXT 1048576 MINEXTENTS 1 MAXEXTENTS 2147483645
  PCTINCREASE 0 FREELISTS 1 FREELIST GROUPS 1 BUFFER_POOL DEFAULT)
  TABLESPACE "USERS" ;
 

   COMMENT ON COLUMN "VDIRMP"."VDIR_PROGRAMA"."URL_CONTRATO" IS 'Url del contrato en pdf ';
--------------------------------------------------------
--  DDL for Table VDIR_PROGRAMA_FILE
--------------------------------------------------------

  CREATE TABLE "VDIRMP"."VDIR_PROGRAMA_FILE" 
   (	"COD_PROGRAMA_FILE" NUMBER(16,0), 
	"COD_FILE" NUMBER(14,0), 
	"COD_PROGRAMA" NUMBER(16,0)
   ) PCTFREE 10 PCTUSED 40 INITRANS 1 MAXTRANS 255 NOCOMPRESS LOGGING
  STORAGE(INITIAL 65536 NEXT 1048576 MINEXTENTS 1 MAXEXTENTS 2147483645
  PCTINCREASE 0 FREELISTS 1 FREELIST GROUPS 1 BUFFER_POOL DEFAULT)
  TABLESPACE "USERS" ;
--------------------------------------------------------
--  DDL for Table VDIR_RESPUESTA
--------------------------------------------------------

  CREATE TABLE "VDIRMP"."VDIR_RESPUESTA" 
   (	"COD_RESPUESTA" NUMBER(6,0), 
	"DES_RESPUESTA" VARCHAR2(4000 BYTE), 
	"PUNTUACION" NUMBER(3,0), 
	"COD_PREGUNTA" NUMBER(6,0), 
	"NUMERO_RESPUESTA" NUMBER(6,0)
   ) PCTFREE 10 PCTUSED 40 INITRANS 1 MAXTRANS 255 NOCOMPRESS LOGGING
  STORAGE(INITIAL 65536 NEXT 1048576 MINEXTENTS 1 MAXEXTENTS 2147483645
  PCTINCREASE 0 FREELISTS 1 FREELIST GROUPS 1 BUFFER_POOL DEFAULT)
  TABLESPACE "USERS" ;
--------------------------------------------------------
--  DDL for Table VDIR_RESPUESTAS_MARCADAS
--------------------------------------------------------

  CREATE TABLE "VDIRMP"."VDIR_RESPUESTAS_MARCADAS" 
   (	"COD_RESPUESTAS_MARCADAS" NUMBER(16,0), 
	"COD_ENCUESTA_PERSONA" NUMBER(16,0), 
	"COD_RESPUESTA" NUMBER(6,0), 
	"VALOR_RESPUESTA" VARCHAR2(500 BYTE), 
	"COD_PREGUNTA" NUMBER(6,0)
   ) PCTFREE 10 PCTUSED 40 INITRANS 1 MAXTRANS 255 NOCOMPRESS LOGGING
  STORAGE(INITIAL 65536 NEXT 1048576 MINEXTENTS 1 MAXEXTENTS 2147483645
  PCTINCREASE 0 FREELISTS 1 FREELIST GROUPS 1 BUFFER_POOL DEFAULT)
  TABLESPACE "USERS" ;
--------------------------------------------------------
--  DDL for Table VDIR_ROL
--------------------------------------------------------

  CREATE TABLE "VDIRMP"."VDIR_ROL" 
   (	"COD_ROL" NUMBER(2,0), 
	"DES_ROL" VARCHAR2(50 BYTE), 
	"COD_ESTADO" NUMBER(2,0)
   ) PCTFREE 10 PCTUSED 40 INITRANS 1 MAXTRANS 255 NOCOMPRESS LOGGING
  STORAGE(INITIAL 65536 NEXT 1048576 MINEXTENTS 1 MAXEXTENTS 2147483645
  PCTINCREASE 0 FREELISTS 1 FREELIST GROUPS 1 BUFFER_POOL DEFAULT)
  TABLESPACE "USERS" ;
--------------------------------------------------------
--  DDL for Table VDIR_ROL_USUARIO
--------------------------------------------------------

  CREATE TABLE "VDIRMP"."VDIR_ROL_USUARIO" 
   (	"COD_ROL_USUARIO" NUMBER(6,0), 
	"COD_USUARIO" NUMBER(14,0), 
	"COD_ROL" NUMBER(2,0)
   ) PCTFREE 10 PCTUSED 40 INITRANS 1 MAXTRANS 255 NOCOMPRESS LOGGING
  STORAGE(INITIAL 65536 NEXT 1048576 MINEXTENTS 1 MAXEXTENTS 2147483645
  PCTINCREASE 0 FREELISTS 1 FREELIST GROUPS 1 BUFFER_POOL DEFAULT)
  TABLESPACE "USERS" ;
--------------------------------------------------------
--  DDL for Table VDIR_SEGURO
--------------------------------------------------------

  CREATE TABLE "VDIRMP"."VDIR_SEGURO" 
   (	"COD_SEGURO" NUMBER(2,0), 
	"DES_SEGURO" VARCHAR2(50 BYTE), 
	"COD_PROGRAMA" NUMBER(2,0), 
	"VALOR" NUMBER(14,0), 
	"COD_ESTADO" NUMBER(2,0)
   ) PCTFREE 10 PCTUSED 40 INITRANS 1 MAXTRANS 255 NOCOMPRESS LOGGING
  STORAGE(INITIAL 65536 NEXT 1048576 MINEXTENTS 1 MAXEXTENTS 2147483645
  PCTINCREASE 0 FREELISTS 1 FREELIST GROUPS 1 BUFFER_POOL DEFAULT)
  TABLESPACE "USERS" ;
--------------------------------------------------------
--  DDL for Table VDIR_SEXO
--------------------------------------------------------

  CREATE TABLE "VDIRMP"."VDIR_SEXO" 
   (	"COD_SEXO" NUMBER(2,0), 
	"DES_SEXO" VARCHAR2(10 BYTE), 
	"COD_ESTADO" NUMBER(2,0), 
	"DES_ABR" VARCHAR2(10 BYTE)
   ) PCTFREE 10 PCTUSED 40 INITRANS 1 MAXTRANS 255 NOCOMPRESS LOGGING
  STORAGE(INITIAL 65536 NEXT 1048576 MINEXTENTS 1 MAXEXTENTS 2147483645
  PCTINCREASE 0 FREELISTS 1 FREELIST GROUPS 1 BUFFER_POOL DEFAULT)
  TABLESPACE "USERS" ;
--------------------------------------------------------
--  DDL for Table VDIR_TARIFA
--------------------------------------------------------

  CREATE TABLE "VDIRMP"."VDIR_TARIFA" 
   (	"COD_TARIFA" NUMBER(14,0), 
	"COD_PROGRAMA" NUMBER(6,0), 
	"COD_PLAN" NUMBER(6,0), 
	"VALOR" NUMBER(16,0), 
	"COD_ESTADO" NUMBER(2,0), 
	"COD_IMPUESTO" NUMBER(2,0), 
	"COD_PRODUCTO" NUMBER(6,0), 
	"COD_TIPO_TARIFA" NUMBER
   ) PCTFREE 10 PCTUSED 40 INITRANS 1 MAXTRANS 255 NOCOMPRESS LOGGING
  STORAGE(INITIAL 65536 NEXT 1048576 MINEXTENTS 1 MAXEXTENTS 2147483645
  PCTINCREASE 0 FREELISTS 1 FREELIST GROUPS 1 BUFFER_POOL DEFAULT)
  TABLESPACE "USERS" ;
--------------------------------------------------------
--  DDL for Table VDIR_TIPO_FILE
--------------------------------------------------------

  CREATE TABLE "VDIRMP"."VDIR_TIPO_FILE" 
   (	"COD_TIPO_FILE" NUMBER(2,0), 
	"DES_TIPO_FILE" VARCHAR2(50 BYTE), 
	"COD_ESTADO" NUMBER(2,0)
   ) PCTFREE 10 PCTUSED 40 INITRANS 1 MAXTRANS 255 NOCOMPRESS LOGGING
  STORAGE(INITIAL 65536 NEXT 1048576 MINEXTENTS 1 MAXEXTENTS 2147483645
  PCTINCREASE 0 FREELISTS 1 FREELIST GROUPS 1 BUFFER_POOL DEFAULT)
  TABLESPACE "USERS" ;
--------------------------------------------------------
--  DDL for Table VDIR_TIPO_IDENTIFICACION
--------------------------------------------------------

  CREATE TABLE "VDIRMP"."VDIR_TIPO_IDENTIFICACION" 
   (	"COD_TIPO_IDENTIFICACION" NUMBER(2,0), 
	"DES_TIPO_IDENTIFICACION" VARCHAR2(50 BYTE), 
	"COD_ESTADO" NUMBER(2,0), 
	"DES_ABR" VARCHAR2(10 BYTE)
   ) PCTFREE 10 PCTUSED 40 INITRANS 1 MAXTRANS 255 NOCOMPRESS LOGGING
  STORAGE(INITIAL 65536 NEXT 1048576 MINEXTENTS 1 MAXEXTENTS 2147483645
  PCTINCREASE 0 FREELISTS 1 FREELIST GROUPS 1 BUFFER_POOL DEFAULT)
  TABLESPACE "USERS" ;
--------------------------------------------------------
--  DDL for Table VDIR_TIPO_PAGO
--------------------------------------------------------

  CREATE TABLE "VDIRMP"."VDIR_TIPO_PAGO" 
   (	"COD_TIPO_PAGO" NUMBER(2,0), 
	"DES_TIPO_PAGO" VARCHAR2(50 BYTE), 
	"COD_ESTADO" NUMBER(2,0)
   ) PCTFREE 10 PCTUSED 40 INITRANS 1 MAXTRANS 255 NOCOMPRESS LOGGING
  STORAGE(INITIAL 65536 NEXT 1048576 MINEXTENTS 1 MAXEXTENTS 2147483645
  PCTINCREASE 0 FREELISTS 1 FREELIST GROUPS 1 BUFFER_POOL DEFAULT)
  TABLESPACE "USERS" ;
--------------------------------------------------------
--  DDL for Table VDIR_TIPO_PERSONA
--------------------------------------------------------

  CREATE TABLE "VDIRMP"."VDIR_TIPO_PERSONA" 
   (	"COD_TIPO_PERSONA" NUMBER(2,0), 
	"DES_TIPO_PERSONA" VARCHAR2(50 BYTE), 
	"COD_ESTADO" NUMBER(2,0)
   ) PCTFREE 10 PCTUSED 40 INITRANS 1 MAXTRANS 255 NOCOMPRESS LOGGING
  STORAGE(INITIAL 65536 NEXT 1048576 MINEXTENTS 1 MAXEXTENTS 2147483645
  PCTINCREASE 0 FREELISTS 1 FREELIST GROUPS 1 BUFFER_POOL DEFAULT)
  TABLESPACE "USERS" ;
--------------------------------------------------------
--  DDL for Table VDIR_TIPO_SOLICITUD
--------------------------------------------------------

  CREATE TABLE "VDIRMP"."VDIR_TIPO_SOLICITUD" 
   (	"COD_TIPO_SOLICITUD" NUMBER(2,0), 
	"DES_TIPO_SOLICITUD" VARCHAR2(50 BYTE), 
	"COD_ESTADO" NUMBER(2,0)
   ) PCTFREE 10 PCTUSED 40 INITRANS 1 MAXTRANS 255 NOCOMPRESS LOGGING
  STORAGE(INITIAL 65536 NEXT 1048576 MINEXTENTS 1 MAXEXTENTS 2147483645
  PCTINCREASE 0 FREELISTS 1 FREELIST GROUPS 1 BUFFER_POOL DEFAULT)
  TABLESPACE "USERS" ;
--------------------------------------------------------
--  DDL for Table VDIR_TIPO_TARIFA
--------------------------------------------------------

  CREATE TABLE "VDIRMP"."VDIR_TIPO_TARIFA" 
   (	"COD_TIPO_TARIFA" NUMBER(2,0), 
	"DES_TIPO_TARIFA" VARCHAR2(50 BYTE), 
	"COD_ESTADO" NUMBER(2,0)
   ) PCTFREE 10 PCTUSED 40 INITRANS 1 MAXTRANS 255 NOCOMPRESS LOGGING
  STORAGE(INITIAL 65536 NEXT 1048576 MINEXTENTS 1 MAXEXTENTS 2147483645
  PCTINCREASE 0 FREELISTS 1 FREELIST GROUPS 1 BUFFER_POOL DEFAULT)
  TABLESPACE "USERS" ;
--------------------------------------------------------
--  DDL for Table VDIR_TIPO_VIA
--------------------------------------------------------

  CREATE TABLE "VDIRMP"."VDIR_TIPO_VIA" 
   (	"COD_TIPO_VIA" NUMBER, 
	"DES_TIPO_VIA" VARCHAR2(50 BYTE), 
	"COD_ESTADO" NUMBER, 
	"ABR_TIPO_VIA" VARCHAR2(4 BYTE)
   ) PCTFREE 10 PCTUSED 40 INITRANS 1 MAXTRANS 255 NOCOMPRESS LOGGING
  STORAGE(INITIAL 65536 NEXT 1048576 MINEXTENTS 1 MAXEXTENTS 2147483645
  PCTINCREASE 0 FREELISTS 1 FREELIST GROUPS 1 BUFFER_POOL DEFAULT)
  TABLESPACE "USERS" ;
--------------------------------------------------------
--  DDL for Table VDIR_USUARIO
--------------------------------------------------------

  CREATE TABLE "VDIRMP"."VDIR_USUARIO" 
   (	"COD_USUARIO" NUMBER(14,0), 
	"LOGIN" VARCHAR2(50 BYTE), 
	"CLAVE" VARCHAR2(100 BYTE), 
	"COD_PERSONA" NUMBER(14,0), 
	"COD_ESTADO" NUMBER(2,0), 
	"CODIGO_SEGURIDAD" NUMBER(6,0), 
	"COD_PLAN" NUMBER(2,0)
   ) PCTFREE 10 PCTUSED 40 INITRANS 1 MAXTRANS 255 NOCOMPRESS LOGGING
  STORAGE(INITIAL 65536 NEXT 1048576 MINEXTENTS 1 MAXEXTENTS 2147483645
  PCTINCREASE 0 FREELISTS 1 FREELIST GROUPS 1 BUFFER_POOL DEFAULT)
  TABLESPACE "USERS" ;
REM INSERTING into VDIRMP."BIN$uPY5smBzT5CXhVfOPrsBMw==$0"
SET DEFINE OFF;
REM INSERTING into VDIRMP.VDIR_AFILIACION
SET DEFINE OFF;
REM INSERTING into VDIRMP.VDIR_AFILIACION_AUDITORIA
SET DEFINE OFF;
REM INSERTING into VDIRMP.VDIR_BARRIO
SET DEFINE OFF;
REM INSERTING into VDIRMP.VDIR_BENEFICIARIO_PROGRAMA
SET DEFINE OFF;
REM INSERTING into VDIRMP.VDIR_COMUNA
SET DEFINE OFF;
REM INSERTING into VDIRMP.VDIR_CONTRATANTE_BENEFICIARIO
SET DEFINE OFF;
REM INSERTING into VDIRMP.VDIR_DEPARTAMENTO
SET DEFINE OFF;
Insert into VDIRMP.VDIR_DEPARTAMENTO (COD_DEPARTAMENTO,COD_PAIS,DES_DEPARTAMENTO,COD_ESTADO) values ('1','36','Valle','1');
Insert into VDIRMP.VDIR_DEPARTAMENTO (COD_DEPARTAMENTO,COD_PAIS,DES_DEPARTAMENTO,COD_ESTADO) values ('2','36','Cauca','1');
REM INSERTING into VDIRMP.VDIR_ENCUESTA
SET DEFINE OFF;
Insert into VDIRMP.VDIR_ENCUESTA (COD_ENCUESTA,DES_ENCUESTA,OBSERVACION) values ('1','Sarlaf','Encuesta de sarlaf');
Insert into VDIRMP.VDIR_ENCUESTA (COD_ENCUESTA,DES_ENCUESTA,OBSERVACION) values ('2','Estado de salud','Encuesta para saber el estado de salud');
REM INSERTING into VDIRMP.VDIR_ENCUESTA_PERSONA
SET DEFINE OFF;
Insert into VDIRMP.VDIR_ENCUESTA_PERSONA (COD_ENCUESTA_PERSONA,COD_AFILIACION,COD_ENCUESTA,FECHA_CREACION,COD_PERSONA) values ('53','1','1',to_date('14/12/18','DD/MM/RR'),null);
Insert into VDIRMP.VDIR_ENCUESTA_PERSONA (COD_ENCUESTA_PERSONA,COD_AFILIACION,COD_ENCUESTA,FECHA_CREACION,COD_PERSONA) values ('54','2','1',to_date('14/12/18','DD/MM/RR'),null);
REM INSERTING into VDIRMP.VDIR_EPS
SET DEFINE OFF;
Insert into VDIRMP.VDIR_EPS (COD_EPS,DES_EPS,COD_ESTADO,SIGLA_EPS) values ('43','S.O.S SALUD','1','ENTIDAD PROMOTORA DE SALUD SERVICIO OCCIDENTAL DE SALUD S.A. S.O.S.');
Insert into VDIRMP.VDIR_EPS (COD_EPS,DES_EPS,COD_ESTADO,SIGLA_EPS) values ('44','CRUZ BLANCA','1','CRUZ BLANCA ENTIDAD PROMOTORA DE SALUD S.A.');
Insert into VDIRMP.VDIR_EPS (COD_EPS,DES_EPS,COD_ESTADO,SIGLA_EPS) values ('46','NUEVA EPS','1','NUEVA EPS S.A.');
Insert into VDIRMP.VDIR_EPS (COD_EPS,DES_EPS,COD_ESTADO,SIGLA_EPS) values ('47','GOLDEN GROUP','1','GOLDEN GROUP S.A. ENTIDAD PROMOTORA DE');
Insert into VDIRMP.VDIR_EPS (COD_EPS,DES_EPS,COD_ESTADO,SIGLA_EPS) values ('49','UNIVALLE SALUD','1','UNIVERSIDAD DEL VALLE SERVICIO DE SALUD');
Insert into VDIRMP.VDIR_EPS (COD_EPS,DES_EPS,COD_ESTADO,SIGLA_EPS) values ('50','UNINACIONAL SALUD','1','UNIDAD DE SERVICIOS DE SALUD UNISALUD DE LA UNIVERSIDAD NACIONAL DE COLOMBIA');
Insert into VDIRMP.VDIR_EPS (COD_EPS,DES_EPS,COD_ESTADO,SIGLA_EPS) values ('51','UNICAUCA SALUD','1','UNIVERSIDAD DEL CAUCA UNIDAD DE SALUD');
Insert into VDIRMP.VDIR_EPS (COD_EPS,DES_EPS,COD_ESTADO,SIGLA_EPS) values ('57','SANIDAD POLICIA NACIONAL','1','DIRECCION DE SANIDAD POLICIA NACIONAL');
Insert into VDIRMP.VDIR_EPS (COD_EPS,DES_EPS,COD_ESTADO,SIGLA_EPS) values ('58','ECOPETROL','1','ECOPETROL S.A');
Insert into VDIRMP.VDIR_EPS (COD_EPS,DES_EPS,COD_ESTADO,SIGLA_EPS) values ('61','SALUDCOOP','1','SALUDCOOP EPS');
Insert into VDIRMP.VDIR_EPS (COD_EPS,DES_EPS,COD_ESTADO,SIGLA_EPS) values ('62','UNIATLANTICO','1','UNIDAD DE SALUD DE LA UNIVERSIDAD DEL ATLANTICO');
Insert into VDIRMP.VDIR_EPS (COD_EPS,DES_EPS,COD_ESTADO,SIGLA_EPS) values ('63','SALUD VIDA','1','SALUD VIDA S.A. ENTIDAD PROMOTORA DE SALUD');
Insert into VDIRMP.VDIR_EPS (COD_EPS,DES_EPS,COD_ESTADO,SIGLA_EPS) values ('68','AIC CM','1','ASOCIACIÓN INDÍGENA DEL CAUCA - AIC -CM');
Insert into VDIRMP.VDIR_EPS (COD_EPS,DES_EPS,COD_ESTADO,SIGLA_EPS) values ('73','SANA','1','BARRANQUILLA SANA E.P.S');
Insert into VDIRMP.VDIR_EPS (COD_EPS,DES_EPS,COD_ESTADO,SIGLA_EPS) values ('74','BONSALUD','1','BONSALUD S.A. E.P.S.');
Insert into VDIRMP.VDIR_EPS (COD_EPS,DES_EPS,COD_ESTADO,SIGLA_EPS) values ('79','CAJANAL','1','CAJANAL E.P.S');
Insert into VDIRMP.VDIR_EPS (COD_EPS,DES_EPS,COD_ESTADO,SIGLA_EPS) values ('80','CALISALUD','1','CALISALUD E.P.S.');
Insert into VDIRMP.VDIR_EPS (COD_EPS,DES_EPS,COD_ESTADO,SIGLA_EPS) values ('85','CJ.PREV.DE NTE./STANDER','1','CJ.DPTAL.PREV.DE NTE./STANDER');
Insert into VDIRMP.VDIR_EPS (COD_EPS,DES_EPS,COD_ESTADO,SIGLA_EPS) values ('86','CJ.PREV.SUPERINTEND.BANCARIA','1','CJ.PR.SOC.SUPERINTEND.BANCARIA');
Insert into VDIRMP.VDIR_EPS (COD_EPS,DES_EPS,COD_ESTADO,SIGLA_EPS) values ('88','CJ.PREV.SOC.ARAUCA','1','CJ.PREV.SOC.ARAUCA');
Insert into VDIRMP.VDIR_EPS (COD_EPS,DES_EPS,COD_ESTADO,SIGLA_EPS) values ('89','CJ.PREV.SOC.DE BOYACA','1','CJ.PREV.SOC.DE BOYACA');
Insert into VDIRMP.VDIR_EPS (COD_EPS,DES_EPS,COD_ESTADO,SIGLA_EPS) values ('90','CJ.PREV.SOC.DEPTAL DEL CAUCA','1','CJ.PREV.SOC.DEPTAL DEL CAUCA');
Insert into VDIRMP.VDIR_EPS (COD_EPS,DES_EPS,COD_ESTADO,SIGLA_EPS) values ('92','CJ.PREV.SOC.MUN.DE IBAGUE','1','CJ.PREV.SOC.MUN.DE IBAGUE');
Insert into VDIRMP.VDIR_EPS (COD_EPS,DES_EPS,COD_ESTADO,SIGLA_EPS) values ('93','CJ.PREV.SOC.NARIÑO','1','CJ.PREV.SOC.NARIÑO');
Insert into VDIRMP.VDIR_EPS (COD_EPS,DES_EPS,COD_ESTADO,SIGLA_EPS) values ('94','CJ.PREV.SOC.SANTIAGO DE CALI','1','CJ.PREV.SOC.SANTIAGO DE CALI');
Insert into VDIRMP.VDIR_EPS (COD_EPS,DES_EPS,COD_ESTADO,SIGLA_EPS) values ('95','CJ.PREV.SOC.U.I.SANTANDER','1','CJ.PREV.SOC.U.I.SANTANDER');
Insert into VDIRMP.VDIR_EPS (COD_EPS,DES_EPS,COD_ESTADO,SIGLA_EPS) values ('96','CJ.PREV.SOC.UNIV.DEL CAUCA','1','CJ.PREV.SOC.UNIV.DEL CAUCA');
Insert into VDIRMP.VDIR_EPS (COD_EPS,DES_EPS,COD_ESTADO,SIGLA_EPS) values ('97','CJ.PREV.SOC.UNIVERS.NACIONAL','1','CJ.PREV.SOC.UNIVERS.NACIONAL');
Insert into VDIRMP.VDIR_EPS (COD_EPS,DES_EPS,COD_ESTADO,SIGLA_EPS) values ('100','COLSEGUROS','1','COLSEGUROS E.P.S');
Insert into VDIRMP.VDIR_EPS (COD_EPS,DES_EPS,COD_ESTADO,SIGLA_EPS) values ('101','COMCAJA','1','COMCAJA C.COMP.FLIAR CAMPESINA');
Insert into VDIRMP.VDIR_EPS (COD_EPS,DES_EPS,COD_ESTADO,SIGLA_EPS) values ('102','COMFAMILIAR','1','COMFAMILIAR CAMACOL CAJA COMPE');
Insert into VDIRMP.VDIR_EPS (COD_EPS,DES_EPS,COD_ESTADO,SIGLA_EPS) values ('105','CONGRESO','1','CONGRESO DE LA REPUBLICA');
Insert into VDIRMP.VDIR_EPS (COD_EPS,DES_EPS,COD_ESTADO,SIGLA_EPS) values ('106','CONSALUD','1','CONSALUD');
Insert into VDIRMP.VDIR_EPS (COD_EPS,DES_EPS,COD_ESTADO,SIGLA_EPS) values ('108','COOMEVA','1','COOMEVA EPS. SA (PAGO N.Y)');
Insert into VDIRMP.VDIR_EPS (COD_EPS,DES_EPS,COD_ESTADO,SIGLA_EPS) values ('111','CORP.ELECTR.COSTA ATLANTICA','1','CORP.ELECTR.COSTA ATLANTICA');
Insert into VDIRMP.VDIR_EPS (COD_EPS,DES_EPS,COD_ESTADO,SIGLA_EPS) values ('112','CORPORANONIMAS','1','CORPORANONIMAS E.P.S');
Insert into VDIRMP.VDIR_EPS (COD_EPS,DES_EPS,COD_ESTADO,SIGLA_EPS) values ('114','DEPTO.MEDICO Y ODONTOLOGICO','1','DEPTO.MEDICO Y ODONTOLOGICO');
Insert into VDIRMP.VDIR_EPS (COD_EPS,DES_EPS,COD_ESTADO,SIGLA_EPS) values ('115','CONDOR','1','E.P.S CONDOR S.A.');
Insert into VDIRMP.VDIR_EPS (COD_EPS,DES_EPS,COD_ESTADO,SIGLA_EPS) values ('117','COMFENALCO','1','E.P.S. COMFENALCO ANTIOQUIA');
Insert into VDIRMP.VDIR_EPS (COD_EPS,DES_EPS,COD_ESTADO,SIGLA_EPS) values ('119','EPS RISARALDA','1','E.P.S. RISARALDA LTDA');
Insert into VDIRMP.VDIR_EPS (COD_EPS,DES_EPS,COD_ESTADO,SIGLA_EPS) values ('126','EMPRESAS PUB MEDELLIN','1','EPM - EMPRESAS PUBLICAS DE MEDELLIN');
Insert into VDIRMP.VDIR_EPS (COD_EPS,DES_EPS,COD_ESTADO,SIGLA_EPS) values ('127','EPS ARUBA','1','EPS ARUBA');
Insert into VDIRMP.VDIR_EPS (COD_EPS,DES_EPS,COD_ESTADO,SIGLA_EPS) values ('129','SURAMERICANA','1','SURAMERICANA S.A. EPS Y MP');
Insert into VDIRMP.VDIR_EPS (COD_EPS,DES_EPS,COD_ESTADO,SIGLA_EPS) values ('130','FONDO SALUD UNICORDOBA','1','FONDO DE SALUD UNIV. CORDOBA');
Insert into VDIRMP.VDIR_EPS (COD_EPS,DES_EPS,COD_ESTADO,SIGLA_EPS) values ('131','FONDO FERROCARRILES','1','FONDO FERROCARRILES NACIONALES');
Insert into VDIRMP.VDIR_EPS (COD_EPS,DES_EPS,COD_ESTADO,SIGLA_EPS) values ('132','FUERZAS ARMADAS','1','FUERZAS ARMADAS');
Insert into VDIRMP.VDIR_EPS (COD_EPS,DES_EPS,COD_ESTADO,SIGLA_EPS) values ('134','HUMANA','1','HUMANA VIVIR S.A. E.P.S.');
Insert into VDIRMP.VDIR_EPS (COD_EPS,DES_EPS,COD_ESTADO,SIGLA_EPS) values ('135','ISS EPS','1','I.S.S. E.P.S. S.A.');
Insert into VDIRMP.VDIR_EPS (COD_EPS,DES_EPS,COD_ESTADO,SIGLA_EPS) values ('136','IND LICORERA','1','IND.LICORERA CALDAS SER.MEDICO');
Insert into VDIRMP.VDIR_EPS (COD_EPS,DES_EPS,COD_ESTADO,SIGLA_EPS) values ('137','INCORA','1','INST.CLMBNO.REFORMA AGRARIA');
Insert into VDIRMP.VDIR_EPS (COD_EPS,DES_EPS,COD_ESTADO,SIGLA_EPS) values ('139','MAGISTERIO','1','MAGISTERIO');
Insert into VDIRMP.VDIR_EPS (COD_EPS,DES_EPS,COD_ESTADO,SIGLA_EPS) values ('140','MEDICOL','1','MEDICOL SALUD');
Insert into VDIRMP.VDIR_EPS (COD_EPS,DES_EPS,COD_ESTADO,SIGLA_EPS) values ('141','METROPOLITANA','1','METROPOLITANA DE SALUD');
Insert into VDIRMP.VDIR_EPS (COD_EPS,DES_EPS,COD_ESTADO,SIGLA_EPS) values ('142','MULTIMEDICAS','1','MULTIMEDICAS SALUD EPS S.A.');
Insert into VDIRMP.VDIR_EPS (COD_EPS,DES_EPS,COD_ESTADO,SIGLA_EPS) values ('144','RED SALUD','1','RED SALUD ATENCION HUMANA EPS');
Insert into VDIRMP.VDIR_EPS (COD_EPS,DES_EPS,COD_ESTADO,SIGLA_EPS) values ('145','RESIDENTE EN EL EXTERIOR','1','RESIDENTE EN EL EXTERIOR');
Insert into VDIRMP.VDIR_EPS (COD_EPS,DES_EPS,COD_ESTADO,SIGLA_EPS) values ('146','COLPATRIA','1','SALUD COLPATRIA E.P.S.');
Insert into VDIRMP.VDIR_EPS (COD_EPS,DES_EPS,COD_ESTADO,SIGLA_EPS) values ('148','SALUDCOLOMBIA','1','SALUDCOLOMBIA ENTIDAD PROM.SAL');
Insert into VDIRMP.VDIR_EPS (COD_EPS,DES_EPS,COD_ESTADO,SIGLA_EPS) values ('151','SAVIA','1','SAVIA SALUD EPS');
Insert into VDIRMP.VDIR_EPS (COD_EPS,DES_EPS,COD_ESTADO,SIGLA_EPS) values ('152','SELVA','1','SELVA SALUD S.A E.P.S');
Insert into VDIRMP.VDIR_EPS (COD_EPS,DES_EPS,COD_ESTADO,SIGLA_EPS) values ('4','COMFACOR CORDOBA','1','COMFACOR EPS-CCF DE CÓRDOBA');
Insert into VDIRMP.VDIR_EPS (COD_EPS,DES_EPS,COD_ESTADO,SIGLA_EPS) values ('11','CAJACOPI ATLANTIO','1','CAJACOPI ATLÁNTICO —CCF');
Insert into VDIRMP.VDIR_EPS (COD_EPS,DES_EPS,COD_ESTADO,SIGLA_EPS) values ('13','COMFACHOCO','1','COMFACHOCO-CCF DEL CHOCÓ');
Insert into VDIRMP.VDIR_EPS (COD_EPS,DES_EPS,COD_ESTADO,SIGLA_EPS) values ('14','CAPRECOM','1','CAJA DE PREVISIÓN SOCIAL DE COMUNICACIONES EPS CAPRECOM');
Insert into VDIRMP.VDIR_EPS (COD_EPS,DES_EPS,COD_ESTADO,SIGLA_EPS) values ('15','CONVIDA','1','ENTIDAD ADMINISTRADORA DE RÉGIMEN SUBSIDIADO CONVIDA');
Insert into VDIRMP.VDIR_EPS (COD_EPS,DES_EPS,COD_ESTADO,SIGLA_EPS) values ('16','CAPRESOCA','1','CAPRESOCA EPS');
Insert into VDIRMP.VDIR_EPS (COD_EPS,DES_EPS,COD_ESTADO,SIGLA_EPS) values ('18','CABILDO ZENU','1','ASOCIACIÓN DE CABILDOS INDÍGENAS DEL RESGUARDO INDÍGENA ZENÚ DE SAN AN');
Insert into VDIRMP.VDIR_EPS (COD_EPS,DES_EPS,COD_ESTADO,SIGLA_EPS) values ('21','MALLAMAS EPSI','1','ENTIDAD PROMOTORA DE SALUD MALLAMAS EPSI');
Insert into VDIRMP.VDIR_EPS (COD_EPS,DES_EPS,COD_ESTADO,SIGLA_EPS) values ('23','CAFESALUD','1','CAFESALUD EPS');
Insert into VDIRMP.VDIR_EPS (COD_EPS,DES_EPS,COD_ESTADO,SIGLA_EPS) values ('24','SALUD VIDA','1','SALUD VIDA EPS');
Insert into VDIRMP.VDIR_EPS (COD_EPS,DES_EPS,COD_ESTADO,SIGLA_EPS) values ('25','CAPITAL SALUD','1','CAPITAL SALUD EPSS S.A.S.');
Insert into VDIRMP.VDIR_EPS (COD_EPS,DES_EPS,COD_ESTADO,SIGLA_EPS) values ('26','EMDISAL','1','EMPRESA MUTUAL PARA EL DESARROLLO INTEGRAL DE LA SALUD E.S.S. "EMDISAL');
Insert into VDIRMP.VDIR_EPS (COD_EPS,DES_EPS,COD_ESTADO,SIGLA_EPS) values ('27','COOSALUD','1','COOSALUD E.S.S. COOPERATIVA DE SALUD Y DESARROLLO INTEGRAL DE LA ZONA');
Insert into VDIRMP.VDIR_EPS (COD_EPS,DES_EPS,COD_ESTADO,SIGLA_EPS) values ('28','ASMED SALUD','1','ASOCIACIÓN MUTUAL LA ESPERANZA "ASMET SALUD"');
Insert into VDIRMP.VDIR_EPS (COD_EPS,DES_EPS,COD_ESTADO,SIGLA_EPS) values ('29','AMBUQ','1','ASOCIACIÓN MUTUAL BARRIOS UNIDOS DE QUIBDÓ E.S.S. "AMBUQ"');
Insert into VDIRMP.VDIR_EPS (COD_EPS,DES_EPS,COD_ESTADO,SIGLA_EPS) values ('31','EMSSANAR','1','ASOCIACIÓN MUTUAL EMPRESA SOLIDARIA DE SALUD DE NARIÑO ESS "EMSSANAR E"');
Insert into VDIRMP.VDIR_EPS (COD_EPS,DES_EPS,COD_ESTADO,SIGLA_EPS) values ('32','COMPARTA','1','COOPERATIVA DE SALUD COMUNITARIA "COMPARTA"');
Insert into VDIRMP.VDIR_EPS (COD_EPS,DES_EPS,COD_ESTADO,SIGLA_EPS) values ('33','MUTUAL SER','1','ASOCIACIÓN MUTUAL SER EMPRESA SOLIDARIA DE SALUD ESS');
Insert into VDIRMP.VDIR_EPS (COD_EPS,DES_EPS,COD_ESTADO,SIGLA_EPS) values ('34','ALIANSALUD','1','ALIANSALUD ENTIDAD PROMOTORA DE SALUD S.A.');
Insert into VDIRMP.VDIR_EPS (COD_EPS,DES_EPS,COD_ESTADO,SIGLA_EPS) values ('35','SALUD TOTAL','1','SALUD TOTAL S.A. ENTIDAD PROMOTORA DE SALUD');
Insert into VDIRMP.VDIR_EPS (COD_EPS,DES_EPS,COD_ESTADO,SIGLA_EPS) values ('37','SANITAS','1','ENTIDAD PROMOTORA DE SALUD SANITAS');
Insert into VDIRMP.VDIR_EPS (COD_EPS,DES_EPS,COD_ESTADO,SIGLA_EPS) values ('38','COMPENSAR','1','COMPENSAR ENTIDAD PROMOTORA DE SALUD');
Insert into VDIRMP.VDIR_EPS (COD_EPS,DES_EPS,COD_ESTADO,SIGLA_EPS) values ('40','COMFENALCO','1','COMFENALCO VALLE EPS');
Insert into VDIRMP.VDIR_EPS (COD_EPS,DES_EPS,COD_ESTADO,SIGLA_EPS) values ('41','COOMEVA','1','COOMEVA EPS. S.A.');
Insert into VDIRMP.VDIR_EPS (COD_EPS,DES_EPS,COD_ESTADO,SIGLA_EPS) values ('42','FAMISANAR','1','EPS FAMISANAR LTDA.');
Insert into VDIRMP.VDIR_EPS (COD_EPS,DES_EPS,COD_ESTADO,SIGLA_EPS) values ('153','SENA','1','SENA SERVICIO MEDICO ASISTENCI');
Insert into VDIRMP.VDIR_EPS (COD_EPS,DES_EPS,COD_ESTADO,SIGLA_EPS) values ('154','SER.CORP.AUTONOMA RGNAL VALLE','1','SER.CORP.AUTONOMA RGNAL VALLE');
Insert into VDIRMP.VDIR_EPS (COD_EPS,DES_EPS,COD_ESTADO,SIGLA_EPS) values ('155','SERV.MED.UNIVERS.DE CALDAS','1','SERV.MED.UNIVERS.DE CALDAS');
Insert into VDIRMP.VDIR_EPS (COD_EPS,DES_EPS,COD_ESTADO,SIGLA_EPS) values ('157','SOCIAL SECURITY','1','SOCIAL SECURITY');
Insert into VDIRMP.VDIR_EPS (COD_EPS,DES_EPS,COD_ESTADO,SIGLA_EPS) values ('158','SOLSALUD','1','SOLSALUD E.P.S. S.A.');
Insert into VDIRMP.VDIR_EPS (COD_EPS,DES_EPS,COD_ESTADO,SIGLA_EPS) values ('160','UNIMEC','1','UNIMEC E.P.S S.A');
Insert into VDIRMP.VDIR_EPS (COD_EPS,DES_EPS,COD_ESTADO,SIGLA_EPS) values ('161','UNIANTIOQUIA','1','UNIVERSIDAD DE ANTIOQUIA');
Insert into VDIRMP.VDIR_EPS (COD_EPS,DES_EPS,COD_ESTADO,SIGLA_EPS) values ('162','EPS PIJAO SALUD EPSI         ','1','EPS PIJAO SALUD EPSI         ');
Insert into VDIRMP.VDIR_EPS (COD_EPS,DES_EPS,COD_ESTADO,SIGLA_EPS) values ('164','EAS CALI','1','EAS MUNICIPIO DE CALI');
Insert into VDIRMP.VDIR_EPS (COD_EPS,DES_EPS,COD_ESTADO,SIGLA_EPS) values ('166','EPS MEDIMAS','1','EPS MEDIMAS');
Insert into VDIRMP.VDIR_EPS (COD_EPS,DES_EPS,COD_ESTADO,SIGLA_EPS) values ('167','EPS MEDIMAS SUBSIDIADO','1','EPS MEDIMAS SUBSIDIADO');
Insert into VDIRMP.VDIR_EPS (COD_EPS,DES_EPS,COD_ESTADO,SIGLA_EPS) values ('168','UT SERVISALUD SAN JOSE','1','UT SERVISALUD SAN JOSE');
Insert into VDIRMP.VDIR_EPS (COD_EPS,DES_EPS,COD_ESTADO,SIGLA_EPS) values ('169','CAJA PREV. S. UNIV. CARTAGENA','1','CAJA PREV. S. UNIV. CARTAGENA');
Insert into VDIRMP.VDIR_EPS (COD_EPS,DES_EPS,COD_ESTADO,SIGLA_EPS) values ('170','ECOOPSOS EPS SAS','1','ECOOPSOS - EMPRESA PROMOTORA DE SALUD');
Insert into VDIRMP.VDIR_EPS (COD_EPS,DES_EPS,COD_ESTADO,SIGLA_EPS) values ('171','PROINSALUD S.A.','1','PROINSALUD S.A. - PROFESIONALES DE LA SALUD');
REM INSERTING into VDIRMP.VDIR_ESTADO
SET DEFINE OFF;
Insert into VDIRMP.VDIR_ESTADO (COD_ESTADO,DES_ESTADO) values ('1','Activo');
Insert into VDIRMP.VDIR_ESTADO (COD_ESTADO,DES_ESTADO) values ('2','Inactivo');
REM INSERTING into VDIRMP.VDIR_ESTADO_CIVIL
SET DEFINE OFF;
Insert into VDIRMP.VDIR_ESTADO_CIVIL (COD_ESTADO_CIVIL,DES_ESTADO_CIVIL,COD_ESTADO,ABR_ESTADO_CIVIL) values ('1','CASADO','1','C');
Insert into VDIRMP.VDIR_ESTADO_CIVIL (COD_ESTADO_CIVIL,DES_ESTADO_CIVIL,COD_ESTADO,ABR_ESTADO_CIVIL) values ('2','DIVORCIADO/SEPARADO','1','D');
Insert into VDIRMP.VDIR_ESTADO_CIVIL (COD_ESTADO_CIVIL,DES_ESTADO_CIVIL,COD_ESTADO,ABR_ESTADO_CIVIL) values ('3','UNIÓN LIBRE','1','O');
Insert into VDIRMP.VDIR_ESTADO_CIVIL (COD_ESTADO_CIVIL,DES_ESTADO_CIVIL,COD_ESTADO,ABR_ESTADO_CIVIL) values ('4','SOLTERO','1','S');
Insert into VDIRMP.VDIR_ESTADO_CIVIL (COD_ESTADO_CIVIL,DES_ESTADO_CIVIL,COD_ESTADO,ABR_ESTADO_CIVIL) values ('5','VIUDO','1','V');
REM INSERTING into VDIRMP.VDIR_FACTURA
SET DEFINE OFF;
REM INSERTING into VDIRMP.VDIR_FACTURA_DETALLE
SET DEFINE OFF;
REM INSERTING into VDIRMP.VDIR_FILE
SET DEFINE OFF;
REM INSERTING into VDIRMP.VDIR_FILE_AUDITORIA
SET DEFINE OFF;
REM INSERTING into VDIRMP.VDIR_FILE_BENEFICIARIO
SET DEFINE OFF;
REM INSERTING into VDIRMP.VDIR_FORMA_PAGO
SET DEFINE OFF;
REM INSERTING into VDIRMP.VDIR_IMPUESTO
SET DEFINE OFF;
REM INSERTING into VDIRMP.VDIR_LOG_USUARIOS_SISTEMA
SET DEFINE OFF;
REM INSERTING into VDIRMP.VDIR_MENU
SET DEFINE OFF;
REM INSERTING into VDIRMP.VDIR_MODULO_ENCUESTA
SET DEFINE OFF;
Insert into VDIRMP.VDIR_MODULO_ENCUESTA (COD_MODULO,DES_MODULO,COD_ESTADO) values ('4','Declaración de origen de bienes y/o fondos.','1');
Insert into VDIRMP.VDIR_MODULO_ENCUESTA (COD_MODULO,DES_MODULO,COD_ESTADO) values ('1','Información financiera contratante','1');
Insert into VDIRMP.VDIR_MODULO_ENCUESTA (COD_MODULO,DES_MODULO,COD_ESTADO) values ('2','Operaciones en moneda extranjera','1');
Insert into VDIRMP.VDIR_MODULO_ENCUESTA (COD_MODULO,DES_MODULO,COD_ESTADO) values ('3','Identificación de Persona Expuesta Politicamente (PEP)','1');
REM INSERTING into VDIRMP.VDIR_MONEDA
SET DEFINE OFF;
Insert into VDIRMP.VDIR_MONEDA (COD_MONEDA,DES_MONEDA,COD_ESTADO) values ('1','$ Peso','1');
Insert into VDIRMP.VDIR_MONEDA (COD_MONEDA,DES_MONEDA,COD_ESTADO) values ('2','$ Dólar','1');
Insert into VDIRMP.VDIR_MONEDA (COD_MONEDA,DES_MONEDA,COD_ESTADO) values ('3','€ Euro','1');
REM INSERTING into VDIRMP.VDIR_MUNICIPIO
SET DEFINE OFF;
Insert into VDIRMP.VDIR_MUNICIPIO (COD_MUNICIPIO,COD_DEPARTAMENTO,DES_MUNICIPIO,COD_ESTADO) values ('1','1','Cali','1');
Insert into VDIRMP.VDIR_MUNICIPIO (COD_MUNICIPIO,COD_DEPARTAMENTO,DES_MUNICIPIO,COD_ESTADO) values ('2','2','Popayan','1');
REM INSERTING into VDIRMP.VDIR_PAIS
SET DEFINE OFF;
Insert into VDIRMP.VDIR_PAIS (COD_PAIS,DES_PAIS,COD_ESTADO,ABR_PAIS) values ('1','ANDORRANO/A','1','AD');
Insert into VDIRMP.VDIR_PAIS (COD_PAIS,DES_PAIS,COD_ESTADO,ABR_PAIS) values ('2','AFGANO/A','1','AF');
Insert into VDIRMP.VDIR_PAIS (COD_PAIS,DES_PAIS,COD_ESTADO,ABR_PAIS) values ('3','ANTIGUANO/A','1','AG');
Insert into VDIRMP.VDIR_PAIS (COD_PAIS,DES_PAIS,COD_ESTADO,ABR_PAIS) values ('4','ALBANO/A','1','AL');
Insert into VDIRMP.VDIR_PAIS (COD_PAIS,DES_PAIS,COD_ESTADO,ABR_PAIS) values ('5','ARMENIO/A','1','AM');
Insert into VDIRMP.VDIR_PAIS (COD_PAIS,DES_PAIS,COD_ESTADO,ABR_PAIS) values ('6','ANGOLANO/A','1','AO');
Insert into VDIRMP.VDIR_PAIS (COD_PAIS,DES_PAIS,COD_ESTADO,ABR_PAIS) values ('7','ARGENTINO/A','1','AR');
Insert into VDIRMP.VDIR_PAIS (COD_PAIS,DES_PAIS,COD_ESTADO,ABR_PAIS) values ('8','AUSTRIACO/A','1','AT');
Insert into VDIRMP.VDIR_PAIS (COD_PAIS,DES_PAIS,COD_ESTADO,ABR_PAIS) values ('9','AUSTRALIANO/A','1','AU');
Insert into VDIRMP.VDIR_PAIS (COD_PAIS,DES_PAIS,COD_ESTADO,ABR_PAIS) values ('10','AZERBAIYANO/A','1','AZ');
Insert into VDIRMP.VDIR_PAIS (COD_PAIS,DES_PAIS,COD_ESTADO,ABR_PAIS) values ('11','BOSNIO/A','1','BA');
Insert into VDIRMP.VDIR_PAIS (COD_PAIS,DES_PAIS,COD_ESTADO,ABR_PAIS) values ('12','BARBADENSE','1','BB');
Insert into VDIRMP.VDIR_PAIS (COD_PAIS,DES_PAIS,COD_ESTADO,ABR_PAIS) values ('13','BANGLADESÍ','1','BD');
Insert into VDIRMP.VDIR_PAIS (COD_PAIS,DES_PAIS,COD_ESTADO,ABR_PAIS) values ('14','BELGA','1','BE');
Insert into VDIRMP.VDIR_PAIS (COD_PAIS,DES_PAIS,COD_ESTADO,ABR_PAIS) values ('15','BURKINÉS/A','1','BF');
Insert into VDIRMP.VDIR_PAIS (COD_PAIS,DES_PAIS,COD_ESTADO,ABR_PAIS) values ('16','BÚLGARO/A','1','BG');
Insert into VDIRMP.VDIR_PAIS (COD_PAIS,DES_PAIS,COD_ESTADO,ABR_PAIS) values ('17','BAREINÍ','1','BH');
Insert into VDIRMP.VDIR_PAIS (COD_PAIS,DES_PAIS,COD_ESTADO,ABR_PAIS) values ('18','BURUNDÉS/A','1','BI');
Insert into VDIRMP.VDIR_PAIS (COD_PAIS,DES_PAIS,COD_ESTADO,ABR_PAIS) values ('19','BENINÉS/A','1','BJ');
Insert into VDIRMP.VDIR_PAIS (COD_PAIS,DES_PAIS,COD_ESTADO,ABR_PAIS) values ('20','BRUNEANO/A','1','BN');
Insert into VDIRMP.VDIR_PAIS (COD_PAIS,DES_PAIS,COD_ESTADO,ABR_PAIS) values ('21','BOLIVIANO/A','1','BO');
Insert into VDIRMP.VDIR_PAIS (COD_PAIS,DES_PAIS,COD_ESTADO,ABR_PAIS) values ('22','BRASILEÑO/A','1','BR');
Insert into VDIRMP.VDIR_PAIS (COD_PAIS,DES_PAIS,COD_ESTADO,ABR_PAIS) values ('23','BAHAMEÑO/A','1','BS');
Insert into VDIRMP.VDIR_PAIS (COD_PAIS,DES_PAIS,COD_ESTADO,ABR_PAIS) values ('24','BOTSUANO/A','1','BW');
Insert into VDIRMP.VDIR_PAIS (COD_PAIS,DES_PAIS,COD_ESTADO,ABR_PAIS) values ('25','BIELORUSO/A','1','BY');
Insert into VDIRMP.VDIR_PAIS (COD_PAIS,DES_PAIS,COD_ESTADO,ABR_PAIS) values ('26','BELICEÑO/A','1','BZ');
Insert into VDIRMP.VDIR_PAIS (COD_PAIS,DES_PAIS,COD_ESTADO,ABR_PAIS) values ('27','CANADIENSE','1','CA');
Insert into VDIRMP.VDIR_PAIS (COD_PAIS,DES_PAIS,COD_ESTADO,ABR_PAIS) values ('28','CONGOLEÑO/A','1','CD');
Insert into VDIRMP.VDIR_PAIS (COD_PAIS,DES_PAIS,COD_ESTADO,ABR_PAIS) values ('29','CENTROAFRICANO/A','1','CF');
Insert into VDIRMP.VDIR_PAIS (COD_PAIS,DES_PAIS,COD_ESTADO,ABR_PAIS) values ('30','CONGOLEÑO/A','1','CG');
Insert into VDIRMP.VDIR_PAIS (COD_PAIS,DES_PAIS,COD_ESTADO,ABR_PAIS) values ('31','SUIZO/A','1','CH');
Insert into VDIRMP.VDIR_PAIS (COD_PAIS,DES_PAIS,COD_ESTADO,ABR_PAIS) values ('32','MARFILEÑO/A','1','CI');
Insert into VDIRMP.VDIR_PAIS (COD_PAIS,DES_PAIS,COD_ESTADO,ABR_PAIS) values ('33','CHILENO/A','1','CL');
Insert into VDIRMP.VDIR_PAIS (COD_PAIS,DES_PAIS,COD_ESTADO,ABR_PAIS) values ('34','CAMERUNÉS/A','1','CM');
Insert into VDIRMP.VDIR_PAIS (COD_PAIS,DES_PAIS,COD_ESTADO,ABR_PAIS) values ('35','CHINO/A','1','CN');
Insert into VDIRMP.VDIR_PAIS (COD_PAIS,DES_PAIS,COD_ESTADO,ABR_PAIS) values ('36','COLOMBIANO/A','1','CO');
Insert into VDIRMP.VDIR_PAIS (COD_PAIS,DES_PAIS,COD_ESTADO,ABR_PAIS) values ('37','COSTARRICENSE','1','CR');
Insert into VDIRMP.VDIR_PAIS (COD_PAIS,DES_PAIS,COD_ESTADO,ABR_PAIS) values ('38','CUBANO/A','1','CU');
Insert into VDIRMP.VDIR_PAIS (COD_PAIS,DES_PAIS,COD_ESTADO,ABR_PAIS) values ('39','CABOVERDIANO/A','1','CV');
Insert into VDIRMP.VDIR_PAIS (COD_PAIS,DES_PAIS,COD_ESTADO,ABR_PAIS) values ('40','CHIPRIOTA','1','CY');
Insert into VDIRMP.VDIR_PAIS (COD_PAIS,DES_PAIS,COD_ESTADO,ABR_PAIS) values ('41','CHECO/A','1','CZ');
Insert into VDIRMP.VDIR_PAIS (COD_PAIS,DES_PAIS,COD_ESTADO,ABR_PAIS) values ('42','ALEMÁN/A','1','DE');
Insert into VDIRMP.VDIR_PAIS (COD_PAIS,DES_PAIS,COD_ESTADO,ABR_PAIS) values ('43','DANÉS/A','1','DK');
Insert into VDIRMP.VDIR_PAIS (COD_PAIS,DES_PAIS,COD_ESTADO,ABR_PAIS) values ('44','DOMINIQUÉS/A','1','DM');
Insert into VDIRMP.VDIR_PAIS (COD_PAIS,DES_PAIS,COD_ESTADO,ABR_PAIS) values ('45','DOMINICANO/A','1','DO');
Insert into VDIRMP.VDIR_PAIS (COD_PAIS,DES_PAIS,COD_ESTADO,ABR_PAIS) values ('46','ARGELINO/A','1','DZ');
Insert into VDIRMP.VDIR_PAIS (COD_PAIS,DES_PAIS,COD_ESTADO,ABR_PAIS) values ('47','ECUATORIANO/A','1','EC');
Insert into VDIRMP.VDIR_PAIS (COD_PAIS,DES_PAIS,COD_ESTADO,ABR_PAIS) values ('48','ESTONIO/A','1','EE');
Insert into VDIRMP.VDIR_PAIS (COD_PAIS,DES_PAIS,COD_ESTADO,ABR_PAIS) values ('49','EGIPCIO/A','1','EG');
Insert into VDIRMP.VDIR_PAIS (COD_PAIS,DES_PAIS,COD_ESTADO,ABR_PAIS) values ('50','ERITREO/A','1','ER');
Insert into VDIRMP.VDIR_PAIS (COD_PAIS,DES_PAIS,COD_ESTADO,ABR_PAIS) values ('51','ESPAÑOL/A','1','ES');
Insert into VDIRMP.VDIR_PAIS (COD_PAIS,DES_PAIS,COD_ESTADO,ABR_PAIS) values ('52','ETÍOPE','1','ET');
Insert into VDIRMP.VDIR_PAIS (COD_PAIS,DES_PAIS,COD_ESTADO,ABR_PAIS) values ('53','FINLANDÉS/A','1','FI');
Insert into VDIRMP.VDIR_PAIS (COD_PAIS,DES_PAIS,COD_ESTADO,ABR_PAIS) values ('54','FRANCÉS/A','1','FR');
Insert into VDIRMP.VDIR_PAIS (COD_PAIS,DES_PAIS,COD_ESTADO,ABR_PAIS) values ('55','GABONÉS/A','1','GA');
Insert into VDIRMP.VDIR_PAIS (COD_PAIS,DES_PAIS,COD_ESTADO,ABR_PAIS) values ('56','BRITÁNICO/A','1','GB');
Insert into VDIRMP.VDIR_PAIS (COD_PAIS,DES_PAIS,COD_ESTADO,ABR_PAIS) values ('57','GRANADINO/A','1','GD');
Insert into VDIRMP.VDIR_PAIS (COD_PAIS,DES_PAIS,COD_ESTADO,ABR_PAIS) values ('58','GEORGIANO/A','1','GE');
Insert into VDIRMP.VDIR_PAIS (COD_PAIS,DES_PAIS,COD_ESTADO,ABR_PAIS) values ('59','GUAYANÉS/A','1','GF');
Insert into VDIRMP.VDIR_PAIS (COD_PAIS,DES_PAIS,COD_ESTADO,ABR_PAIS) values ('60','GHANÉS/A','1','GH');
Insert into VDIRMP.VDIR_PAIS (COD_PAIS,DES_PAIS,COD_ESTADO,ABR_PAIS) values ('61','GROENLANDÉS/A','1','GL');
Insert into VDIRMP.VDIR_PAIS (COD_PAIS,DES_PAIS,COD_ESTADO,ABR_PAIS) values ('62','GAMBIANO/A','1','GM');
Insert into VDIRMP.VDIR_PAIS (COD_PAIS,DES_PAIS,COD_ESTADO,ABR_PAIS) values ('63','GUINEANO/A','1','GN');
Insert into VDIRMP.VDIR_PAIS (COD_PAIS,DES_PAIS,COD_ESTADO,ABR_PAIS) values ('64','GUINEANO/A','1','GQ');
Insert into VDIRMP.VDIR_PAIS (COD_PAIS,DES_PAIS,COD_ESTADO,ABR_PAIS) values ('65','GRIEGO/A','1','GR');
Insert into VDIRMP.VDIR_PAIS (COD_PAIS,DES_PAIS,COD_ESTADO,ABR_PAIS) values ('66','GUATEMALTECO/A','1','GT');
Insert into VDIRMP.VDIR_PAIS (COD_PAIS,DES_PAIS,COD_ESTADO,ABR_PAIS) values ('67','GUINEANO/A','1','GW');
Insert into VDIRMP.VDIR_PAIS (COD_PAIS,DES_PAIS,COD_ESTADO,ABR_PAIS) values ('68','HONDUREÑO/A','1','HN');
Insert into VDIRMP.VDIR_PAIS (COD_PAIS,DES_PAIS,COD_ESTADO,ABR_PAIS) values ('69','CROATA','1','HR');
Insert into VDIRMP.VDIR_PAIS (COD_PAIS,DES_PAIS,COD_ESTADO,ABR_PAIS) values ('70','HAITIANO/A','1','HT');
Insert into VDIRMP.VDIR_PAIS (COD_PAIS,DES_PAIS,COD_ESTADO,ABR_PAIS) values ('71','HÚNGARO/A','1','HU');
Insert into VDIRMP.VDIR_PAIS (COD_PAIS,DES_PAIS,COD_ESTADO,ABR_PAIS) values ('72','INDIONISIO/A','1','ID');
Insert into VDIRMP.VDIR_PAIS (COD_PAIS,DES_PAIS,COD_ESTADO,ABR_PAIS) values ('73','IRLANDÉS/A','1','IE');
Insert into VDIRMP.VDIR_PAIS (COD_PAIS,DES_PAIS,COD_ESTADO,ABR_PAIS) values ('74','ISRAELÍ','1','IL');
Insert into VDIRMP.VDIR_PAIS (COD_PAIS,DES_PAIS,COD_ESTADO,ABR_PAIS) values ('75','INDIO/A','1','IN');
Insert into VDIRMP.VDIR_PAIS (COD_PAIS,DES_PAIS,COD_ESTADO,ABR_PAIS) values ('76','IRAQUÍ','1','IQ');
Insert into VDIRMP.VDIR_PAIS (COD_PAIS,DES_PAIS,COD_ESTADO,ABR_PAIS) values ('77','IRANÍ','1','IR');
Insert into VDIRMP.VDIR_PAIS (COD_PAIS,DES_PAIS,COD_ESTADO,ABR_PAIS) values ('78','ISLANDÉS/A','1','IS');
Insert into VDIRMP.VDIR_PAIS (COD_PAIS,DES_PAIS,COD_ESTADO,ABR_PAIS) values ('79','ITALIANO/A','1','IT');
Insert into VDIRMP.VDIR_PAIS (COD_PAIS,DES_PAIS,COD_ESTADO,ABR_PAIS) values ('80','JAMAICANO/A','1','JM');
Insert into VDIRMP.VDIR_PAIS (COD_PAIS,DES_PAIS,COD_ESTADO,ABR_PAIS) values ('81','JORDANO/A','1','JO');
Insert into VDIRMP.VDIR_PAIS (COD_PAIS,DES_PAIS,COD_ESTADO,ABR_PAIS) values ('82','JAPONÉS/A','1','JP');
Insert into VDIRMP.VDIR_PAIS (COD_PAIS,DES_PAIS,COD_ESTADO,ABR_PAIS) values ('83','KENIATA','1','KE');
Insert into VDIRMP.VDIR_PAIS (COD_PAIS,DES_PAIS,COD_ESTADO,ABR_PAIS) values ('84','KIRGUÍS/A','1','KG');
Insert into VDIRMP.VDIR_PAIS (COD_PAIS,DES_PAIS,COD_ESTADO,ABR_PAIS) values ('85','CAMBOYANO/A','1','KH');
Insert into VDIRMP.VDIR_PAIS (COD_PAIS,DES_PAIS,COD_ESTADO,ABR_PAIS) values ('86','KIRIBATIANO/A','1','KI');
Insert into VDIRMP.VDIR_PAIS (COD_PAIS,DES_PAIS,COD_ESTADO,ABR_PAIS) values ('87','COMORENSE','1','KM');
Insert into VDIRMP.VDIR_PAIS (COD_PAIS,DES_PAIS,COD_ESTADO,ABR_PAIS) values ('88','NORCOREANO/A','1','KP');
Insert into VDIRMP.VDIR_PAIS (COD_PAIS,DES_PAIS,COD_ESTADO,ABR_PAIS) values ('89','SURCOREANO/A','1','KR');
Insert into VDIRMP.VDIR_PAIS (COD_PAIS,DES_PAIS,COD_ESTADO,ABR_PAIS) values ('90','KUWAITÍ','1','KW');
Insert into VDIRMP.VDIR_PAIS (COD_PAIS,DES_PAIS,COD_ESTADO,ABR_PAIS) values ('91','KAZAJO/A','1','KZ');
Insert into VDIRMP.VDIR_PAIS (COD_PAIS,DES_PAIS,COD_ESTADO,ABR_PAIS) values ('92','LAOSIANO/A','1','LA');
Insert into VDIRMP.VDIR_PAIS (COD_PAIS,DES_PAIS,COD_ESTADO,ABR_PAIS) values ('93','LIBANÉS/A','1','LB');
Insert into VDIRMP.VDIR_PAIS (COD_PAIS,DES_PAIS,COD_ESTADO,ABR_PAIS) values ('94','LIECHTENSTEINIANO/A','1','LI');
Insert into VDIRMP.VDIR_PAIS (COD_PAIS,DES_PAIS,COD_ESTADO,ABR_PAIS) values ('95','CEILANDÉS/A','1','LK');
Insert into VDIRMP.VDIR_PAIS (COD_PAIS,DES_PAIS,COD_ESTADO,ABR_PAIS) values ('96','LIBERIANO/A','1','LR');
Insert into VDIRMP.VDIR_PAIS (COD_PAIS,DES_PAIS,COD_ESTADO,ABR_PAIS) values ('97','LESOTENSE','1','LS');
Insert into VDIRMP.VDIR_PAIS (COD_PAIS,DES_PAIS,COD_ESTADO,ABR_PAIS) values ('98','LITUANO/A','1','LT');
Insert into VDIRMP.VDIR_PAIS (COD_PAIS,DES_PAIS,COD_ESTADO,ABR_PAIS) values ('99','LUXEMBURGÉS/A','1','LU');
Insert into VDIRMP.VDIR_PAIS (COD_PAIS,DES_PAIS,COD_ESTADO,ABR_PAIS) values ('100','LETONIO/A','1','LV');
Insert into VDIRMP.VDIR_PAIS (COD_PAIS,DES_PAIS,COD_ESTADO,ABR_PAIS) values ('101','LIBIO/A','1','LY');
Insert into VDIRMP.VDIR_PAIS (COD_PAIS,DES_PAIS,COD_ESTADO,ABR_PAIS) values ('102','MARROQUÍ','1','MA');
Insert into VDIRMP.VDIR_PAIS (COD_PAIS,DES_PAIS,COD_ESTADO,ABR_PAIS) values ('103','MONAQUÉS/A','1','MC');
Insert into VDIRMP.VDIR_PAIS (COD_PAIS,DES_PAIS,COD_ESTADO,ABR_PAIS) values ('104','MOLDAVO/A','1','MD');
Insert into VDIRMP.VDIR_PAIS (COD_PAIS,DES_PAIS,COD_ESTADO,ABR_PAIS) values ('105','MONTENEGRINO/A','1','ME');
Insert into VDIRMP.VDIR_PAIS (COD_PAIS,DES_PAIS,COD_ESTADO,ABR_PAIS) values ('106','MALGACHE','1','MG');
Insert into VDIRMP.VDIR_PAIS (COD_PAIS,DES_PAIS,COD_ESTADO,ABR_PAIS) values ('107','MARSHALÉS/A','1','MH');
Insert into VDIRMP.VDIR_PAIS (COD_PAIS,DES_PAIS,COD_ESTADO,ABR_PAIS) values ('108','MACEDONIO/A','1','MK');
Insert into VDIRMP.VDIR_PAIS (COD_PAIS,DES_PAIS,COD_ESTADO,ABR_PAIS) values ('109','MALIENSE','1','ML');
Insert into VDIRMP.VDIR_PAIS (COD_PAIS,DES_PAIS,COD_ESTADO,ABR_PAIS) values ('110','BIRMANO/A','1','MM');
Insert into VDIRMP.VDIR_PAIS (COD_PAIS,DES_PAIS,COD_ESTADO,ABR_PAIS) values ('111','MONGÓL/A','1','MN');
Insert into VDIRMP.VDIR_PAIS (COD_PAIS,DES_PAIS,COD_ESTADO,ABR_PAIS) values ('112','MAURITANO/A','1','MR');
Insert into VDIRMP.VDIR_PAIS (COD_PAIS,DES_PAIS,COD_ESTADO,ABR_PAIS) values ('113','MALTÉS/A','1','MT');
Insert into VDIRMP.VDIR_PAIS (COD_PAIS,DES_PAIS,COD_ESTADO,ABR_PAIS) values ('114','MAURICIANO/A','1','MU');
Insert into VDIRMP.VDIR_PAIS (COD_PAIS,DES_PAIS,COD_ESTADO,ABR_PAIS) values ('115','MALDIVO/A','1','MV');
Insert into VDIRMP.VDIR_PAIS (COD_PAIS,DES_PAIS,COD_ESTADO,ABR_PAIS) values ('116','MALAUÍ','1','MW');
Insert into VDIRMP.VDIR_PAIS (COD_PAIS,DES_PAIS,COD_ESTADO,ABR_PAIS) values ('117','MEXICANO/A','1','MX');
Insert into VDIRMP.VDIR_PAIS (COD_PAIS,DES_PAIS,COD_ESTADO,ABR_PAIS) values ('118','MALAYO/A','1','MY');
Insert into VDIRMP.VDIR_PAIS (COD_PAIS,DES_PAIS,COD_ESTADO,ABR_PAIS) values ('119','MOZAMBIQUEÑO/A','1','MZ');
Insert into VDIRMP.VDIR_PAIS (COD_PAIS,DES_PAIS,COD_ESTADO,ABR_PAIS) values ('120','NAMIBIO/A','1','NA');
Insert into VDIRMP.VDIR_PAIS (COD_PAIS,DES_PAIS,COD_ESTADO,ABR_PAIS) values ('121','NIGERIANO/A','1','NE');
Insert into VDIRMP.VDIR_PAIS (COD_PAIS,DES_PAIS,COD_ESTADO,ABR_PAIS) values ('122','NICARAGUENSE','1','NI');
Insert into VDIRMP.VDIR_PAIS (COD_PAIS,DES_PAIS,COD_ESTADO,ABR_PAIS) values ('123','HOLANDÉS/A','1','NL');
Insert into VDIRMP.VDIR_PAIS (COD_PAIS,DES_PAIS,COD_ESTADO,ABR_PAIS) values ('124','NORUEGO/A','1','NO');
Insert into VDIRMP.VDIR_PAIS (COD_PAIS,DES_PAIS,COD_ESTADO,ABR_PAIS) values ('125','NAURUANO/A','1','NR');
Insert into VDIRMP.VDIR_PAIS (COD_PAIS,DES_PAIS,COD_ESTADO,ABR_PAIS) values ('126','NIUANO/A','1','NU');
Insert into VDIRMP.VDIR_PAIS (COD_PAIS,DES_PAIS,COD_ESTADO,ABR_PAIS) values ('127','NEOZELANDÉS/A','1','NZ');
Insert into VDIRMP.VDIR_PAIS (COD_PAIS,DES_PAIS,COD_ESTADO,ABR_PAIS) values ('128','OMANÉS/A','1','OM');
Insert into VDIRMP.VDIR_PAIS (COD_PAIS,DES_PAIS,COD_ESTADO,ABR_PAIS) values ('129','PANAMEÑO/A','1','PA');
Insert into VDIRMP.VDIR_PAIS (COD_PAIS,DES_PAIS,COD_ESTADO,ABR_PAIS) values ('130','PERUANO/A','1','PE');
Insert into VDIRMP.VDIR_PAIS (COD_PAIS,DES_PAIS,COD_ESTADO,ABR_PAIS) values ('131','PAPÚ','1','PG');
Insert into VDIRMP.VDIR_PAIS (COD_PAIS,DES_PAIS,COD_ESTADO,ABR_PAIS) values ('132','FILIPINO/A','1','PH');
Insert into VDIRMP.VDIR_PAIS (COD_PAIS,DES_PAIS,COD_ESTADO,ABR_PAIS) values ('133','PAKISTANÍ','1','PK');
Insert into VDIRMP.VDIR_PAIS (COD_PAIS,DES_PAIS,COD_ESTADO,ABR_PAIS) values ('134','POLACO/A','1','PL');
Insert into VDIRMP.VDIR_PAIS (COD_PAIS,DES_PAIS,COD_ESTADO,ABR_PAIS) values ('135','PORTUGUÉS/A','1','PT');
Insert into VDIRMP.VDIR_PAIS (COD_PAIS,DES_PAIS,COD_ESTADO,ABR_PAIS) values ('136','PARAGUAYO/A','1','PY');
Insert into VDIRMP.VDIR_PAIS (COD_PAIS,DES_PAIS,COD_ESTADO,ABR_PAIS) values ('137','CATARÍ','1','QA');
Insert into VDIRMP.VDIR_PAIS (COD_PAIS,DES_PAIS,COD_ESTADO,ABR_PAIS) values ('138','RUMANO/A','1','RO');
Insert into VDIRMP.VDIR_PAIS (COD_PAIS,DES_PAIS,COD_ESTADO,ABR_PAIS) values ('139','SERBIO/A','1','RS');
Insert into VDIRMP.VDIR_PAIS (COD_PAIS,DES_PAIS,COD_ESTADO,ABR_PAIS) values ('140','RUSO/A','1','RU');
Insert into VDIRMP.VDIR_PAIS (COD_PAIS,DES_PAIS,COD_ESTADO,ABR_PAIS) values ('141','RUANDÉS/A','1','RW');
Insert into VDIRMP.VDIR_PAIS (COD_PAIS,DES_PAIS,COD_ESTADO,ABR_PAIS) values ('142','SAUDÍ','1','SA');
Insert into VDIRMP.VDIR_PAIS (COD_PAIS,DES_PAIS,COD_ESTADO,ABR_PAIS) values ('143','SALOMONENSE','1','SB');
Insert into VDIRMP.VDIR_PAIS (COD_PAIS,DES_PAIS,COD_ESTADO,ABR_PAIS) values ('144','SEYCHELENSE','1','SC');
Insert into VDIRMP.VDIR_PAIS (COD_PAIS,DES_PAIS,COD_ESTADO,ABR_PAIS) values ('145','SUDANÉS/A','1','SD');
Insert into VDIRMP.VDIR_PAIS (COD_PAIS,DES_PAIS,COD_ESTADO,ABR_PAIS) values ('146','SUECO/A','1','SE');
Insert into VDIRMP.VDIR_PAIS (COD_PAIS,DES_PAIS,COD_ESTADO,ABR_PAIS) values ('147','SINGAPURENSE','1','SG');
Insert into VDIRMP.VDIR_PAIS (COD_PAIS,DES_PAIS,COD_ESTADO,ABR_PAIS) values ('148','ESLOVENO/A','1','SI');
Insert into VDIRMP.VDIR_PAIS (COD_PAIS,DES_PAIS,COD_ESTADO,ABR_PAIS) values ('149','ESLOVACO/A','1','SK');
Insert into VDIRMP.VDIR_PAIS (COD_PAIS,DES_PAIS,COD_ESTADO,ABR_PAIS) values ('150','SIERRALEONÉS/A','1','SL');
Insert into VDIRMP.VDIR_PAIS (COD_PAIS,DES_PAIS,COD_ESTADO,ABR_PAIS) values ('151','SANMARINENSE','1','SM');
Insert into VDIRMP.VDIR_PAIS (COD_PAIS,DES_PAIS,COD_ESTADO,ABR_PAIS) values ('152','SENEGALÉS/A','1','SN');
Insert into VDIRMP.VDIR_PAIS (COD_PAIS,DES_PAIS,COD_ESTADO,ABR_PAIS) values ('153','SOMALÍ','1','SO');
Insert into VDIRMP.VDIR_PAIS (COD_PAIS,DES_PAIS,COD_ESTADO,ABR_PAIS) values ('154','SURINAMÉS/A','1','SR');
Insert into VDIRMP.VDIR_PAIS (COD_PAIS,DES_PAIS,COD_ESTADO,ABR_PAIS) values ('155','SALVADOREÑO/A','1','SV');
Insert into VDIRMP.VDIR_PAIS (COD_PAIS,DES_PAIS,COD_ESTADO,ABR_PAIS) values ('156','SIRIO/A','1','SY');
Insert into VDIRMP.VDIR_PAIS (COD_PAIS,DES_PAIS,COD_ESTADO,ABR_PAIS) values ('157','SUAZI','1','SZ');
Insert into VDIRMP.VDIR_PAIS (COD_PAIS,DES_PAIS,COD_ESTADO,ABR_PAIS) values ('158','CHADIANO/A','1','TD');
Insert into VDIRMP.VDIR_PAIS (COD_PAIS,DES_PAIS,COD_ESTADO,ABR_PAIS) values ('159','TOGOLÉS/A','1','TG');
Insert into VDIRMP.VDIR_PAIS (COD_PAIS,DES_PAIS,COD_ESTADO,ABR_PAIS) values ('160','TAILANDÉS/A','1','TH');
Insert into VDIRMP.VDIR_PAIS (COD_PAIS,DES_PAIS,COD_ESTADO,ABR_PAIS) values ('161','TIMORENSE','1','TL');
Insert into VDIRMP.VDIR_PAIS (COD_PAIS,DES_PAIS,COD_ESTADO,ABR_PAIS) values ('162','TUNECINO/A','1','TN');
Insert into VDIRMP.VDIR_PAIS (COD_PAIS,DES_PAIS,COD_ESTADO,ABR_PAIS) values ('163','TONGANO/A','1','TO');
Insert into VDIRMP.VDIR_PAIS (COD_PAIS,DES_PAIS,COD_ESTADO,ABR_PAIS) values ('164','TURCO/A','1','TR');
Insert into VDIRMP.VDIR_PAIS (COD_PAIS,DES_PAIS,COD_ESTADO,ABR_PAIS) values ('165','TUVALUANO/A','1','TV');
Insert into VDIRMP.VDIR_PAIS (COD_PAIS,DES_PAIS,COD_ESTADO,ABR_PAIS) values ('166','TANZANO/A','1','TZ');
Insert into VDIRMP.VDIR_PAIS (COD_PAIS,DES_PAIS,COD_ESTADO,ABR_PAIS) values ('167','UCRANIANO/A','1','UA');
Insert into VDIRMP.VDIR_PAIS (COD_PAIS,DES_PAIS,COD_ESTADO,ABR_PAIS) values ('168','UGANDÉS/A','1','UG');
Insert into VDIRMP.VDIR_PAIS (COD_PAIS,DES_PAIS,COD_ESTADO,ABR_PAIS) values ('169','AMERICANO/A','1','US');
Insert into VDIRMP.VDIR_PAIS (COD_PAIS,DES_PAIS,COD_ESTADO,ABR_PAIS) values ('170','URUGUAYO/A','1','UY');
Insert into VDIRMP.VDIR_PAIS (COD_PAIS,DES_PAIS,COD_ESTADO,ABR_PAIS) values ('171','UZBECO/A','1','UZ');
Insert into VDIRMP.VDIR_PAIS (COD_PAIS,DES_PAIS,COD_ESTADO,ABR_PAIS) values ('172','VATICANO/A','1','VA');
Insert into VDIRMP.VDIR_PAIS (COD_PAIS,DES_PAIS,COD_ESTADO,ABR_PAIS) values ('173','SANVICENTINO/A','1','VC');
Insert into VDIRMP.VDIR_PAIS (COD_PAIS,DES_PAIS,COD_ESTADO,ABR_PAIS) values ('174','VENEZOLANO/A','1','VE');
Insert into VDIRMP.VDIR_PAIS (COD_PAIS,DES_PAIS,COD_ESTADO,ABR_PAIS) values ('175','VIETNAMITA','1','VN');
Insert into VDIRMP.VDIR_PAIS (COD_PAIS,DES_PAIS,COD_ESTADO,ABR_PAIS) values ('176','VANUATUENSE','1','VU');
Insert into VDIRMP.VDIR_PAIS (COD_PAIS,DES_PAIS,COD_ESTADO,ABR_PAIS) values ('177','SAMOANO/A','1','WS');
Insert into VDIRMP.VDIR_PAIS (COD_PAIS,DES_PAIS,COD_ESTADO,ABR_PAIS) values ('178','YEMENÍ','1','YE');
Insert into VDIRMP.VDIR_PAIS (COD_PAIS,DES_PAIS,COD_ESTADO,ABR_PAIS) values ('179','SUDAFRICANO/A','1','ZA');
Insert into VDIRMP.VDIR_PAIS (COD_PAIS,DES_PAIS,COD_ESTADO,ABR_PAIS) values ('180','ZAMBIANO/A','1','ZM');
Insert into VDIRMP.VDIR_PAIS (COD_PAIS,DES_PAIS,COD_ESTADO,ABR_PAIS) values ('181','ZIMBABUENSE','1','ZW');
REM INSERTING into VDIRMP.VDIR_PARAMETRO
SET DEFINE OFF;
Insert into VDIRMP.VDIR_PARAMETRO (COD_PARAMETRO,DES_PARAMETRO,VALOR_PARAMETRO,COD_ESTADO) values ('1','url para traer usuarios asociados','http://oficinavirtualmp.coomeva.com.co/saludmp-ws/jax-rs/saludmp-credenciales/CredencialesAfilmed/COREMP/CORE3302MP','1');
Insert into VDIRMP.VDIR_PARAMETRO (COD_PARAMETRO,DES_PARAMETRO,VALOR_PARAMETRO,COD_ESTADO) values ('2','Correo remitente coomeva','coomeva@hotmail.com','1');
Insert into VDIRMP.VDIR_PARAMETRO (COD_PARAMETRO,DES_PARAMETRO,VALOR_PARAMETRO,COD_ESTADO) values ('3','url base ','http://localhost/venta_directa/','1');
REM INSERTING into VDIRMP.VDIR_PARENTESCO
SET DEFINE OFF;
Insert into VDIRMP.VDIR_PARENTESCO (COD_PARENTESCO,DES_PARENTESCO,COD_ESTADO,ABR_PARENTESCO) values ('1','Bebe Gestante','1','0');
Insert into VDIRMP.VDIR_PARENTESCO (COD_PARENTESCO,DES_PARENTESCO,COD_ESTADO,ABR_PARENTESCO) values ('2','Bebe Nacido sin Ident','1','1');
Insert into VDIRMP.VDIR_PARENTESCO (COD_PARENTESCO,DES_PARENTESCO,COD_ESTADO,ABR_PARENTESCO) values ('3','Bebe Hijo','1','2');
Insert into VDIRMP.VDIR_PARENTESCO (COD_PARENTESCO,DES_PARENTESCO,COD_ESTADO,ABR_PARENTESCO) values ('4','Bebe Progenitor','1','3');
Insert into VDIRMP.VDIR_PARENTESCO (COD_PARENTESCO,DES_PARENTESCO,COD_ESTADO,ABR_PARENTESCO) values ('5','Bebe Hermano','1','4');
Insert into VDIRMP.VDIR_PARENTESCO (COD_PARENTESCO,DES_PARENTESCO,COD_ESTADO,ABR_PARENTESCO) values ('6','Bebe nieto','1','5');
Insert into VDIRMP.VDIR_PARENTESCO (COD_PARENTESCO,DES_PARENTESCO,COD_ESTADO,ABR_PARENTESCO) values ('7','Bebe Familiar a Cargo','1','6');
Insert into VDIRMP.VDIR_PARENTESCO (COD_PARENTESCO,DES_PARENTESCO,COD_ESTADO,ABR_PARENTESCO) values ('8','Bebe Titular','1','7');
Insert into VDIRMP.VDIR_PARENTESCO (COD_PARENTESCO,DES_PARENTESCO,COD_ESTADO,ABR_PARENTESCO) values ('9','BEBE CONYUGE','1','8');
Insert into VDIRMP.VDIR_PARENTESCO (COD_PARENTESCO,DES_PARENTESCO,COD_ESTADO,ABR_PARENTESCO) values ('10','Abuelo','1','A');
Insert into VDIRMP.VDIR_PARENTESCO (COD_PARENTESCO,DES_PARENTESCO,COD_ESTADO,ABR_PARENTESCO) values ('11','Conyuge','1','C');
Insert into VDIRMP.VDIR_PARENTESCO (COD_PARENTESCO,DES_PARENTESCO,COD_ESTADO,ABR_PARENTESCO) values ('12','Fliar a cargo','1','F');
Insert into VDIRMP.VDIR_PARENTESCO (COD_PARENTESCO,DES_PARENTESCO,COD_ESTADO,ABR_PARENTESCO) values ('13','Hijo','1','H');
Insert into VDIRMP.VDIR_PARENTESCO (COD_PARENTESCO,DES_PARENTESCO,COD_ESTADO,ABR_PARENTESCO) values ('14','Hermano(a)','1','M');
Insert into VDIRMP.VDIR_PARENTESCO (COD_PARENTESCO,DES_PARENTESCO,COD_ESTADO,ABR_PARENTESCO) values ('15','Nieto','1','N');
Insert into VDIRMP.VDIR_PARENTESCO (COD_PARENTESCO,DES_PARENTESCO,COD_ESTADO,ABR_PARENTESCO) values ('16','Tio','1','O');
Insert into VDIRMP.VDIR_PARENTESCO (COD_PARENTESCO,DES_PARENTESCO,COD_ESTADO,ABR_PARENTESCO) values ('17','Progenitor(a)','1','P');
Insert into VDIRMP.VDIR_PARENTESCO (COD_PARENTESCO,DES_PARENTESCO,COD_ESTADO,ABR_PARENTESCO) values ('18','Suegro(a)','1','S');
Insert into VDIRMP.VDIR_PARENTESCO (COD_PARENTESCO,DES_PARENTESCO,COD_ESTADO,ABR_PARENTESCO) values ('19','Titular','1','T');
REM INSERTING into VDIRMP.VDIR_PERSONA
SET DEFINE OFF;
Insert into VDIRMP.VDIR_PERSONA (COD_PERSONA,COD_TIPO_IDENTIFICACION,NUMERO_IDENTIFICACION,NOMBRE_1,NOMBRE_2,APELLIDO_1,APELLIDO_2,FECHA_NACIMIENTO,TELEFONO,EMAIL,DIRECCION,COD_SEXO,COD_MUNICIPIO,FECHA_CREACION,COD_ESTADO,CELULAR,COD_EPS,COD_ESTADO_CIVIL,IND_TIENE_MASCOTA) values ('12','1','698574','felipe',null,'angulo',null,to_date('31/10/18','DD/MM/RR'),null,'hidalgoever@live.com',null,'1',null,to_date('29/11/18','DD/MM/RR'),'1','5424',null,null,null);
Insert into VDIRMP.VDIR_PERSONA (COD_PERSONA,COD_TIPO_IDENTIFICACION,NUMERO_IDENTIFICACION,NOMBRE_1,NOMBRE_2,APELLIDO_1,APELLIDO_2,FECHA_NACIMIENTO,TELEFONO,EMAIL,DIRECCION,COD_SEXO,COD_MUNICIPIO,FECHA_CREACION,COD_ESTADO,CELULAR,COD_EPS,COD_ESTADO_CIVIL,IND_TIENE_MASCOTA) values ('21','1','1059900122','diego',null,'castillo',null,to_date('04/12/18','DD/MM/RR'),'12545','hidalgoever@live.com',null,'2',null,to_date('20/12/18','DD/MM/RR'),'1','3215485693',null,null,null);
REM INSERTING into VDIRMP.VDIR_PERSONA_TIPOPER
SET DEFINE OFF;
Insert into VDIRMP.VDIR_PERSONA_TIPOPER (COD_PERSONA_TIPOPER,COD_PERSONA,COD_TIPO_PERSONA) values ('2','12','2');
Insert into VDIRMP.VDIR_PERSONA_TIPOPER (COD_PERSONA_TIPOPER,COD_PERSONA,COD_TIPO_PERSONA) values ('21','21','1');
REM INSERTING into VDIRMP.VDIR_PLAN
SET DEFINE OFF;
Insert into VDIRMP.VDIR_PLAN (COD_PLAN,DES_PLAN,COD_ESTADO) values ('1','Asociado','1');
Insert into VDIRMP.VDIR_PLAN (COD_PLAN,DES_PLAN,COD_ESTADO) values ('2','Familiar','1');
REM INSERTING into VDIRMP.VDIR_PREGUNTA
SET DEFINE OFF;
Insert into VDIRMP.VDIR_PREGUNTA (COD_PREGUNTA,DES_PREGUNTA,COD_ENCUESTA,NUMERO_PREGUNTA,COD_MODULO) values ('38','En cumplimiento a lo señalado en la circular externa 009 de 2016 (Superintendencia Nacional de Salud). Ley 1474 de 2011 (Estatuto Anticorrupción) y demás normas legales concordantes. Afirmo que todas mis
actividades las ejerzo dentro de las normas legales y declaro que los recursos que poseo provienen de las siguientes fuentes: (detalle ocupación, oficio, actividad, negocio, etc.)','1','28','4');
Insert into VDIRMP.VDIR_PREGUNTA (COD_PREGUNTA,DES_PREGUNTA,COD_ENCUESTA,NUMERO_PREGUNTA,COD_MODULO) values ('34','¿Posee cuentas corrientes en moneda extrangera?','1','8','2');
Insert into VDIRMP.VDIR_PREGUNTA (COD_PREGUNTA,DES_PREGUNTA,COD_ENCUESTA,NUMERO_PREGUNTA,COD_MODULO) values ('35','¿Es una persona expuesta políticamente de acuerdo al decreto 1674 de 2016?(&)','1','1','3');
Insert into VDIRMP.VDIR_PREGUNTA (COD_PREGUNTA,DES_PREGUNTA,COD_ENCUESTA,NUMERO_PREGUNTA,COD_MODULO) values ('36','¿Representa legalmente alguna organización
internacional (ONG - OIG)?','1','2','3');
Insert into VDIRMP.VDIR_PREGUNTA (COD_PREGUNTA,DES_PREGUNTA,COD_ENCUESTA,NUMERO_PREGUNTA,COD_MODULO) values ('37','¿Existe algún vínculo entre usted y alguna persona expuesta políticamente?(&&)
','1','27','3');
Insert into VDIRMP.VDIR_PREGUNTA (COD_PREGUNTA,DES_PREGUNTA,COD_ENCUESTA,NUMERO_PREGUNTA,COD_MODULO) values ('1','Ingresos mensuales actividad principal','1','1','1');
Insert into VDIRMP.VDIR_PREGUNTA (COD_PREGUNTA,DES_PREGUNTA,COD_ENCUESTA,NUMERO_PREGUNTA,COD_MODULO) values ('2','Egresos mensuales actividad principal','1','2','1');
Insert into VDIRMP.VDIR_PREGUNTA (COD_PREGUNTA,DES_PREGUNTA,COD_ENCUESTA,NUMERO_PREGUNTA,COD_MODULO) values ('3','Otros ingresos diferentes a la actividad principal
  ','1','3','1');
Insert into VDIRMP.VDIR_PREGUNTA (COD_PREGUNTA,DES_PREGUNTA,COD_ENCUESTA,NUMERO_PREGUNTA,COD_MODULO) values ('4','Valor activos o posesiones','1','4','1');
Insert into VDIRMP.VDIR_PREGUNTA (COD_PREGUNTA,DES_PREGUNTA,COD_ENCUESTA,NUMERO_PREGUNTA,COD_MODULO) values ('5','Valor pasivos o deudas','1','5','1');
Insert into VDIRMP.VDIR_PREGUNTA (COD_PREGUNTA,DES_PREGUNTA,COD_ENCUESTA,NUMERO_PREGUNTA,COD_MODULO) values ('6','Usted realiza transacciones en moneda extranjera','1','6','2');
Insert into VDIRMP.VDIR_PREGUNTA (COD_PREGUNTA,DES_PREGUNTA,COD_ENCUESTA,NUMERO_PREGUNTA,COD_MODULO) values ('7','Seleccione el tipo de transacciones que realiza','1','7','2');
Insert into VDIRMP.VDIR_PREGUNTA (COD_PREGUNTA,DES_PREGUNTA,COD_ENCUESTA,NUMERO_PREGUNTA,COD_MODULO) values ('8','¿Ha tenido embarazos normales, quirúrgicos o abortos, trastornos de los senos, matriz u ovarios?','2','1',null);
Insert into VDIRMP.VDIR_PREGUNTA (COD_PREGUNTA,DES_PREGUNTA,COD_ENCUESTA,NUMERO_PREGUNTA,COD_MODULO) values ('9','¿Está actualmente embarazada?','2','2',null);
Insert into VDIRMP.VDIR_PREGUNTA (COD_PREGUNTA,DES_PREGUNTA,COD_ENCUESTA,NUMERO_PREGUNTA,COD_MODULO) values ('10','¿Cuántos meses?','2','3',null);
Insert into VDIRMP.VDIR_PREGUNTA (COD_PREGUNTA,DES_PREGUNTA,COD_ENCUESTA,NUMERO_PREGUNTA,COD_MODULO) values ('11','¿Convulsiones, ataques, pérdida de conocimiento, desmayos, trombosis cerebral, hemorragia, epilepsia o cualquier afección neurológica?','2','4',null);
Insert into VDIRMP.VDIR_PREGUNTA (COD_PREGUNTA,DES_PREGUNTA,COD_ENCUESTA,NUMERO_PREGUNTA,COD_MODULO) values ('12','¿Fracturas, artritis, reumatismo, trastornos articulares, enfermedades de la columna, de piel o alergias? ','2','5',null);
Insert into VDIRMP.VDIR_PREGUNTA (COD_PREGUNTA,DES_PREGUNTA,COD_ENCUESTA,NUMERO_PREGUNTA,COD_MODULO) values ('13','¿Diabetes, trastornos de la glándula tiroides, azúcar en la sangre o en la orina?','2','6',null);
Insert into VDIRMP.VDIR_PREGUNTA (COD_PREGUNTA,DES_PREGUNTA,COD_ENCUESTA,NUMERO_PREGUNTA,COD_MODULO) values ('14','¿Ulcera gástrica o duodenal, gastritis, agrieras (reflujo gastroesofágico), colitis, hemorroides, cólicos biliares, enfermedades del hígado?','2','7',null);
Insert into VDIRMP.VDIR_PREGUNTA (COD_PREGUNTA,DES_PREGUNTA,COD_ENCUESTA,NUMERO_PREGUNTA,COD_MODULO) values ('15','¿Asma, tuberculosis, dificultad para respirar, enfermedades del pulmón?','2','8',null);
Insert into VDIRMP.VDIR_PREGUNTA (COD_PREGUNTA,DES_PREGUNTA,COD_ENCUESTA,NUMERO_PREGUNTA,COD_MODULO) values ('16','¿Tensión arterial alta, enfermedades del corazón, angina de pecho, enfermedades de arterias o venas?','2','9',null);
Insert into VDIRMP.VDIR_PREGUNTA (COD_PREGUNTA,DES_PREGUNTA,COD_ENCUESTA,NUMERO_PREGUNTA,COD_MODULO) values ('17','¿Anemia, linfomas, ganglios inflamados, enfermedades renales, de la próstata, de la vejiga, o venereas?','2','10',null);
Insert into VDIRMP.VDIR_PREGUNTA (COD_PREGUNTA,DES_PREGUNTA,COD_ENCUESTA,NUMERO_PREGUNTA,COD_MODULO) values ('18','¿Malformaciones, deformaciones, imperfecciones o anomalías congénitas o adquiridas?','2','11',null);
Insert into VDIRMP.VDIR_PREGUNTA (COD_PREGUNTA,DES_PREGUNTA,COD_ENCUESTA,NUMERO_PREGUNTA,COD_MODULO) values ('19','¿Várices, hinchazón o ulceras en las piernas?','2','12',null);
Insert into VDIRMP.VDIR_PREGUNTA (COD_PREGUNTA,DES_PREGUNTA,COD_ENCUESTA,NUMERO_PREGUNTA,COD_MODULO) values ('20','¿Enfermedades psiquiátricas o trastornos psicológicos?','2','13',null);
Insert into VDIRMP.VDIR_PREGUNTA (COD_PREGUNTA,DES_PREGUNTA,COD_ENCUESTA,NUMERO_PREGUNTA,COD_MODULO) values ('21','¿Accidentes, traumatismos, infecciones o riesgos de padecer enfermedades transmisibles?','2','14',null);
Insert into VDIRMP.VDIR_PREGUNTA (COD_PREGUNTA,DES_PREGUNTA,COD_ENCUESTA,NUMERO_PREGUNTA,COD_MODULO) values ('22','¿Ha estado alguna vez hospitalizado(a) o le han practicado cirugías o transfusiones?','2','15',null);
Insert into VDIRMP.VDIR_PREGUNTA (COD_PREGUNTA,DES_PREGUNTA,COD_ENCUESTA,NUMERO_PREGUNTA,COD_MODULO) values ('23','¿Ha consultado algún médico en el último año?','2','16',null);
Insert into VDIRMP.VDIR_PREGUNTA (COD_PREGUNTA,DES_PREGUNTA,COD_ENCUESTA,NUMERO_PREGUNTA,COD_MODULO) values ('24','¿Le han practicado algún examen de laboratorio clínico, radiológico o algún otro examen de diagnóstico en los últimos seis (6) meses?','2','17',null);
Insert into VDIRMP.VDIR_PREGUNTA (COD_PREGUNTA,DES_PREGUNTA,COD_ENCUESTA,NUMERO_PREGUNTA,COD_MODULO) values ('25','¿Piensa someterse o tiene pendiente algún tratamiento médico o quirúrgico?','2','18',null);
Insert into VDIRMP.VDIR_PREGUNTA (COD_PREGUNTA,DES_PREGUNTA,COD_ENCUESTA,NUMERO_PREGUNTA,COD_MODULO) values ('26','¿Le han diagnosticado en alguna época de su vida tumores benignos o cáncer, ha tenido masas palpables?','2','19',null);
Insert into VDIRMP.VDIR_PREGUNTA (COD_PREGUNTA,DES_PREGUNTA,COD_ENCUESTA,NUMERO_PREGUNTA,COD_MODULO) values ('27','¿Practica deporte de alto riesgo?','2','20',null);
Insert into VDIRMP.VDIR_PREGUNTA (COD_PREGUNTA,DES_PREGUNTA,COD_ENCUESTA,NUMERO_PREGUNTA,COD_MODULO) values ('28','¿Padece o ha padecido alguna enfermedad que no aparezca registrada en el presente cuestionario?','2','21',null);
Insert into VDIRMP.VDIR_PREGUNTA (COD_PREGUNTA,DES_PREGUNTA,COD_ENCUESTA,NUMERO_PREGUNTA,COD_MODULO) values ('29','¿Lo han vacunado de acuerdo al esquema de vacunación del PAI?','2','22',null);
Insert into VDIRMP.VDIR_PREGUNTA (COD_PREGUNTA,DES_PREGUNTA,COD_ENCUESTA,NUMERO_PREGUNTA,COD_MODULO) values ('30','¿Al nacer su hijo requirió de oxigeno e incubadora?','2','23',null);
Insert into VDIRMP.VDIR_PREGUNTA (COD_PREGUNTA,DES_PREGUNTA,COD_ENCUESTA,NUMERO_PREGUNTA,COD_MODULO) values ('31','¿Cuál es su talla?','2','24',null);
Insert into VDIRMP.VDIR_PREGUNTA (COD_PREGUNTA,DES_PREGUNTA,COD_ENCUESTA,NUMERO_PREGUNTA,COD_MODULO) values ('32','¿Cuál es su peso? ','2','25',null);
Insert into VDIRMP.VDIR_PREGUNTA (COD_PREGUNTA,DES_PREGUNTA,COD_ENCUESTA,NUMERO_PREGUNTA,COD_MODULO) values ('33','¿Enfermedades de los ojos, pterigios, estrabismo, defectos de refracción visual, cataratas, enfermedades del oído, vértigo, enfermedades de la garganta?','2','26',null);
REM INSERTING into VDIRMP.VDIR_PRODUCTO
SET DEFINE OFF;
Insert into VDIRMP.VDIR_PRODUCTO (COD_PRODUCTO,DES_PRODUCTO,COD_ESTADO,DESCRIPCION) values ('2','SAO','1','SAO');
Insert into VDIRMP.VDIR_PRODUCTO (COD_PRODUCTO,DES_PRODUCTO,COD_ESTADO,DESCRIPCION) values ('1','MI','1','MI');
Insert into VDIRMP.VDIR_PRODUCTO (COD_PRODUCTO,DES_PRODUCTO,COD_ESTADO,DESCRIPCION) values ('3','CEM','1','CEM');
REM INSERTING into VDIRMP.VDIR_PROGRAMA
SET DEFINE OFF;
Insert into VDIRMP.VDIR_PROGRAMA (COD_PROGRAMA,DES_PROGRAMA,COD_PRODUCTO,COD_ESTADO,COD_IMPUESTO,URL_CONTRATO) values ('2','Dental Elite','2','1',null,null);
Insert into VDIRMP.VDIR_PROGRAMA (COD_PROGRAMA,DES_PROGRAMA,COD_PRODUCTO,COD_ESTADO,COD_IMPUESTO,URL_CONTRATO) values ('3','Oro plus','1','1',null,null);
Insert into VDIRMP.VDIR_PROGRAMA (COD_PROGRAMA,DES_PROGRAMA,COD_PRODUCTO,COD_ESTADO,COD_IMPUESTO,URL_CONTRATO) values ('1','Cem','3','1',null,null);
Insert into VDIRMP.VDIR_PROGRAMA (COD_PROGRAMA,DES_PROGRAMA,COD_PRODUCTO,COD_ESTADO,COD_IMPUESTO,URL_CONTRATO) values ('4','Plata joven','1','1',null,null);
Insert into VDIRMP.VDIR_PROGRAMA (COD_PROGRAMA,DES_PROGRAMA,COD_PRODUCTO,COD_ESTADO,COD_IMPUESTO,URL_CONTRATO) values ('5','Tradicional especial','1','1',null,null);
Insert into VDIRMP.VDIR_PROGRAMA (COD_PROGRAMA,DES_PROGRAMA,COD_PRODUCTO,COD_ESTADO,COD_IMPUESTO,URL_CONTRATO) values ('6','Asociado','1','1',null,null);
REM INSERTING into VDIRMP.VDIR_PROGRAMA_FILE
SET DEFINE OFF;
REM INSERTING into VDIRMP.VDIR_RESPUESTA
SET DEFINE OFF;
Insert into VDIRMP.VDIR_RESPUESTA (COD_RESPUESTA,DES_RESPUESTA,PUNTUACION,COD_PREGUNTA,NUMERO_RESPUESTA) values ('51','<input type="text" id="declaro" name="declaro" class="form-control campo-vd"  maxlength="400">',null,'38','1');
Insert into VDIRMP.VDIR_RESPUESTA (COD_RESPUESTA,DES_RESPUESTA,PUNTUACION,COD_PREGUNTA,NUMERO_RESPUESTA) values ('27','<label>Detalle el concepto de otros Ingresos diferentes a la Actiividad Principal</label> <input type="text" id="concept" name="concept" class="form-control campo-vd col-lg-6 col-md-6 col-sm-6" disabled>',null,'3','7');
Insert into VDIRMP.VDIR_RESPUESTA (COD_RESPUESTA,DES_RESPUESTA,PUNTUACION,COD_PREGUNTA,NUMERO_RESPUESTA) values ('11','N/A',null,'3','1');
Insert into VDIRMP.VDIR_RESPUESTA (COD_RESPUESTA,DES_RESPUESTA,PUNTUACION,COD_PREGUNTA,NUMERO_RESPUESTA) values ('28','SI',null,'34','1');
Insert into VDIRMP.VDIR_RESPUESTA (COD_RESPUESTA,DES_RESPUESTA,PUNTUACION,COD_PREGUNTA,NUMERO_RESPUESTA) values ('29','NO',null,'34','2');
Insert into VDIRMP.VDIR_RESPUESTA (COD_RESPUESTA,DES_RESPUESTA,PUNTUACION,COD_PREGUNTA,NUMERO_RESPUESTA) values ('30','<label>Nombre del banco</label> <input type="text" id="nom_banco" name="nom_banco" class="form-control campo-vd col-lg-6 col-md-6 col-sm-6" disabled >',null,'34','3');
Insert into VDIRMP.VDIR_RESPUESTA (COD_RESPUESTA,DES_RESPUESTA,PUNTUACION,COD_PREGUNTA,NUMERO_RESPUESTA) values ('31','<label>Ciudad</label> <input type="text" id="ciudad" name="ciudad" class="form-control campo-vd col-lg-6 col-md-6 col-sm-6" disabled>',null,'34','4');
Insert into VDIRMP.VDIR_RESPUESTA (COD_RESPUESTA,DES_RESPUESTA,PUNTUACION,COD_PREGUNTA,NUMERO_RESPUESTA) values ('32','<label>Pa&iacute;s</label> <input type="text" id="pais" name="pais" class="form-control campo-vd col-lg-6 col-md-6 col-sm-6" disabled >',null,'34','5');
Insert into VDIRMP.VDIR_RESPUESTA (COD_RESPUESTA,DES_RESPUESTA,PUNTUACION,COD_PREGUNTA,NUMERO_RESPUESTA) values ('33','<label>Moneda</label>',null,'34','6');
Insert into VDIRMP.VDIR_RESPUESTA (COD_RESPUESTA,DES_RESPUESTA,PUNTUACION,COD_PREGUNTA,NUMERO_RESPUESTA) values ('34','SI',null,'35','1');
Insert into VDIRMP.VDIR_RESPUESTA (COD_RESPUESTA,DES_RESPUESTA,PUNTUACION,COD_PREGUNTA,NUMERO_RESPUESTA) values ('35','NO',null,'35','2');
Insert into VDIRMP.VDIR_RESPUESTA (COD_RESPUESTA,DES_RESPUESTA,PUNTUACION,COD_PREGUNTA,NUMERO_RESPUESTA) values ('36','<label>Cargo</label> <input type="text" id="cargo" name="cargo" class="form-control campo-vd col-lg-6 col-md-6 col-sm-6" maxlength="50" disabled >',null,'35','3');
Insert into VDIRMP.VDIR_RESPUESTA (COD_RESPUESTA,DES_RESPUESTA,PUNTUACION,COD_PREGUNTA,NUMERO_RESPUESTA) values ('37','<label>Fecha de Inicio</label> <input type="text" id="fecha_ini" name="fecha_ini" class="form-control campo-vd col-lg-6 col-md-6 col-sm-6" disabled>',null,'35','4');
Insert into VDIRMP.VDIR_RESPUESTA (COD_RESPUESTA,DES_RESPUESTA,PUNTUACION,COD_PREGUNTA,NUMERO_RESPUESTA) values ('38','<label>Fecha Fin</label> <input type="text" id="fecha_fin" name="fecha_fin" class="form-control campo-vd col-lg-6 col-md-6 col-sm-6" disabled >',null,'35','5');
Insert into VDIRMP.VDIR_RESPUESTA (COD_RESPUESTA,DES_RESPUESTA,PUNTUACION,COD_PREGUNTA,NUMERO_RESPUESTA) values ('39','SI',null,'36','1');
Insert into VDIRMP.VDIR_RESPUESTA (COD_RESPUESTA,DES_RESPUESTA,PUNTUACION,COD_PREGUNTA,NUMERO_RESPUESTA) values ('40','NO',null,'36','2');
Insert into VDIRMP.VDIR_RESPUESTA (COD_RESPUESTA,DES_RESPUESTA,PUNTUACION,COD_PREGUNTA,NUMERO_RESPUESTA) values ('41','<label>Organización</label> <input type="text" id="organizacion" name="organizacion" class="form-control campo-vd col-lg-6 col-md-6 col-sm-6" maxlength="50" disabled>',null,'36','3');
Insert into VDIRMP.VDIR_RESPUESTA (COD_RESPUESTA,DES_RESPUESTA,PUNTUACION,COD_PREGUNTA,NUMERO_RESPUESTA) values ('42','<label>Fecha de Inicio</label> <input type="text" id="fecha_ini_1" name="fecha_ini_1" class="form-control campo-vd  col-lg-6 col-md-6 col-sm-6"  disabled>',null,'36','4');
Insert into VDIRMP.VDIR_RESPUESTA (COD_RESPUESTA,DES_RESPUESTA,PUNTUACION,COD_PREGUNTA,NUMERO_RESPUESTA) values ('43','<label>Fecha Fin</label> <input type="text" id="fecha_fin_1" name="fecha_fin_1" class="form-control campo-vd  col-lg-6 col-md-6 col-sm-6" disabled>',null,'36','5');
Insert into VDIRMP.VDIR_RESPUESTA (COD_RESPUESTA,DES_RESPUESTA,PUNTUACION,COD_PREGUNTA,NUMERO_RESPUESTA) values ('44','SI',null,'37','1');
Insert into VDIRMP.VDIR_RESPUESTA (COD_RESPUESTA,DES_RESPUESTA,PUNTUACION,COD_PREGUNTA,NUMERO_RESPUESTA) values ('45','NO',null,'37','2');
Insert into VDIRMP.VDIR_RESPUESTA (COD_RESPUESTA,DES_RESPUESTA,PUNTUACION,COD_PREGUNTA,NUMERO_RESPUESTA) values ('46','<label>Nombre</label> <input type="text" id="nombre_1" name="nombre_1" class="form-control campo-vd  col-lg-6 col-md-6 col-sm-6" maxlength="50" disabled >',null,'37','3');
Insert into VDIRMP.VDIR_RESPUESTA (COD_RESPUESTA,DES_RESPUESTA,PUNTUACION,COD_PREGUNTA,NUMERO_RESPUESTA) values ('47','<label>Cargo</label> <input type="text" id="cargo_1" name="cargo_1" class="form-control campo-vd  col-lg-6 col-md-6 col-sm-6" maxlength="50" disabled >',null,'37','4');
Insert into VDIRMP.VDIR_RESPUESTA (COD_RESPUESTA,DES_RESPUESTA,PUNTUACION,COD_PREGUNTA,NUMERO_RESPUESTA) values ('48','<label>Parentesco</label>',null,'37','5');
Insert into VDIRMP.VDIR_RESPUESTA (COD_RESPUESTA,DES_RESPUESTA,PUNTUACION,COD_PREGUNTA,NUMERO_RESPUESTA) values ('49','<label>(&) decreto 1674 donde se establece que las personas expuestas políticamente son aquellas que (a) Manejan recursos públicos, (b) Posee algún grado de poder público y/o (c) Tiene o
goza de reconocimiento o de influencia en la vida pública política.</label>',null,'37','6');
Insert into VDIRMP.VDIR_RESPUESTA (COD_RESPUESTA,DES_RESPUESTA,PUNTUACION,COD_PREGUNTA,NUMERO_RESPUESTA) values ('50','<label>(&&) Sociedad conyugal de hecho o derecho – Cónyuges, familiares hasta segundo grado de consanguinidad – Padres, Hijos, Abuelos, Hermanos, Nietos. Familiares hasta en el segundo
grado de afinidad – Suegros, Cuñados, Hijastros, Yernos, Nueras. Familiares hasta el primer grado civil – Padre adoptante, Hijo adoptivo.</label>',null,'37','7');
Insert into VDIRMP.VDIR_RESPUESTA (COD_RESPUESTA,DES_RESPUESTA,PUNTUACION,COD_PREGUNTA,NUMERO_RESPUESTA) values ('1','Menos de 1,5 millones',null,'1','1');
Insert into VDIRMP.VDIR_RESPUESTA (COD_RESPUESTA,DES_RESPUESTA,PUNTUACION,COD_PREGUNTA,NUMERO_RESPUESTA) values ('2','De 1,5  a menos de 2,5 millones',null,'1','2');
Insert into VDIRMP.VDIR_RESPUESTA (COD_RESPUESTA,DES_RESPUESTA,PUNTUACION,COD_PREGUNTA,NUMERO_RESPUESTA) values ('3','De 2,5  a menos de 4 millones',null,'1','3');
Insert into VDIRMP.VDIR_RESPUESTA (COD_RESPUESTA,DES_RESPUESTA,PUNTUACION,COD_PREGUNTA,NUMERO_RESPUESTA) values ('4','De 4  a menos de 7 millones',null,'1','4');
Insert into VDIRMP.VDIR_RESPUESTA (COD_RESPUESTA,DES_RESPUESTA,PUNTUACION,COD_PREGUNTA,NUMERO_RESPUESTA) values ('5','Menos de 1,5 millones',null,'2','1');
Insert into VDIRMP.VDIR_RESPUESTA (COD_RESPUESTA,DES_RESPUESTA,PUNTUACION,COD_PREGUNTA,NUMERO_RESPUESTA) values ('8','De 4  a menos de 7 millones',null,'2','4');
Insert into VDIRMP.VDIR_RESPUESTA (COD_RESPUESTA,DES_RESPUESTA,PUNTUACION,COD_PREGUNTA,NUMERO_RESPUESTA) values ('6','Menos de 1,5 millones',null,'2','2');
Insert into VDIRMP.VDIR_RESPUESTA (COD_RESPUESTA,DES_RESPUESTA,PUNTUACION,COD_PREGUNTA,NUMERO_RESPUESTA) values ('7','De 2,5  a menos de 4 millones',null,'2','3');
Insert into VDIRMP.VDIR_RESPUESTA (COD_RESPUESTA,DES_RESPUESTA,PUNTUACION,COD_PREGUNTA,NUMERO_RESPUESTA) values ('9','De 7 millones en adelante',null,'1','5');
Insert into VDIRMP.VDIR_RESPUESTA (COD_RESPUESTA,DES_RESPUESTA,PUNTUACION,COD_PREGUNTA,NUMERO_RESPUESTA) values ('10','De 7 millones en adelante',null,'2','5');
Insert into VDIRMP.VDIR_RESPUESTA (COD_RESPUESTA,DES_RESPUESTA,PUNTUACION,COD_PREGUNTA,NUMERO_RESPUESTA) values ('12','Menos de 1,5 millones',null,'3','2');
Insert into VDIRMP.VDIR_RESPUESTA (COD_RESPUESTA,DES_RESPUESTA,PUNTUACION,COD_PREGUNTA,NUMERO_RESPUESTA) values ('13','De 1,5  a menos de 2,5 millones',null,'3','3');
Insert into VDIRMP.VDIR_RESPUESTA (COD_RESPUESTA,DES_RESPUESTA,PUNTUACION,COD_PREGUNTA,NUMERO_RESPUESTA) values ('14','De 2,5  a menos de 4 millones',null,'3','4');
Insert into VDIRMP.VDIR_RESPUESTA (COD_RESPUESTA,DES_RESPUESTA,PUNTUACION,COD_PREGUNTA,NUMERO_RESPUESTA) values ('15','De 4  a menos de 7 millones',null,'3','5');
Insert into VDIRMP.VDIR_RESPUESTA (COD_RESPUESTA,DES_RESPUESTA,PUNTUACION,COD_PREGUNTA,NUMERO_RESPUESTA) values ('16','De 7 millones en adelante',null,'3','6');
Insert into VDIRMP.VDIR_RESPUESTA (COD_RESPUESTA,DES_RESPUESTA,PUNTUACION,COD_PREGUNTA,NUMERO_RESPUESTA) values ('17','SI',null,'6','1');
Insert into VDIRMP.VDIR_RESPUESTA (COD_RESPUESTA,DES_RESPUESTA,PUNTUACION,COD_PREGUNTA,NUMERO_RESPUESTA) values ('18','NO',null,'6','2');
Insert into VDIRMP.VDIR_RESPUESTA (COD_RESPUESTA,DES_RESPUESTA,PUNTUACION,COD_PREGUNTA,NUMERO_RESPUESTA) values ('19','Exportaciones',null,'7','1');
Insert into VDIRMP.VDIR_RESPUESTA (COD_RESPUESTA,DES_RESPUESTA,PUNTUACION,COD_PREGUNTA,NUMERO_RESPUESTA) values ('21','Transferencias',null,'7','3');
Insert into VDIRMP.VDIR_RESPUESTA (COD_RESPUESTA,DES_RESPUESTA,PUNTUACION,COD_PREGUNTA,NUMERO_RESPUESTA) values ('20','Importaciones',null,'7','2');
Insert into VDIRMP.VDIR_RESPUESTA (COD_RESPUESTA,DES_RESPUESTA,PUNTUACION,COD_PREGUNTA,NUMERO_RESPUESTA) values ('22','Pago de servicios',null,'7','4');
Insert into VDIRMP.VDIR_RESPUESTA (COD_RESPUESTA,DES_RESPUESTA,PUNTUACION,COD_PREGUNTA,NUMERO_RESPUESTA) values ('23','Prestamos en moneda extranjera',null,'7','5');
Insert into VDIRMP.VDIR_RESPUESTA (COD_RESPUESTA,DES_RESPUESTA,PUNTUACION,COD_PREGUNTA,NUMERO_RESPUESTA) values ('24','Inversiones',null,'7','6');
Insert into VDIRMP.VDIR_RESPUESTA (COD_RESPUESTA,DES_RESPUESTA,PUNTUACION,COD_PREGUNTA,NUMERO_RESPUESTA) values ('25','<input class="form-control campo-vd col-lg-6 col-md-6 col-sm-6" type="text" name="valor_activo" id="valor_activo"  maxlength="17">',null,'4','1');
Insert into VDIRMP.VDIR_RESPUESTA (COD_RESPUESTA,DES_RESPUESTA,PUNTUACION,COD_PREGUNTA,NUMERO_RESPUESTA) values ('26','<input class="form-control campo-vd col-lg-6 col-md-6 col-sm-6" type="text" name="valor_pasivo" id="valor_pasivo"  maxlength="17" >',null,'5','1');
REM INSERTING into VDIRMP.VDIR_RESPUESTAS_MARCADAS
SET DEFINE OFF;
Insert into VDIRMP.VDIR_RESPUESTAS_MARCADAS (COD_RESPUESTAS_MARCADAS,COD_ENCUESTA_PERSONA,COD_RESPUESTA,VALOR_RESPUESTA,COD_PREGUNTA) values ('1','53','1','1','1');
Insert into VDIRMP.VDIR_RESPUESTAS_MARCADAS (COD_RESPUESTAS_MARCADAS,COD_ENCUESTA_PERSONA,COD_RESPUESTA,VALOR_RESPUESTA,COD_PREGUNTA) values ('2','53','5','5','2');
Insert into VDIRMP.VDIR_RESPUESTAS_MARCADAS (COD_RESPUESTAS_MARCADAS,COD_ENCUESTA_PERSONA,COD_RESPUESTA,VALOR_RESPUESTA,COD_PREGUNTA) values ('3','53','12','12','3');
Insert into VDIRMP.VDIR_RESPUESTAS_MARCADAS (COD_RESPUESTAS_MARCADAS,COD_ENCUESTA_PERSONA,COD_RESPUESTA,VALOR_RESPUESTA,COD_PREGUNTA) values ('4','53','27','detalle','3');
Insert into VDIRMP.VDIR_RESPUESTAS_MARCADAS (COD_RESPUESTAS_MARCADAS,COD_ENCUESTA_PERSONA,COD_RESPUESTA,VALOR_RESPUESTA,COD_PREGUNTA) values ('5','53','25','4000','4');
Insert into VDIRMP.VDIR_RESPUESTAS_MARCADAS (COD_RESPUESTAS_MARCADAS,COD_ENCUESTA_PERSONA,COD_RESPUESTA,VALOR_RESPUESTA,COD_PREGUNTA) values ('6','53','26','8000','5');
Insert into VDIRMP.VDIR_RESPUESTAS_MARCADAS (COD_RESPUESTAS_MARCADAS,COD_ENCUESTA_PERSONA,COD_RESPUESTA,VALOR_RESPUESTA,COD_PREGUNTA) values ('7','53','17','17','6');
Insert into VDIRMP.VDIR_RESPUESTAS_MARCADAS (COD_RESPUESTAS_MARCADAS,COD_ENCUESTA_PERSONA,COD_RESPUESTA,VALOR_RESPUESTA,COD_PREGUNTA) values ('8','53','19','19','7');
Insert into VDIRMP.VDIR_RESPUESTAS_MARCADAS (COD_RESPUESTAS_MARCADAS,COD_ENCUESTA_PERSONA,COD_RESPUESTA,VALOR_RESPUESTA,COD_PREGUNTA) values ('9','53','28','28','34');
Insert into VDIRMP.VDIR_RESPUESTAS_MARCADAS (COD_RESPUESTAS_MARCADAS,COD_ENCUESTA_PERSONA,COD_RESPUESTA,VALOR_RESPUESTA,COD_PREGUNTA) values ('10','53','30','banco','34');
Insert into VDIRMP.VDIR_RESPUESTAS_MARCADAS (COD_RESPUESTAS_MARCADAS,COD_ENCUESTA_PERSONA,COD_RESPUESTA,VALOR_RESPUESTA,COD_PREGUNTA) values ('11','53','31','calir','34');
Insert into VDIRMP.VDIR_RESPUESTAS_MARCADAS (COD_RESPUESTAS_MARCADAS,COD_ENCUESTA_PERSONA,COD_RESPUESTA,VALOR_RESPUESTA,COD_PREGUNTA) values ('12','53','32','colombia','34');
Insert into VDIRMP.VDIR_RESPUESTAS_MARCADAS (COD_RESPUESTAS_MARCADAS,COD_ENCUESTA_PERSONA,COD_RESPUESTA,VALOR_RESPUESTA,COD_PREGUNTA) values ('13','53','33','1','34');
Insert into VDIRMP.VDIR_RESPUESTAS_MARCADAS (COD_RESPUESTAS_MARCADAS,COD_ENCUESTA_PERSONA,COD_RESPUESTA,VALOR_RESPUESTA,COD_PREGUNTA) values ('14','53','34','34','35');
Insert into VDIRMP.VDIR_RESPUESTAS_MARCADAS (COD_RESPUESTAS_MARCADAS,COD_ENCUESTA_PERSONA,COD_RESPUESTA,VALOR_RESPUESTA,COD_PREGUNTA) values ('15','53','36','cargo','35');
Insert into VDIRMP.VDIR_RESPUESTAS_MARCADAS (COD_RESPUESTAS_MARCADAS,COD_ENCUESTA_PERSONA,COD_RESPUESTA,VALOR_RESPUESTA,COD_PREGUNTA) values ('16','53','37','2018/12/12','35');
Insert into VDIRMP.VDIR_RESPUESTAS_MARCADAS (COD_RESPUESTAS_MARCADAS,COD_ENCUESTA_PERSONA,COD_RESPUESTA,VALOR_RESPUESTA,COD_PREGUNTA) values ('17','53','38','2018/12/13','35');
Insert into VDIRMP.VDIR_RESPUESTAS_MARCADAS (COD_RESPUESTAS_MARCADAS,COD_ENCUESTA_PERSONA,COD_RESPUESTA,VALOR_RESPUESTA,COD_PREGUNTA) values ('18','53','39','39','36');
Insert into VDIRMP.VDIR_RESPUESTAS_MARCADAS (COD_RESPUESTAS_MARCADAS,COD_ENCUESTA_PERSONA,COD_RESPUESTA,VALOR_RESPUESTA,COD_PREGUNTA) values ('19','53','41','oraganizacion','36');
Insert into VDIRMP.VDIR_RESPUESTAS_MARCADAS (COD_RESPUESTAS_MARCADAS,COD_ENCUESTA_PERSONA,COD_RESPUESTA,VALOR_RESPUESTA,COD_PREGUNTA) values ('20','53','42','2018/12/13','36');
Insert into VDIRMP.VDIR_RESPUESTAS_MARCADAS (COD_RESPUESTAS_MARCADAS,COD_ENCUESTA_PERSONA,COD_RESPUESTA,VALOR_RESPUESTA,COD_PREGUNTA) values ('21','53','43','2018/12/28','36');
Insert into VDIRMP.VDIR_RESPUESTAS_MARCADAS (COD_RESPUESTAS_MARCADAS,COD_ENCUESTA_PERSONA,COD_RESPUESTA,VALOR_RESPUESTA,COD_PREGUNTA) values ('22','53','44','44','37');
Insert into VDIRMP.VDIR_RESPUESTAS_MARCADAS (COD_RESPUESTAS_MARCADAS,COD_ENCUESTA_PERSONA,COD_RESPUESTA,VALOR_RESPUESTA,COD_PREGUNTA) values ('23','53','46','nombre1','37');
Insert into VDIRMP.VDIR_RESPUESTAS_MARCADAS (COD_RESPUESTAS_MARCADAS,COD_ENCUESTA_PERSONA,COD_RESPUESTA,VALOR_RESPUESTA,COD_PREGUNTA) values ('24','53','47','caargo1','37');
Insert into VDIRMP.VDIR_RESPUESTAS_MARCADAS (COD_RESPUESTAS_MARCADAS,COD_ENCUESTA_PERSONA,COD_RESPUESTA,VALOR_RESPUESTA,COD_PREGUNTA) values ('25','53','48','1','37');
Insert into VDIRMP.VDIR_RESPUESTAS_MARCADAS (COD_RESPUESTAS_MARCADAS,COD_ENCUESTA_PERSONA,COD_RESPUESTA,VALOR_RESPUESTA,COD_PREGUNTA) values ('26','53','51','hla mdno','38');
Insert into VDIRMP.VDIR_RESPUESTAS_MARCADAS (COD_RESPUESTAS_MARCADAS,COD_ENCUESTA_PERSONA,COD_RESPUESTA,VALOR_RESPUESTA,COD_PREGUNTA) values ('27','54','1','1','1');
Insert into VDIRMP.VDIR_RESPUESTAS_MARCADAS (COD_RESPUESTAS_MARCADAS,COD_ENCUESTA_PERSONA,COD_RESPUESTA,VALOR_RESPUESTA,COD_PREGUNTA) values ('28','54','5','5','2');
Insert into VDIRMP.VDIR_RESPUESTAS_MARCADAS (COD_RESPUESTAS_MARCADAS,COD_ENCUESTA_PERSONA,COD_RESPUESTA,VALOR_RESPUESTA,COD_PREGUNTA) values ('29','54','13','13','3');
Insert into VDIRMP.VDIR_RESPUESTAS_MARCADAS (COD_RESPUESTAS_MARCADAS,COD_ENCUESTA_PERSONA,COD_RESPUESTA,VALOR_RESPUESTA,COD_PREGUNTA) values ('30','54','27','detalle1','3');
Insert into VDIRMP.VDIR_RESPUESTAS_MARCADAS (COD_RESPUESTAS_MARCADAS,COD_ENCUESTA_PERSONA,COD_RESPUESTA,VALOR_RESPUESTA,COD_PREGUNTA) values ('31','54','25','5666','4');
Insert into VDIRMP.VDIR_RESPUESTAS_MARCADAS (COD_RESPUESTAS_MARCADAS,COD_ENCUESTA_PERSONA,COD_RESPUESTA,VALOR_RESPUESTA,COD_PREGUNTA) values ('32','54','26','6777','5');
Insert into VDIRMP.VDIR_RESPUESTAS_MARCADAS (COD_RESPUESTAS_MARCADAS,COD_ENCUESTA_PERSONA,COD_RESPUESTA,VALOR_RESPUESTA,COD_PREGUNTA) values ('33','54','17','17','6');
Insert into VDIRMP.VDIR_RESPUESTAS_MARCADAS (COD_RESPUESTAS_MARCADAS,COD_ENCUESTA_PERSONA,COD_RESPUESTA,VALOR_RESPUESTA,COD_PREGUNTA) values ('34','54','19','19','7');
Insert into VDIRMP.VDIR_RESPUESTAS_MARCADAS (COD_RESPUESTAS_MARCADAS,COD_ENCUESTA_PERSONA,COD_RESPUESTA,VALOR_RESPUESTA,COD_PREGUNTA) values ('35','54','28','28','34');
Insert into VDIRMP.VDIR_RESPUESTAS_MARCADAS (COD_RESPUESTAS_MARCADAS,COD_ENCUESTA_PERSONA,COD_RESPUESTA,VALOR_RESPUESTA,COD_PREGUNTA) values ('36','54','30','fdf','34');
Insert into VDIRMP.VDIR_RESPUESTAS_MARCADAS (COD_RESPUESTAS_MARCADAS,COD_ENCUESTA_PERSONA,COD_RESPUESTA,VALOR_RESPUESTA,COD_PREGUNTA) values ('37','54','31','ddf','34');
Insert into VDIRMP.VDIR_RESPUESTAS_MARCADAS (COD_RESPUESTAS_MARCADAS,COD_ENCUESTA_PERSONA,COD_RESPUESTA,VALOR_RESPUESTA,COD_PREGUNTA) values ('38','54','32','vcv','34');
Insert into VDIRMP.VDIR_RESPUESTAS_MARCADAS (COD_RESPUESTAS_MARCADAS,COD_ENCUESTA_PERSONA,COD_RESPUESTA,VALOR_RESPUESTA,COD_PREGUNTA) values ('39','54','33','1','34');
Insert into VDIRMP.VDIR_RESPUESTAS_MARCADAS (COD_RESPUESTAS_MARCADAS,COD_ENCUESTA_PERSONA,COD_RESPUESTA,VALOR_RESPUESTA,COD_PREGUNTA) values ('40','54','34','34','35');
Insert into VDIRMP.VDIR_RESPUESTAS_MARCADAS (COD_RESPUESTAS_MARCADAS,COD_ENCUESTA_PERSONA,COD_RESPUESTA,VALOR_RESPUESTA,COD_PREGUNTA) values ('41','54','36','vcvc','35');
Insert into VDIRMP.VDIR_RESPUESTAS_MARCADAS (COD_RESPUESTAS_MARCADAS,COD_ENCUESTA_PERSONA,COD_RESPUESTA,VALOR_RESPUESTA,COD_PREGUNTA) values ('42','54','37','2018/12/13','35');
Insert into VDIRMP.VDIR_RESPUESTAS_MARCADAS (COD_RESPUESTAS_MARCADAS,COD_ENCUESTA_PERSONA,COD_RESPUESTA,VALOR_RESPUESTA,COD_PREGUNTA) values ('43','54','38','2018/12/28','35');
Insert into VDIRMP.VDIR_RESPUESTAS_MARCADAS (COD_RESPUESTAS_MARCADAS,COD_ENCUESTA_PERSONA,COD_RESPUESTA,VALOR_RESPUESTA,COD_PREGUNTA) values ('44','54','39','39','36');
Insert into VDIRMP.VDIR_RESPUESTAS_MARCADAS (COD_RESPUESTAS_MARCADAS,COD_ENCUESTA_PERSONA,COD_RESPUESTA,VALOR_RESPUESTA,COD_PREGUNTA) values ('45','54','41','cvcv','36');
Insert into VDIRMP.VDIR_RESPUESTAS_MARCADAS (COD_RESPUESTAS_MARCADAS,COD_ENCUESTA_PERSONA,COD_RESPUESTA,VALOR_RESPUESTA,COD_PREGUNTA) values ('46','54','42','2018/12/05','36');
Insert into VDIRMP.VDIR_RESPUESTAS_MARCADAS (COD_RESPUESTAS_MARCADAS,COD_ENCUESTA_PERSONA,COD_RESPUESTA,VALOR_RESPUESTA,COD_PREGUNTA) values ('47','54','43','2018/12/21','36');
Insert into VDIRMP.VDIR_RESPUESTAS_MARCADAS (COD_RESPUESTAS_MARCADAS,COD_ENCUESTA_PERSONA,COD_RESPUESTA,VALOR_RESPUESTA,COD_PREGUNTA) values ('48','54','44','44','37');
Insert into VDIRMP.VDIR_RESPUESTAS_MARCADAS (COD_RESPUESTAS_MARCADAS,COD_ENCUESTA_PERSONA,COD_RESPUESTA,VALOR_RESPUESTA,COD_PREGUNTA) values ('49','54','46','trtrt','37');
Insert into VDIRMP.VDIR_RESPUESTAS_MARCADAS (COD_RESPUESTAS_MARCADAS,COD_ENCUESTA_PERSONA,COD_RESPUESTA,VALOR_RESPUESTA,COD_PREGUNTA) values ('50','54','47','gfgf','37');
Insert into VDIRMP.VDIR_RESPUESTAS_MARCADAS (COD_RESPUESTAS_MARCADAS,COD_ENCUESTA_PERSONA,COD_RESPUESTA,VALOR_RESPUESTA,COD_PREGUNTA) values ('51','54','48','1','37');
Insert into VDIRMP.VDIR_RESPUESTAS_MARCADAS (COD_RESPUESTAS_MARCADAS,COD_ENCUESTA_PERSONA,COD_RESPUESTA,VALOR_RESPUESTA,COD_PREGUNTA) values ('52','54','51','cvcv','38');
REM INSERTING into VDIRMP.VDIR_ROL
SET DEFINE OFF;
Insert into VDIRMP.VDIR_ROL (COD_ROL,DES_ROL,COD_ESTADO) values ('1','Usuario','1');
Insert into VDIRMP.VDIR_ROL (COD_ROL,DES_ROL,COD_ESTADO) values ('2','Auditor','1');
REM INSERTING into VDIRMP.VDIR_ROL_USUARIO
SET DEFINE OFF;
Insert into VDIRMP.VDIR_ROL_USUARIO (COD_ROL_USUARIO,COD_USUARIO,COD_ROL) values ('1','2','1');
Insert into VDIRMP.VDIR_ROL_USUARIO (COD_ROL_USUARIO,COD_USUARIO,COD_ROL) values ('21','21','1');
REM INSERTING into VDIRMP.VDIR_SEGURO
SET DEFINE OFF;
Insert into VDIRMP.VDIR_SEGURO (COD_SEGURO,DES_SEGURO,COD_PROGRAMA,VALOR,COD_ESTADO) values ('1','Eventos criticos','1','20000','1');
Insert into VDIRMP.VDIR_SEGURO (COD_SEGURO,DES_SEGURO,COD_PROGRAMA,VALOR,COD_ESTADO) values ('2','Desempleo','1','30000','1');
REM INSERTING into VDIRMP.VDIR_SEXO
SET DEFINE OFF;
Insert into VDIRMP.VDIR_SEXO (COD_SEXO,DES_SEXO,COD_ESTADO,DES_ABR) values ('1','Masculino','1','M');
Insert into VDIRMP.VDIR_SEXO (COD_SEXO,DES_SEXO,COD_ESTADO,DES_ABR) values ('2','Femenino','1','F');
REM INSERTING into VDIRMP.VDIR_TARIFA
SET DEFINE OFF;
REM INSERTING into VDIRMP.VDIR_TIPO_FILE
SET DEFINE OFF;
Insert into VDIRMP.VDIR_TIPO_FILE (COD_TIPO_FILE,DES_TIPO_FILE,COD_ESTADO) values ('1','Cobertura inicial','1');
Insert into VDIRMP.VDIR_TIPO_FILE (COD_TIPO_FILE,DES_TIPO_FILE,COD_ESTADO) values ('2','Cobertura_final','1');
Insert into VDIRMP.VDIR_TIPO_FILE (COD_TIPO_FILE,DES_TIPO_FILE,COD_ESTADO) values ('3','Contrato programa','1');
REM INSERTING into VDIRMP.VDIR_TIPO_IDENTIFICACION
SET DEFINE OFF;
Insert into VDIRMP.VDIR_TIPO_IDENTIFICACION (COD_TIPO_IDENTIFICACION,DES_TIPO_IDENTIFICACION,COD_ESTADO,DES_ABR) values ('1','Cedula','1','CC');
Insert into VDIRMP.VDIR_TIPO_IDENTIFICACION (COD_TIPO_IDENTIFICACION,DES_TIPO_IDENTIFICACION,COD_ESTADO,DES_ABR) values ('2','Nit','1','NIT');
Insert into VDIRMP.VDIR_TIPO_IDENTIFICACION (COD_TIPO_IDENTIFICACION,DES_TIPO_IDENTIFICACION,COD_ESTADO,DES_ABR) values ('3','Cedula extrangeria','1','CE');
Insert into VDIRMP.VDIR_TIPO_IDENTIFICACION (COD_TIPO_IDENTIFICACION,DES_TIPO_IDENTIFICACION,COD_ESTADO,DES_ABR) values ('4','Pasaporte','1','PASS');
Insert into VDIRMP.VDIR_TIPO_IDENTIFICACION (COD_TIPO_IDENTIFICACION,DES_TIPO_IDENTIFICACION,COD_ESTADO,DES_ABR) values ('5','PERMISO ESPECIAL DE PERMANECIA','1','PE');
Insert into VDIRMP.VDIR_TIPO_IDENTIFICACION (COD_TIPO_IDENTIFICACION,DES_TIPO_IDENTIFICACION,COD_ESTADO,DES_ABR) values ('6','Registro Civil de Nacimiento','1','RC');
Insert into VDIRMP.VDIR_TIPO_IDENTIFICACION (COD_TIPO_IDENTIFICACION,DES_TIPO_IDENTIFICACION,COD_ESTADO,DES_ABR) values ('7','Tarjeta de Identidad','1','TI');
Insert into VDIRMP.VDIR_TIPO_IDENTIFICACION (COD_TIPO_IDENTIFICACION,DES_TIPO_IDENTIFICACION,COD_ESTADO,DES_ABR) values ('8','Bebe gestante       ','1','BG');
REM INSERTING into VDIRMP.VDIR_TIPO_PAGO
SET DEFINE OFF;
Insert into VDIRMP.VDIR_TIPO_PAGO (COD_TIPO_PAGO,DES_TIPO_PAGO,COD_ESTADO) values ('1','Primera cuota','1');
Insert into VDIRMP.VDIR_TIPO_PAGO (COD_TIPO_PAGO,DES_TIPO_PAGO,COD_ESTADO) values ('2','Semestral','1');
Insert into VDIRMP.VDIR_TIPO_PAGO (COD_TIPO_PAGO,DES_TIPO_PAGO,COD_ESTADO) values ('3','Anual','1');
REM INSERTING into VDIRMP.VDIR_TIPO_PERSONA
SET DEFINE OFF;
Insert into VDIRMP.VDIR_TIPO_PERSONA (COD_TIPO_PERSONA,DES_TIPO_PERSONA,COD_ESTADO) values ('1','Contratante','1');
Insert into VDIRMP.VDIR_TIPO_PERSONA (COD_TIPO_PERSONA,DES_TIPO_PERSONA,COD_ESTADO) values ('2','Beneficiario','1');
REM INSERTING into VDIRMP.VDIR_TIPO_SOLICITUD
SET DEFINE OFF;
Insert into VDIRMP.VDIR_TIPO_SOLICITUD (COD_TIPO_SOLICITUD,DES_TIPO_SOLICITUD,COD_ESTADO) values ('1','Inclusion','1');
Insert into VDIRMP.VDIR_TIPO_SOLICITUD (COD_TIPO_SOLICITUD,DES_TIPO_SOLICITUD,COD_ESTADO) values ('2','Venta_nueva','1');
REM INSERTING into VDIRMP.VDIR_TIPO_TARIFA
SET DEFINE OFF;
Insert into VDIRMP.VDIR_TIPO_TARIFA (COD_TIPO_TARIFA,DES_TIPO_TARIFA,COD_ESTADO) values ('1','Promoción','1');
Insert into VDIRMP.VDIR_TIPO_TARIFA (COD_TIPO_TARIFA,DES_TIPO_TARIFA,COD_ESTADO) values ('2','Normal','1');
REM INSERTING into VDIRMP.VDIR_TIPO_VIA
SET DEFINE OFF;
Insert into VDIRMP.VDIR_TIPO_VIA (COD_TIPO_VIA,DES_TIPO_VIA,COD_ESTADO,ABR_TIPO_VIA) values ('1','Apartado Aereo','1','AA');
Insert into VDIRMP.VDIR_TIPO_VIA (COD_TIPO_VIA,DES_TIPO_VIA,COD_ESTADO,ABR_TIPO_VIA) values ('2','Avenida Calle','1','AC');
Insert into VDIRMP.VDIR_TIPO_VIA (COD_TIPO_VIA,DES_TIPO_VIA,COD_ESTADO,ABR_TIPO_VIA) values ('3','Administracion','1','AD');
Insert into VDIRMP.VDIR_TIPO_VIA (COD_TIPO_VIA,DES_TIPO_VIA,COD_ESTADO,ABR_TIPO_VIA) values ('4','Aeropuerto','1','AE');
Insert into VDIRMP.VDIR_TIPO_VIA (COD_TIPO_VIA,DES_TIPO_VIA,COD_ESTADO,ABR_TIPO_VIA) values ('5','Avenida Carrera','1','AK');
Insert into VDIRMP.VDIR_TIPO_VIA (COD_TIPO_VIA,DES_TIPO_VIA,COD_ESTADO,ABR_TIPO_VIA) values ('6','Altillo','1','AL');
Insert into VDIRMP.VDIR_TIPO_VIA (COD_TIPO_VIA,DES_TIPO_VIA,COD_ESTADO,ABR_TIPO_VIA) values ('7','Apartamento','1','AP');
Insert into VDIRMP.VDIR_TIPO_VIA (COD_TIPO_VIA,DES_TIPO_VIA,COD_ESTADO,ABR_TIPO_VIA) values ('8','Autopista','1','AU');
Insert into VDIRMP.VDIR_TIPO_VIA (COD_TIPO_VIA,DES_TIPO_VIA,COD_ESTADO,ABR_TIPO_VIA) values ('9','Avenida','1','AV');
Insert into VDIRMP.VDIR_TIPO_VIA (COD_TIPO_VIA,DES_TIPO_VIA,COD_ESTADO,ABR_TIPO_VIA) values ('10','Bodega','1','BG');
Insert into VDIRMP.VDIR_TIPO_VIA (COD_TIPO_VIA,DES_TIPO_VIA,COD_ESTADO,ABR_TIPO_VIA) values ('11','Bulevar','1','BL');
Insert into VDIRMP.VDIR_TIPO_VIA (COD_TIPO_VIA,DES_TIPO_VIA,COD_ESTADO,ABR_TIPO_VIA) values ('12','Bloque','1','BQ');
Insert into VDIRMP.VDIR_TIPO_VIA (COD_TIPO_VIA,DES_TIPO_VIA,COD_ESTADO,ABR_TIPO_VIA) values ('13','Barrio','1','BR');
Insert into VDIRMP.VDIR_TIPO_VIA (COD_TIPO_VIA,DES_TIPO_VIA,COD_ESTADO,ABR_TIPO_VIA) values ('14','Centro Comercial','1','CC');
Insert into VDIRMP.VDIR_TIPO_VIA (COD_TIPO_VIA,DES_TIPO_VIA,COD_ESTADO,ABR_TIPO_VIA) values ('15','Ciudadela','1','CD');
Insert into VDIRMP.VDIR_TIPO_VIA (COD_TIPO_VIA,DES_TIPO_VIA,COD_ESTADO,ABR_TIPO_VIA) values ('16','Centro Comercial','1','CE');
Insert into VDIRMP.VDIR_TIPO_VIA (COD_TIPO_VIA,DES_TIPO_VIA,COD_ESTADO,ABR_TIPO_VIA) values ('17','Calle','1','CL');
Insert into VDIRMP.VDIR_TIPO_VIA (COD_TIPO_VIA,DES_TIPO_VIA,COD_ESTADO,ABR_TIPO_VIA) values ('18','Condominio','1','CM');
Insert into VDIRMP.VDIR_TIPO_VIA (COD_TIPO_VIA,DES_TIPO_VIA,COD_ESTADO,ABR_TIPO_VIA) values ('19','Conjunto','1','CO');
Insert into VDIRMP.VDIR_TIPO_VIA (COD_TIPO_VIA,DES_TIPO_VIA,COD_ESTADO,ABR_TIPO_VIA) values ('20','Circular','1','CQ');
Insert into VDIRMP.VDIR_TIPO_VIA (COD_TIPO_VIA,DES_TIPO_VIA,COD_ESTADO,ABR_TIPO_VIA) values ('21','Casa','1','CS');
Insert into VDIRMP.VDIR_TIPO_VIA (COD_TIPO_VIA,DES_TIPO_VIA,COD_ESTADO,ABR_TIPO_VIA) values ('22','Carretera','1','CT');
Insert into VDIRMP.VDIR_TIPO_VIA (COD_TIPO_VIA,DES_TIPO_VIA,COD_ESTADO,ABR_TIPO_VIA) values ('23','Circunvalar','1','CV');
Insert into VDIRMP.VDIR_TIPO_VIA (COD_TIPO_VIA,DES_TIPO_VIA,COD_ESTADO,ABR_TIPO_VIA) values ('24','Diagonal','1','DG');
Insert into VDIRMP.VDIR_TIPO_VIA (COD_TIPO_VIA,DES_TIPO_VIA,COD_ESTADO,ABR_TIPO_VIA) values ('25','Deposito','1','DP');
Insert into VDIRMP.VDIR_TIPO_VIA (COD_TIPO_VIA,DES_TIPO_VIA,COD_ESTADO,ABR_TIPO_VIA) values ('26','Edificio','1','ED');
Insert into VDIRMP.VDIR_TIPO_VIA (COD_TIPO_VIA,DES_TIPO_VIA,COD_ESTADO,ABR_TIPO_VIA) values ('27','Entrada','1','EN');
Insert into VDIRMP.VDIR_TIPO_VIA (COD_TIPO_VIA,DES_TIPO_VIA,COD_ESTADO,ABR_TIPO_VIA) values ('28','Esquina','1','EQ');
Insert into VDIRMP.VDIR_TIPO_VIA (COD_TIPO_VIA,DES_TIPO_VIA,COD_ESTADO,ABR_TIPO_VIA) values ('29','Escalera','1','ES');
Insert into VDIRMP.VDIR_TIPO_VIA (COD_TIPO_VIA,DES_TIPO_VIA,COD_ESTADO,ABR_TIPO_VIA) values ('30','Etapa','1','ET');
Insert into VDIRMP.VDIR_TIPO_VIA (COD_TIPO_VIA,DES_TIPO_VIA,COD_ESTADO,ABR_TIPO_VIA) values ('31','Finca','1','FI');
Insert into VDIRMP.VDIR_TIPO_VIA (COD_TIPO_VIA,DES_TIPO_VIA,COD_ESTADO,ABR_TIPO_VIA) values ('32','Garaje','1','GR');
Insert into VDIRMP.VDIR_TIPO_VIA (COD_TIPO_VIA,DES_TIPO_VIA,COD_ESTADO,ABR_TIPO_VIA) values ('33','Garaje Sotano','1','GS');
Insert into VDIRMP.VDIR_TIPO_VIA (COD_TIPO_VIA,DES_TIPO_VIA,COD_ESTADO,ABR_TIPO_VIA) values ('34','Interior','1','IN');
Insert into VDIRMP.VDIR_TIPO_VIA (COD_TIPO_VIA,DES_TIPO_VIA,COD_ESTADO,ABR_TIPO_VIA) values ('35','Kilometro','1','KM');
Insert into VDIRMP.VDIR_TIPO_VIA (COD_TIPO_VIA,DES_TIPO_VIA,COD_ESTADO,ABR_TIPO_VIA) values ('36','Carrera','1','KR');
Insert into VDIRMP.VDIR_TIPO_VIA (COD_TIPO_VIA,DES_TIPO_VIA,COD_ESTADO,ABR_TIPO_VIA) values ('37','Local','1','LC');
Insert into VDIRMP.VDIR_TIPO_VIA (COD_TIPO_VIA,DES_TIPO_VIA,COD_ESTADO,ABR_TIPO_VIA) values ('38','Local Mezzanine','1','LM');
Insert into VDIRMP.VDIR_TIPO_VIA (COD_TIPO_VIA,DES_TIPO_VIA,COD_ESTADO,ABR_TIPO_VIA) values ('39','Lote','1','LT');
Insert into VDIRMP.VDIR_TIPO_VIA (COD_TIPO_VIA,DES_TIPO_VIA,COD_ESTADO,ABR_TIPO_VIA) values ('40','Mezzanine','1','MN');
Insert into VDIRMP.VDIR_TIPO_VIA (COD_TIPO_VIA,DES_TIPO_VIA,COD_ESTADO,ABR_TIPO_VIA) values ('41','Manzana','1','MZ');
Insert into VDIRMP.VDIR_TIPO_VIA (COD_TIPO_VIA,DES_TIPO_VIA,COD_ESTADO,ABR_TIPO_VIA) values ('42','Parqueadero','1','PA');
Insert into VDIRMP.VDIR_TIPO_VIA (COD_TIPO_VIA,DES_TIPO_VIA,COD_ESTADO,ABR_TIPO_VIA) values ('43','Predio','1','PD');
Insert into VDIRMP.VDIR_TIPO_VIA (COD_TIPO_VIA,DES_TIPO_VIA,COD_ESTADO,ABR_TIPO_VIA) values ('44','Pent House','1','PH');
Insert into VDIRMP.VDIR_TIPO_VIA (COD_TIPO_VIA,DES_TIPO_VIA,COD_ESTADO,ABR_TIPO_VIA) values ('45','Piso','1','PI');
Insert into VDIRMP.VDIR_TIPO_VIA (COD_TIPO_VIA,DES_TIPO_VIA,COD_ESTADO,ABR_TIPO_VIA) values ('46','Pasaje','1','PJ');
Insert into VDIRMP.VDIR_TIPO_VIA (COD_TIPO_VIA,DES_TIPO_VIA,COD_ESTADO,ABR_TIPO_VIA) values ('47','Planta','1','PL');
Insert into VDIRMP.VDIR_TIPO_VIA (COD_TIPO_VIA,DES_TIPO_VIA,COD_ESTADO,ABR_TIPO_VIA) values ('48','Parque','1','PQ');
Insert into VDIRMP.VDIR_TIPO_VIA (COD_TIPO_VIA,DES_TIPO_VIA,COD_ESTADO,ABR_TIPO_VIA) values ('49','Porteria','1','PR');
Insert into VDIRMP.VDIR_TIPO_VIA (COD_TIPO_VIA,DES_TIPO_VIA,COD_ESTADO,ABR_TIPO_VIA) values ('50','Paseo','1','PS');
Insert into VDIRMP.VDIR_TIPO_VIA (COD_TIPO_VIA,DES_TIPO_VIA,COD_ESTADO,ABR_TIPO_VIA) values ('51','Puesto','1','PT');
Insert into VDIRMP.VDIR_TIPO_VIA (COD_TIPO_VIA,DES_TIPO_VIA,COD_ESTADO,ABR_TIPO_VIA) values ('52','Puesto','1','PU');
Insert into VDIRMP.VDIR_TIPO_VIA (COD_TIPO_VIA,DES_TIPO_VIA,COD_ESTADO,ABR_TIPO_VIA) values ('53','Round Point Glorieta','1','RP');
Insert into VDIRMP.VDIR_TIPO_VIA (COD_TIPO_VIA,DES_TIPO_VIA,COD_ESTADO,ABR_TIPO_VIA) values ('54','Semisotano','1','SS');
Insert into VDIRMP.VDIR_TIPO_VIA (COD_TIPO_VIA,DES_TIPO_VIA,COD_ESTADO,ABR_TIPO_VIA) values ('55','Suite','1','ST');
Insert into VDIRMP.VDIR_TIPO_VIA (COD_TIPO_VIA,DES_TIPO_VIA,COD_ESTADO,ABR_TIPO_VIA) values ('56','Torre','1','TO');
Insert into VDIRMP.VDIR_TIPO_VIA (COD_TIPO_VIA,DES_TIPO_VIA,COD_ESTADO,ABR_TIPO_VIA) values ('57','Transversal','1','TV');
Insert into VDIRMP.VDIR_TIPO_VIA (COD_TIPO_VIA,DES_TIPO_VIA,COD_ESTADO,ABR_TIPO_VIA) values ('58','Terraza','1','TZ');
Insert into VDIRMP.VDIR_TIPO_VIA (COD_TIPO_VIA,DES_TIPO_VIA,COD_ESTADO,ABR_TIPO_VIA) values ('59','Unidad Residencial','1','UN');
Insert into VDIRMP.VDIR_TIPO_VIA (COD_TIPO_VIA,DES_TIPO_VIA,COD_ESTADO,ABR_TIPO_VIA) values ('60','Urbanizacion','1','UR');
Insert into VDIRMP.VDIR_TIPO_VIA (COD_TIPO_VIA,DES_TIPO_VIA,COD_ESTADO,ABR_TIPO_VIA) values ('61','Vía','1','VI');
Insert into VDIRMP.VDIR_TIPO_VIA (COD_TIPO_VIA,DES_TIPO_VIA,COD_ESTADO,ABR_TIPO_VIA) values ('62','Variante','1','VT');
Insert into VDIRMP.VDIR_TIPO_VIA (COD_TIPO_VIA,DES_TIPO_VIA,COD_ESTADO,ABR_TIPO_VIA) values ('63','X','1','XX');
Insert into VDIRMP.VDIR_TIPO_VIA (COD_TIPO_VIA,DES_TIPO_VIA,COD_ESTADO,ABR_TIPO_VIA) values ('64','Zona','1','ZN');
REM INSERTING into VDIRMP.VDIR_USUARIO
SET DEFINE OFF;
Insert into VDIRMP.VDIR_USUARIO (COD_USUARIO,LOGIN,CLAVE,COD_PERSONA,COD_ESTADO,CODIGO_SEGURIDAD,COD_PLAN) values ('2','felipe','nAQP1cNi81CEdI8v7TXTuQ==','12','1','8959',null);
Insert into VDIRMP.VDIR_USUARIO (COD_USUARIO,LOGIN,CLAVE,COD_PERSONA,COD_ESTADO,CODIGO_SEGURIDAD,COD_PLAN) values ('21','casti','ai5Q6bzxQPWkT5Cy11bFRw==','21','1',null,'2');
--------------------------------------------------------
--  DDL for Index SYS_C0010013
--------------------------------------------------------

  CREATE UNIQUE INDEX "VDIRMP"."SYS_C0010013" ON "VDIRMP"."VDIR_TIPO_FILE" ("COD_TIPO_FILE") 
  PCTFREE 10 INITRANS 2 MAXTRANS 255 COMPUTE STATISTICS 
  STORAGE(INITIAL 65536 NEXT 1048576 MINEXTENTS 1 MAXEXTENTS 2147483645
  PCTINCREASE 0 FREELISTS 1 FREELIST GROUPS 1 BUFFER_POOL DEFAULT)
  TABLESPACE "USERS" ;
--------------------------------------------------------
--  DDL for Index SYS_C0010016
--------------------------------------------------------

  CREATE UNIQUE INDEX "VDIRMP"."SYS_C0010016" ON "VDIRMP"."VDIR_FILE" ("COD_FILE") 
  PCTFREE 10 INITRANS 2 MAXTRANS 255 COMPUTE STATISTICS 
  STORAGE(INITIAL 65536 NEXT 1048576 MINEXTENTS 1 MAXEXTENTS 2147483645
  PCTINCREASE 0 FREELISTS 1 FREELIST GROUPS 1 BUFFER_POOL DEFAULT)
  TABLESPACE "USERS" ;
--------------------------------------------------------
--  DDL for Index SYS_C0010021
--------------------------------------------------------

  CREATE UNIQUE INDEX "VDIRMP"."SYS_C0010021" ON "VDIRMP"."VDIR_FILE_BENEFICIARIO" ("COD_FILE_BENEFICIARIO") 
  PCTFREE 10 INITRANS 2 MAXTRANS 255 COMPUTE STATISTICS 
  STORAGE(INITIAL 65536 NEXT 1048576 MINEXTENTS 1 MAXEXTENTS 2147483645
  PCTINCREASE 0 FREELISTS 1 FREELIST GROUPS 1 BUFFER_POOL DEFAULT)
  TABLESPACE "USERS" ;
--------------------------------------------------------
--  DDL for Index SYS_C0010027
--------------------------------------------------------

  CREATE UNIQUE INDEX "VDIRMP"."SYS_C0010027" ON "VDIRMP"."VDIR_ENCUESTA" ("COD_ENCUESTA") 
  PCTFREE 10 INITRANS 2 MAXTRANS 255 COMPUTE STATISTICS 
  STORAGE(INITIAL 65536 NEXT 1048576 MINEXTENTS 1 MAXEXTENTS 2147483645
  PCTINCREASE 0 FREELISTS 1 FREELIST GROUPS 1 BUFFER_POOL DEFAULT)
  TABLESPACE "USERS" ;
--------------------------------------------------------
--  DDL for Index SYS_C0010032
--------------------------------------------------------

  CREATE UNIQUE INDEX "VDIRMP"."SYS_C0010032" ON "VDIRMP"."VDIR_PREGUNTA" ("COD_PREGUNTA") 
  PCTFREE 10 INITRANS 2 MAXTRANS 255 COMPUTE STATISTICS 
  STORAGE(INITIAL 65536 NEXT 1048576 MINEXTENTS 1 MAXEXTENTS 2147483645
  PCTINCREASE 0 FREELISTS 1 FREELIST GROUPS 1 BUFFER_POOL DEFAULT)
  TABLESPACE "USERS" ;
--------------------------------------------------------
--  DDL for Index SYS_C0010037
--------------------------------------------------------

  CREATE UNIQUE INDEX "VDIRMP"."SYS_C0010037" ON "VDIRMP"."VDIR_RESPUESTA" ("COD_RESPUESTA") 
  PCTFREE 10 INITRANS 2 MAXTRANS 255 COMPUTE STATISTICS 
  STORAGE(INITIAL 65536 NEXT 1048576 MINEXTENTS 1 MAXEXTENTS 2147483645
  PCTINCREASE 0 FREELISTS 1 FREELIST GROUPS 1 BUFFER_POOL DEFAULT)
  TABLESPACE "USERS" ;
--------------------------------------------------------
--  DDL for Index SYS_C0010082
--------------------------------------------------------

  CREATE UNIQUE INDEX "VDIRMP"."SYS_C0010082" ON "VDIRMP"."VDIR_IMPUESTO" ("COD_IMPUESTO") 
  PCTFREE 10 INITRANS 2 MAXTRANS 255 COMPUTE STATISTICS 
  STORAGE(INITIAL 65536 NEXT 1048576 MINEXTENTS 1 MAXEXTENTS 2147483645
  PCTINCREASE 0 FREELISTS 1 FREELIST GROUPS 1 BUFFER_POOL DEFAULT)
  TABLESPACE "USERS" ;
--------------------------------------------------------
--  DDL for Index SYS_C0010089
--------------------------------------------------------

  CREATE UNIQUE INDEX "VDIRMP"."SYS_C0010089" ON "VDIRMP"."VDIR_SEGURO" ("COD_SEGURO") 
  PCTFREE 10 INITRANS 2 MAXTRANS 255 COMPUTE STATISTICS 
  STORAGE(INITIAL 65536 NEXT 1048576 MINEXTENTS 1 MAXEXTENTS 2147483645
  PCTINCREASE 0 FREELISTS 1 FREELIST GROUPS 1 BUFFER_POOL DEFAULT)
  TABLESPACE "USERS" ;
--------------------------------------------------------
--  DDL for Index SYS_C0010095
--------------------------------------------------------

  CREATE UNIQUE INDEX "VDIRMP"."SYS_C0010095" ON "VDIRMP"."VDIR_TIPO_PAGO" ("COD_TIPO_PAGO") 
  PCTFREE 10 INITRANS 2 MAXTRANS 255 COMPUTE STATISTICS 
  STORAGE(INITIAL 65536 NEXT 1048576 MINEXTENTS 1 MAXEXTENTS 2147483645
  PCTINCREASE 0 FREELISTS 1 FREELIST GROUPS 1 BUFFER_POOL DEFAULT)
  TABLESPACE "USERS" ;
--------------------------------------------------------
--  DDL for Index SYS_C0010100
--------------------------------------------------------

  CREATE UNIQUE INDEX "VDIRMP"."SYS_C0010100" ON "VDIRMP"."VDIR_FORMA_PAGO" ("COD_FORMA_PAGO") 
  PCTFREE 10 INITRANS 2 MAXTRANS 255 COMPUTE STATISTICS 
  STORAGE(INITIAL 65536 NEXT 1048576 MINEXTENTS 1 MAXEXTENTS 2147483645
  PCTINCREASE 0 FREELISTS 1 FREELIST GROUPS 1 BUFFER_POOL DEFAULT)
  TABLESPACE "USERS" ;
--------------------------------------------------------
--  DDL for Index SYS_C0010111
--------------------------------------------------------

  CREATE UNIQUE INDEX "VDIRMP"."SYS_C0010111" ON "VDIRMP"."VDIR_FACTURA" ("COD_FACTURA") 
  PCTFREE 10 INITRANS 2 MAXTRANS 255 COMPUTE STATISTICS 
  STORAGE(INITIAL 65536 NEXT 1048576 MINEXTENTS 1 MAXEXTENTS 2147483645
  PCTINCREASE 0 FREELISTS 1 FREELIST GROUPS 1 BUFFER_POOL DEFAULT)
  TABLESPACE "USERS" ;
--------------------------------------------------------
--  DDL for Index SYS_C0010129
--------------------------------------------------------

  CREATE UNIQUE INDEX "VDIRMP"."SYS_C0010129" ON "VDIRMP"."VDIR_FACTURA_DETALLE" ("COD_FACTURA_DETALLE") 
  PCTFREE 10 INITRANS 2 MAXTRANS 255 COMPUTE STATISTICS 
  STORAGE(INITIAL 65536 NEXT 1048576 MINEXTENTS 1 MAXEXTENTS 2147483645
  PCTINCREASE 0 FREELISTS 1 FREELIST GROUPS 1 BUFFER_POOL DEFAULT)
  TABLESPACE "USERS" ;
--------------------------------------------------------
--  DDL for Index SYS_C0010180
--------------------------------------------------------

  CREATE UNIQUE INDEX "VDIRMP"."SYS_C0010180" ON "VDIRMP"."VDIR_AFILIACION_AUDITORIA" ("COD_AFILIACION_AUDITORIA") 
  PCTFREE 10 INITRANS 2 MAXTRANS 255 COMPUTE STATISTICS 
  STORAGE(INITIAL 65536 NEXT 1048576 MINEXTENTS 1 MAXEXTENTS 2147483645
  PCTINCREASE 0 FREELISTS 1 FREELIST GROUPS 1 BUFFER_POOL DEFAULT)
  TABLESPACE "USERS" ;
--------------------------------------------------------
--  DDL for Index SYS_C0010187
--------------------------------------------------------

  CREATE UNIQUE INDEX "VDIRMP"."SYS_C0010187" ON "VDIRMP"."VDIR_FILE_AUDITORIA" ("COD_FILE_AUDITORIA") 
  PCTFREE 10 INITRANS 2 MAXTRANS 255 COMPUTE STATISTICS 
  STORAGE(INITIAL 65536 NEXT 1048576 MINEXTENTS 1 MAXEXTENTS 2147483645
  PCTINCREASE 0 FREELISTS 1 FREELIST GROUPS 1 BUFFER_POOL DEFAULT)
  TABLESPACE "USERS" ;
--------------------------------------------------------
--  DDL for Index SYS_C0010193
--------------------------------------------------------

  CREATE UNIQUE INDEX "VDIRMP"."SYS_C0010193" ON "VDIRMP"."VDIR_ENCUESTA_PERSONA" ("COD_ENCUESTA_PERSONA") 
  PCTFREE 10 INITRANS 2 MAXTRANS 255 COMPUTE STATISTICS 
  STORAGE(INITIAL 65536 NEXT 1048576 MINEXTENTS 1 MAXEXTENTS 2147483645
  PCTINCREASE 0 FREELISTS 1 FREELIST GROUPS 1 BUFFER_POOL DEFAULT)
  TABLESPACE "USERS" ;
--------------------------------------------------------
--  DDL for Index SYS_C0010224
--------------------------------------------------------

  CREATE UNIQUE INDEX "VDIRMP"."SYS_C0010224" ON "VDIRMP"."VDIR_MENU" ("COD_MENU") 
  PCTFREE 10 INITRANS 2 MAXTRANS 255 COMPUTE STATISTICS 
  STORAGE(INITIAL 65536 NEXT 1048576 MINEXTENTS 1 MAXEXTENTS 2147483645
  PCTINCREASE 0 FREELISTS 1 FREELIST GROUPS 1 BUFFER_POOL DEFAULT)
  TABLESPACE "USERS" ;
--------------------------------------------------------
--  DDL for Index SYS_C0010268
--------------------------------------------------------

  CREATE UNIQUE INDEX "VDIRMP"."SYS_C0010268" ON "VDIRMP"."VDIR_COMUNA" ("COD_COMUNA") 
  PCTFREE 10 INITRANS 2 MAXTRANS 255 COMPUTE STATISTICS 
  STORAGE(INITIAL 65536 NEXT 1048576 MINEXTENTS 1 MAXEXTENTS 2147483645
  PCTINCREASE 0 FREELISTS 1 FREELIST GROUPS 1 BUFFER_POOL DEFAULT)
  TABLESPACE "USERS" ;
--------------------------------------------------------
--  DDL for Index SYS_C0010275
--------------------------------------------------------

  CREATE UNIQUE INDEX "VDIRMP"."SYS_C0010275" ON "VDIRMP"."VDIR_BARRIO" ("COD_BARRIO") 
  PCTFREE 10 INITRANS 2 MAXTRANS 255 COMPUTE STATISTICS 
  STORAGE(INITIAL 65536 NEXT 1048576 MINEXTENTS 1 MAXEXTENTS 2147483645
  PCTINCREASE 0 FREELISTS 1 FREELIST GROUPS 1 BUFFER_POOL DEFAULT)
  TABLESPACE "USERS" ;
--------------------------------------------------------
--  DDL for Index SYS_C0010317
--------------------------------------------------------

  CREATE UNIQUE INDEX "VDIRMP"."SYS_C0010317" ON "VDIRMP"."VDIR_PARAMETRO" ("COD_PARAMETRO") 
  PCTFREE 10 INITRANS 2 MAXTRANS 255 COMPUTE STATISTICS 
  STORAGE(INITIAL 65536 NEXT 1048576 MINEXTENTS 1 MAXEXTENTS 2147483645
  PCTINCREASE 0 FREELISTS 1 FREELIST GROUPS 1 BUFFER_POOL DEFAULT)
  TABLESPACE "USERS" ;
--------------------------------------------------------
--  DDL for Index SYS_C0010390
--------------------------------------------------------

  CREATE UNIQUE INDEX "VDIRMP"."SYS_C0010390" ON "VDIRMP"."VDIR_LOG_USUARIOS_SISTEMA" ("COD_LOG_USUARIOS_SISTEMA") 
  PCTFREE 10 INITRANS 2 MAXTRANS 255 COMPUTE STATISTICS 
  STORAGE(INITIAL 65536 NEXT 1048576 MINEXTENTS 1 MAXEXTENTS 2147483645
  PCTINCREASE 0 FREELISTS 1 FREELIST GROUPS 1 BUFFER_POOL DEFAULT)
  TABLESPACE "USERS" ;
--------------------------------------------------------
--  DDL for Index SYS_C0010460
--------------------------------------------------------

  CREATE UNIQUE INDEX "VDIRMP"."SYS_C0010460" ON "VDIRMP"."VDIR_MODULO_ENCUESTA" ("COD_MODULO") 
  PCTFREE 10 INITRANS 2 MAXTRANS 255 COMPUTE STATISTICS 
  STORAGE(INITIAL 65536 NEXT 1048576 MINEXTENTS 1 MAXEXTENTS 2147483645
  PCTINCREASE 0 FREELISTS 1 FREELIST GROUPS 1 BUFFER_POOL DEFAULT)
  TABLESPACE "USERS" ;
--------------------------------------------------------
--  DDL for Index SYS_C0010484
--------------------------------------------------------

  CREATE UNIQUE INDEX "VDIRMP"."SYS_C0010484" ON "VDIRMP"."VDIR_MONEDA" ("COD_MONEDA") 
  PCTFREE 10 INITRANS 2 MAXTRANS 255 COMPUTE STATISTICS 
  STORAGE(INITIAL 65536 NEXT 1048576 MINEXTENTS 1 MAXEXTENTS 2147483645
  PCTINCREASE 0 FREELISTS 1 FREELIST GROUPS 1 BUFFER_POOL DEFAULT)
  TABLESPACE "USERS" ;
--------------------------------------------------------
--  DDL for Index SYS_C0010534
--------------------------------------------------------

  CREATE UNIQUE INDEX "VDIRMP"."SYS_C0010534" ON "VDIRMP"."VDIR_RESPUESTAS_MARCADAS" ("COD_RESPUESTAS_MARCADAS") 
  PCTFREE 10 INITRANS 2 MAXTRANS 255 COMPUTE STATISTICS 
  STORAGE(INITIAL 65536 NEXT 1048576 MINEXTENTS 1 MAXEXTENTS 2147483645
  PCTINCREASE 0 FREELISTS 1 FREELIST GROUPS 1 BUFFER_POOL DEFAULT)
  TABLESPACE "USERS" ;
--------------------------------------------------------
--  DDL for Index SYS_C0010637
--------------------------------------------------------

  CREATE UNIQUE INDEX "VDIRMP"."SYS_C0010637" ON "VDIRMP"."VDIR_TIPO_TARIFA" ("COD_TIPO_TARIFA") 
  PCTFREE 10 INITRANS 2 MAXTRANS 255 COMPUTE STATISTICS 
  STORAGE(INITIAL 65536 NEXT 1048576 MINEXTENTS 1 MAXEXTENTS 2147483645
  PCTINCREASE 0 FREELISTS 1 FREELIST GROUPS 1 BUFFER_POOL DEFAULT)
  TABLESPACE "USERS" ;
--------------------------------------------------------
--  DDL for Index SYS_C0010645
--------------------------------------------------------

  CREATE UNIQUE INDEX "VDIRMP"."SYS_C0010645" ON "VDIRMP"."VDIR_CONTRATANTE_BENEFICIARIO" ("COD_CONTRATANTE_BENEFICIARIO") 
  PCTFREE 10 INITRANS 2 MAXTRANS 255 COMPUTE STATISTICS 
  STORAGE(INITIAL 65536 NEXT 1048576 MINEXTENTS 1 MAXEXTENTS 2147483645
  PCTINCREASE 0 FREELISTS 1 FREELIST GROUPS 1 BUFFER_POOL DEFAULT)
  TABLESPACE "USERS" ;
--------------------------------------------------------
--  DDL for Index SYS_C0010653
--------------------------------------------------------

  CREATE UNIQUE INDEX "VDIRMP"."SYS_C0010653" ON "VDIRMP"."VDIR_BENEFICIARIO_PROGRAMA" ("COD_BENEFICIARIO_PROGRAMA") 
  PCTFREE 10 INITRANS 2 MAXTRANS 255 COMPUTE STATISTICS 
  STORAGE(INITIAL 65536 NEXT 1048576 MINEXTENTS 1 MAXEXTENTS 2147483645
  PCTINCREASE 0 FREELISTS 1 FREELIST GROUPS 1 BUFFER_POOL DEFAULT)
  TABLESPACE "USERS" ;
--------------------------------------------------------
--  DDL for Index SYS_C0010683
--------------------------------------------------------

  CREATE UNIQUE INDEX "VDIRMP"."SYS_C0010683" ON "VDIRMP"."VDIR_TIPO_SOLICITUD" ("COD_TIPO_SOLICITUD") 
  PCTFREE 10 INITRANS 2 MAXTRANS 255 COMPUTE STATISTICS 
  STORAGE(INITIAL 65536 NEXT 1048576 MINEXTENTS 1 MAXEXTENTS 2147483645
  PCTINCREASE 0 FREELISTS 1 FREELIST GROUPS 1 BUFFER_POOL DEFAULT)
  TABLESPACE "USERS" ;
--------------------------------------------------------
--  DDL for Index SYS_C0010780
--------------------------------------------------------

  CREATE UNIQUE INDEX "VDIRMP"."SYS_C0010780" ON "VDIRMP"."VDIR_PROGRAMA_FILE" ("COD_PROGRAMA_FILE") 
  PCTFREE 10 INITRANS 2 MAXTRANS 255 
  STORAGE(INITIAL 65536 NEXT 1048576 MINEXTENTS 1 MAXEXTENTS 2147483645
  PCTINCREASE 0 FREELISTS 1 FREELIST GROUPS 1 BUFFER_POOL DEFAULT)
  TABLESPACE "USERS" ;
--------------------------------------------------------
--  DDL for Index VDIR_AFILIACION_AUDITORIA_IND
--------------------------------------------------------

  CREATE INDEX "VDIRMP"."VDIR_AFILIACION_AUDITORIA_IND" ON "VDIRMP"."VDIR_AFILIACION_AUDITORIA" ("COD_AFILIACION") 
  PCTFREE 10 INITRANS 2 MAXTRANS 255 COMPUTE STATISTICS 
  STORAGE(INITIAL 65536 NEXT 1048576 MINEXTENTS 1 MAXEXTENTS 2147483645
  PCTINCREASE 0 FREELISTS 1 FREELIST GROUPS 1 BUFFER_POOL DEFAULT)
  TABLESPACE "USERS" ;
--------------------------------------------------------
--  DDL for Index VDIR_AFILIACION_AUDITORIA_IND1
--------------------------------------------------------

  CREATE INDEX "VDIRMP"."VDIR_AFILIACION_AUDITORIA_IND1" ON "VDIRMP"."VDIR_AFILIACION_AUDITORIA" ("COD_AUDITOR") 
  PCTFREE 10 INITRANS 2 MAXTRANS 255 COMPUTE STATISTICS 
  STORAGE(INITIAL 65536 NEXT 1048576 MINEXTENTS 1 MAXEXTENTS 2147483645
  PCTINCREASE 0 FREELISTS 1 FREELIST GROUPS 1 BUFFER_POOL DEFAULT)
  TABLESPACE "USERS" ;
--------------------------------------------------------
--  DDL for Index VDIR_AFILIACION_AUDITORIA_IND2
--------------------------------------------------------

  CREATE INDEX "VDIRMP"."VDIR_AFILIACION_AUDITORIA_IND2" ON "VDIRMP"."VDIR_AFILIACION_AUDITORIA" ("COD_ESTADO") 
  PCTFREE 10 INITRANS 2 MAXTRANS 255 COMPUTE STATISTICS 
  STORAGE(INITIAL 65536 NEXT 1048576 MINEXTENTS 1 MAXEXTENTS 2147483645
  PCTINCREASE 0 FREELISTS 1 FREELIST GROUPS 1 BUFFER_POOL DEFAULT)
  TABLESPACE "USERS" ;
--------------------------------------------------------
--  DDL for Index VDIR_AFILIACIONES_INDEX5
--------------------------------------------------------

  CREATE INDEX "VDIRMP"."VDIR_AFILIACIONES_INDEX5" ON "VDIRMP"."VDIR_AFILIACION" ("COD_ESTADO") 
  PCTFREE 10 INITRANS 2 MAXTRANS 255 COMPUTE STATISTICS 
  STORAGE(INITIAL 65536 NEXT 1048576 MINEXTENTS 1 MAXEXTENTS 2147483645
  PCTINCREASE 0 FREELISTS 1 FREELIST GROUPS 1 BUFFER_POOL DEFAULT)
  TABLESPACE "USERS" ;
--------------------------------------------------------
--  DDL for Index VDIR_AFILIACIONES_PK
--------------------------------------------------------

  CREATE UNIQUE INDEX "VDIRMP"."VDIR_AFILIACIONES_PK" ON "VDIRMP"."VDIR_AFILIACION" ("COD_AFILIACION") 
  PCTFREE 10 INITRANS 2 MAXTRANS 255 COMPUTE STATISTICS 
  STORAGE(INITIAL 65536 NEXT 1048576 MINEXTENTS 1 MAXEXTENTS 2147483645
  PCTINCREASE 0 FREELISTS 1 FREELIST GROUPS 1 BUFFER_POOL DEFAULT)
  TABLESPACE "USERS" ;
--------------------------------------------------------
--  DDL for Index VDIR_BENEFICIARIO_PROGRAMA_IN
--------------------------------------------------------

  CREATE INDEX "VDIRMP"."VDIR_BENEFICIARIO_PROGRAMA_IN" ON "VDIRMP"."VDIR_BENEFICIARIO_PROGRAMA" ("COD_PROGRAMA") 
  PCTFREE 10 INITRANS 2 MAXTRANS 255 COMPUTE STATISTICS 
  STORAGE(INITIAL 65536 NEXT 1048576 MINEXTENTS 1 MAXEXTENTS 2147483645
  PCTINCREASE 0 FREELISTS 1 FREELIST GROUPS 1 BUFFER_POOL DEFAULT)
  TABLESPACE "USERS" ;
--------------------------------------------------------
--  DDL for Index VDIR_BENEFICIARIO_PROGRAMA_IN1
--------------------------------------------------------

  CREATE INDEX "VDIRMP"."VDIR_BENEFICIARIO_PROGRAMA_IN1" ON "VDIRMP"."VDIR_BENEFICIARIO_PROGRAMA" ("COD_BENEFICIARIO") 
  PCTFREE 10 INITRANS 2 MAXTRANS 255 COMPUTE STATISTICS 
  STORAGE(INITIAL 65536 NEXT 1048576 MINEXTENTS 1 MAXEXTENTS 2147483645
  PCTINCREASE 0 FREELISTS 1 FREELIST GROUPS 1 BUFFER_POOL DEFAULT)
  TABLESPACE "USERS" ;
--------------------------------------------------------
--  DDL for Index VDIR_BENEFICIARIO_PROGRAMA_IN2
--------------------------------------------------------

  CREATE INDEX "VDIRMP"."VDIR_BENEFICIARIO_PROGRAMA_IN2" ON "VDIRMP"."VDIR_BENEFICIARIO_PROGRAMA" ("COD_TARIFA") 
  PCTFREE 10 INITRANS 2 MAXTRANS 255 COMPUTE STATISTICS 
  STORAGE(INITIAL 65536 NEXT 1048576 MINEXTENTS 1 MAXEXTENTS 2147483645
  PCTINCREASE 0 FREELISTS 1 FREELIST GROUPS 1 BUFFER_POOL DEFAULT)
  TABLESPACE "USERS" ;
--------------------------------------------------------
--  DDL for Index VDIR_BENEFICIARIO_PROGRAMA_IN3
--------------------------------------------------------

  CREATE INDEX "VDIRMP"."VDIR_BENEFICIARIO_PROGRAMA_IN3" ON "VDIRMP"."VDIR_BENEFICIARIO_PROGRAMA" ("COD_AFILIACION") 
  PCTFREE 10 INITRANS 2 MAXTRANS 255 COMPUTE STATISTICS 
  STORAGE(INITIAL 65536 NEXT 1048576 MINEXTENTS 1 MAXEXTENTS 2147483645
  PCTINCREASE 0 FREELISTS 1 FREELIST GROUPS 1 BUFFER_POOL DEFAULT)
  TABLESPACE "USERS" ;
--------------------------------------------------------
--  DDL for Index VDIR_BENEFICIARIO_PROGRAMA_IN4
--------------------------------------------------------

  CREATE UNIQUE INDEX "VDIRMP"."VDIR_BENEFICIARIO_PROGRAMA_IN4" ON "VDIRMP"."VDIR_BENEFICIARIO_PROGRAMA" ("COD_BENEFICIARIO", "COD_PROGRAMA", "COD_AFILIACION") 
  PCTFREE 10 INITRANS 2 MAXTRANS 255 COMPUTE STATISTICS 
  STORAGE(INITIAL 65536 NEXT 1048576 MINEXTENTS 1 MAXEXTENTS 2147483645
  PCTINCREASE 0 FREELISTS 1 FREELIST GROUPS 1 BUFFER_POOL DEFAULT)
  TABLESPACE "USERS" ;
--------------------------------------------------------
--  DDL for Index VDIR_CONTRATANTE_BENEFICIARIO
--------------------------------------------------------

  CREATE INDEX "VDIRMP"."VDIR_CONTRATANTE_BENEFICIARIO" ON "VDIRMP"."VDIR_CONTRATANTE_BENEFICIARIO" ("COD_CONTRATANTE") 
  PCTFREE 10 INITRANS 2 MAXTRANS 255 COMPUTE STATISTICS 
  STORAGE(INITIAL 65536 NEXT 1048576 MINEXTENTS 1 MAXEXTENTS 2147483645
  PCTINCREASE 0 FREELISTS 1 FREELIST GROUPS 1 BUFFER_POOL DEFAULT)
  TABLESPACE "USERS" ;
--------------------------------------------------------
--  DDL for Index VDIR_CONTRATANTE_BENEFICIARIO1
--------------------------------------------------------

  CREATE INDEX "VDIRMP"."VDIR_CONTRATANTE_BENEFICIARIO1" ON "VDIRMP"."VDIR_CONTRATANTE_BENEFICIARIO" ("COD_BENEFICIARIO") 
  PCTFREE 10 INITRANS 2 MAXTRANS 255 COMPUTE STATISTICS 
  STORAGE(INITIAL 65536 NEXT 1048576 MINEXTENTS 1 MAXEXTENTS 2147483645
  PCTINCREASE 0 FREELISTS 1 FREELIST GROUPS 1 BUFFER_POOL DEFAULT)
  TABLESPACE "USERS" ;
--------------------------------------------------------
--  DDL for Index VDIR_CONTRATANTE_BENEFICIARIO2
--------------------------------------------------------

  CREATE INDEX "VDIRMP"."VDIR_CONTRATANTE_BENEFICIARIO2" ON "VDIRMP"."VDIR_CONTRATANTE_BENEFICIARIO" ("COD_PARENTESCO") 
  PCTFREE 10 INITRANS 2 MAXTRANS 255 COMPUTE STATISTICS 
  STORAGE(INITIAL 65536 NEXT 1048576 MINEXTENTS 1 MAXEXTENTS 2147483645
  PCTINCREASE 0 FREELISTS 1 FREELIST GROUPS 1 BUFFER_POOL DEFAULT)
  TABLESPACE "USERS" ;
--------------------------------------------------------
--  DDL for Index VDIR_CONTRATANTE_BENEFICIARIO3
--------------------------------------------------------

  CREATE INDEX "VDIRMP"."VDIR_CONTRATANTE_BENEFICIARIO3" ON "VDIRMP"."VDIR_CONTRATANTE_BENEFICIARIO" ("COD_AFILIACION") 
  PCTFREE 10 INITRANS 2 MAXTRANS 255 COMPUTE STATISTICS 
  STORAGE(INITIAL 65536 NEXT 1048576 MINEXTENTS 1 MAXEXTENTS 2147483645
  PCTINCREASE 0 FREELISTS 1 FREELIST GROUPS 1 BUFFER_POOL DEFAULT)
  TABLESPACE "USERS" ;
--------------------------------------------------------
--  DDL for Index VDIR_CONTRATANTE_BENEFICIARIO4
--------------------------------------------------------

  CREATE INDEX "VDIRMP"."VDIR_CONTRATANTE_BENEFICIARIO4" ON "VDIRMP"."VDIR_CONTRATANTE_BENEFICIARIO" ("COD_TIPO_SOLICITUD") 
  PCTFREE 10 INITRANS 2 MAXTRANS 255 COMPUTE STATISTICS 
  STORAGE(INITIAL 65536 NEXT 1048576 MINEXTENTS 1 MAXEXTENTS 2147483645
  PCTINCREASE 0 FREELISTS 1 FREELIST GROUPS 1 BUFFER_POOL DEFAULT)
  TABLESPACE "USERS" ;
--------------------------------------------------------
--  DDL for Index VDIR_DEPARTAMENTO_INDEX1
--------------------------------------------------------

  CREATE INDEX "VDIRMP"."VDIR_DEPARTAMENTO_INDEX1" ON "VDIRMP"."VDIR_DEPARTAMENTO" ("COD_PAIS") 
  PCTFREE 10 INITRANS 2 MAXTRANS 255 COMPUTE STATISTICS 
  STORAGE(INITIAL 65536 NEXT 1048576 MINEXTENTS 1 MAXEXTENTS 2147483645
  PCTINCREASE 0 FREELISTS 1 FREELIST GROUPS 1 BUFFER_POOL DEFAULT)
  TABLESPACE "USERS" ;
--------------------------------------------------------
--  DDL for Index VDIR_DEPARTAMENTO_INDEX2
--------------------------------------------------------

  CREATE INDEX "VDIRMP"."VDIR_DEPARTAMENTO_INDEX2" ON "VDIRMP"."VDIR_DEPARTAMENTO" ("COD_ESTADO") 
  PCTFREE 10 INITRANS 2 MAXTRANS 255 COMPUTE STATISTICS 
  STORAGE(INITIAL 65536 NEXT 1048576 MINEXTENTS 1 MAXEXTENTS 2147483645
  PCTINCREASE 0 FREELISTS 1 FREELIST GROUPS 1 BUFFER_POOL DEFAULT)
  TABLESPACE "USERS" ;
--------------------------------------------------------
--  DDL for Index VDIR_DEPARTAMENTO_PK
--------------------------------------------------------

  CREATE UNIQUE INDEX "VDIRMP"."VDIR_DEPARTAMENTO_PK" ON "VDIRMP"."VDIR_DEPARTAMENTO" ("COD_DEPARTAMENTO") 
  PCTFREE 10 INITRANS 2 MAXTRANS 255 COMPUTE STATISTICS 
  STORAGE(INITIAL 65536 NEXT 1048576 MINEXTENTS 1 MAXEXTENTS 2147483645
  PCTINCREASE 0 FREELISTS 1 FREELIST GROUPS 1 BUFFER_POOL DEFAULT)
  TABLESPACE "USERS" ;
--------------------------------------------------------
--  DDL for Index VDIR_ENCUESTA_CONTRATANTE_IND
--------------------------------------------------------

  CREATE INDEX "VDIRMP"."VDIR_ENCUESTA_CONTRATANTE_IND" ON "VDIRMP"."VDIR_ENCUESTA_PERSONA" ("COD_AFILIACION") 
  PCTFREE 10 INITRANS 2 MAXTRANS 255 COMPUTE STATISTICS 
  STORAGE(INITIAL 65536 NEXT 1048576 MINEXTENTS 1 MAXEXTENTS 2147483645
  PCTINCREASE 0 FREELISTS 1 FREELIST GROUPS 1 BUFFER_POOL DEFAULT)
  TABLESPACE "USERS" ;
--------------------------------------------------------
--  DDL for Index VDIR_ENCUESTA_CONTRATANTE_IND1
--------------------------------------------------------

  CREATE INDEX "VDIRMP"."VDIR_ENCUESTA_CONTRATANTE_IND1" ON "VDIRMP"."VDIR_ENCUESTA_PERSONA" ("COD_ENCUESTA") 
  PCTFREE 10 INITRANS 2 MAXTRANS 255 COMPUTE STATISTICS 
  STORAGE(INITIAL 65536 NEXT 1048576 MINEXTENTS 1 MAXEXTENTS 2147483645
  PCTINCREASE 0 FREELISTS 1 FREELIST GROUPS 1 BUFFER_POOL DEFAULT)
  TABLESPACE "USERS" ;
--------------------------------------------------------
--  DDL for Index VDIR_ENCUESTA_CONTRATANTE_IND2
--------------------------------------------------------

  CREATE INDEX "VDIRMP"."VDIR_ENCUESTA_CONTRATANTE_IND2" ON "VDIRMP"."VDIR_ENCUESTA_PERSONA" ("COD_PERSONA") 
  PCTFREE 10 INITRANS 2 MAXTRANS 255 COMPUTE STATISTICS 
  STORAGE(INITIAL 65536 NEXT 1048576 MINEXTENTS 1 MAXEXTENTS 2147483645
  PCTINCREASE 0 FREELISTS 1 FREELIST GROUPS 1 BUFFER_POOL DEFAULT)
  TABLESPACE "USERS" ;
--------------------------------------------------------
--  DDL for Index VDIR_EPS_PK
--------------------------------------------------------

  CREATE UNIQUE INDEX "VDIRMP"."VDIR_EPS_PK" ON "VDIRMP"."VDIR_EPS" ("COD_EPS") 
  PCTFREE 10 INITRANS 2 MAXTRANS 255 COMPUTE STATISTICS 
  STORAGE(INITIAL 65536 NEXT 1048576 MINEXTENTS 1 MAXEXTENTS 2147483645
  PCTINCREASE 0 FREELISTS 1 FREELIST GROUPS 1 BUFFER_POOL DEFAULT)
  TABLESPACE "USERS" ;
--------------------------------------------------------
--  DDL for Index VDIR_ESTADO_CIVIL_PK
--------------------------------------------------------

  CREATE UNIQUE INDEX "VDIRMP"."VDIR_ESTADO_CIVIL_PK" ON "VDIRMP"."VDIR_ESTADO_CIVIL" ("COD_ESTADO_CIVIL") 
  PCTFREE 10 INITRANS 2 MAXTRANS 255 COMPUTE STATISTICS 
  STORAGE(INITIAL 65536 NEXT 1048576 MINEXTENTS 1 MAXEXTENTS 2147483645
  PCTINCREASE 0 FREELISTS 1 FREELIST GROUPS 1 BUFFER_POOL DEFAULT)
  TABLESPACE "USERS" ;
--------------------------------------------------------
--  DDL for Index VDIR_ESTADO_PK
--------------------------------------------------------

  CREATE UNIQUE INDEX "VDIRMP"."VDIR_ESTADO_PK" ON "VDIRMP"."VDIR_ESTADO" ("COD_ESTADO") 
  PCTFREE 10 INITRANS 2 MAXTRANS 255 COMPUTE STATISTICS 
  STORAGE(INITIAL 65536 NEXT 1048576 MINEXTENTS 1 MAXEXTENTS 2147483645
  PCTINCREASE 0 FREELISTS 1 FREELIST GROUPS 1 BUFFER_POOL DEFAULT)
  TABLESPACE "USERS" ;
--------------------------------------------------------
--  DDL for Index VDIR_FACTURA_DETALLE_INDEX1
--------------------------------------------------------

  CREATE INDEX "VDIRMP"."VDIR_FACTURA_DETALLE_INDEX1" ON "VDIRMP"."VDIR_FACTURA_DETALLE" ("COD_BENEFICIARIO_PROGRAMA") 
  PCTFREE 10 INITRANS 2 MAXTRANS 255 COMPUTE STATISTICS 
  STORAGE(INITIAL 65536 NEXT 1048576 MINEXTENTS 1 MAXEXTENTS 2147483645
  PCTINCREASE 0 FREELISTS 1 FREELIST GROUPS 1 BUFFER_POOL DEFAULT)
  TABLESPACE "USERS" ;
--------------------------------------------------------
--  DDL for Index VDIR_FACTURA_DETALLE_INDEX2
--------------------------------------------------------

  CREATE INDEX "VDIRMP"."VDIR_FACTURA_DETALLE_INDEX2" ON "VDIRMP"."VDIR_FACTURA_DETALLE" ("COD_FACTURA") 
  PCTFREE 10 INITRANS 2 MAXTRANS 255 COMPUTE STATISTICS 
  STORAGE(INITIAL 65536 NEXT 1048576 MINEXTENTS 1 MAXEXTENTS 2147483645
  PCTINCREASE 0 FREELISTS 1 FREELIST GROUPS 1 BUFFER_POOL DEFAULT)
  TABLESPACE "USERS" ;
--------------------------------------------------------
--  DDL for Index VDIR_FACTURA_INDEX1
--------------------------------------------------------

  CREATE INDEX "VDIRMP"."VDIR_FACTURA_INDEX1" ON "VDIRMP"."VDIR_FACTURA" ("COD_TIPO_PAGO") 
  PCTFREE 10 INITRANS 2 MAXTRANS 255 COMPUTE STATISTICS 
  STORAGE(INITIAL 65536 NEXT 1048576 MINEXTENTS 1 MAXEXTENTS 2147483645
  PCTINCREASE 0 FREELISTS 1 FREELIST GROUPS 1 BUFFER_POOL DEFAULT)
  TABLESPACE "USERS" ;
--------------------------------------------------------
--  DDL for Index VDIR_FACTURA_INDEX2
--------------------------------------------------------

  CREATE INDEX "VDIRMP"."VDIR_FACTURA_INDEX2" ON "VDIRMP"."VDIR_FACTURA" ("COD_FORMA_PAGO") 
  PCTFREE 10 INITRANS 2 MAXTRANS 255 COMPUTE STATISTICS 
  STORAGE(INITIAL 65536 NEXT 1048576 MINEXTENTS 1 MAXEXTENTS 2147483645
  PCTINCREASE 0 FREELISTS 1 FREELIST GROUPS 1 BUFFER_POOL DEFAULT)
  TABLESPACE "USERS" ;
--------------------------------------------------------
--  DDL for Index VDIR_FACTURA_INDEX3
--------------------------------------------------------

  CREATE INDEX "VDIRMP"."VDIR_FACTURA_INDEX3" ON "VDIRMP"."VDIR_FACTURA" ("COD_ESTADO") 
  PCTFREE 10 INITRANS 2 MAXTRANS 255 COMPUTE STATISTICS 
  STORAGE(INITIAL 65536 NEXT 1048576 MINEXTENTS 1 MAXEXTENTS 2147483645
  PCTINCREASE 0 FREELISTS 1 FREELIST GROUPS 1 BUFFER_POOL DEFAULT)
  TABLESPACE "USERS" ;
--------------------------------------------------------
--  DDL for Index VDIR_FACTURA_INDEX4
--------------------------------------------------------

  CREATE INDEX "VDIRMP"."VDIR_FACTURA_INDEX4" ON "VDIRMP"."VDIR_FACTURA" ("COD_USUARIO") 
  PCTFREE 10 INITRANS 2 MAXTRANS 255 COMPUTE STATISTICS 
  STORAGE(INITIAL 65536 NEXT 1048576 MINEXTENTS 1 MAXEXTENTS 2147483645
  PCTINCREASE 0 FREELISTS 1 FREELIST GROUPS 1 BUFFER_POOL DEFAULT)
  TABLESPACE "USERS" ;
--------------------------------------------------------
--  DDL for Index VDIR_FILE_AFILIACION_INDEX1
--------------------------------------------------------

  CREATE INDEX "VDIRMP"."VDIR_FILE_AFILIACION_INDEX1" ON "VDIRMP"."VDIR_FILE_BENEFICIARIO" ("COD_AFILIACION") 
  PCTFREE 10 INITRANS 2 MAXTRANS 255 COMPUTE STATISTICS 
  STORAGE(INITIAL 65536 NEXT 1048576 MINEXTENTS 1 MAXEXTENTS 2147483645
  PCTINCREASE 0 FREELISTS 1 FREELIST GROUPS 1 BUFFER_POOL DEFAULT)
  TABLESPACE "USERS" ;
--------------------------------------------------------
--  DDL for Index VDIR_FILE_AFILIACION_INDEX2
--------------------------------------------------------

  CREATE INDEX "VDIRMP"."VDIR_FILE_AFILIACION_INDEX2" ON "VDIRMP"."VDIR_FILE_BENEFICIARIO" ("COD_FILE") 
  PCTFREE 10 INITRANS 2 MAXTRANS 255 COMPUTE STATISTICS 
  STORAGE(INITIAL 65536 NEXT 1048576 MINEXTENTS 1 MAXEXTENTS 2147483645
  PCTINCREASE 0 FREELISTS 1 FREELIST GROUPS 1 BUFFER_POOL DEFAULT)
  TABLESPACE "USERS" ;
--------------------------------------------------------
--  DDL for Index VDIR_FILE_AUDITORIA_INDEX1
--------------------------------------------------------

  CREATE INDEX "VDIRMP"."VDIR_FILE_AUDITORIA_INDEX1" ON "VDIRMP"."VDIR_FILE_AUDITORIA" ("COD_AFILIACION_AUDITORIA") 
  PCTFREE 10 INITRANS 2 MAXTRANS 255 COMPUTE STATISTICS 
  STORAGE(INITIAL 65536 NEXT 1048576 MINEXTENTS 1 MAXEXTENTS 2147483645
  PCTINCREASE 0 FREELISTS 1 FREELIST GROUPS 1 BUFFER_POOL DEFAULT)
  TABLESPACE "USERS" ;
--------------------------------------------------------
--  DDL for Index VDIR_FILE_AUDITORIA_INDEX2
--------------------------------------------------------

  CREATE INDEX "VDIRMP"."VDIR_FILE_AUDITORIA_INDEX2" ON "VDIRMP"."VDIR_FILE_AUDITORIA" ("COD_FILE") 
  PCTFREE 10 INITRANS 2 MAXTRANS 255 COMPUTE STATISTICS 
  STORAGE(INITIAL 65536 NEXT 1048576 MINEXTENTS 1 MAXEXTENTS 2147483645
  PCTINCREASE 0 FREELISTS 1 FREELIST GROUPS 1 BUFFER_POOL DEFAULT)
  TABLESPACE "USERS" ;
--------------------------------------------------------
--  DDL for Index VDIR_FILE_AUDITORIA_INDEX3
--------------------------------------------------------

  CREATE INDEX "VDIRMP"."VDIR_FILE_AUDITORIA_INDEX3" ON "VDIRMP"."VDIR_FILE_AUDITORIA" ("COD_PERSONA") 
  PCTFREE 10 INITRANS 2 MAXTRANS 255 COMPUTE STATISTICS 
  STORAGE(INITIAL 65536 NEXT 1048576 MINEXTENTS 1 MAXEXTENTS 2147483645
  PCTINCREASE 0 FREELISTS 1 FREELIST GROUPS 1 BUFFER_POOL DEFAULT)
  TABLESPACE "USERS" ;
--------------------------------------------------------
--  DDL for Index VDIR_FILE_BENEFICIARIO_INDEX1
--------------------------------------------------------

  CREATE INDEX "VDIRMP"."VDIR_FILE_BENEFICIARIO_INDEX1" ON "VDIRMP"."VDIR_FILE_BENEFICIARIO" ("COD_BENEFICIARIO") 
  PCTFREE 10 INITRANS 2 MAXTRANS 255 COMPUTE STATISTICS 
  STORAGE(INITIAL 65536 NEXT 1048576 MINEXTENTS 1 MAXEXTENTS 2147483645
  PCTINCREASE 0 FREELISTS 1 FREELIST GROUPS 1 BUFFER_POOL DEFAULT)
  TABLESPACE "USERS" ;
--------------------------------------------------------
--  DDL for Index VDIR_FILE_INDEX1
--------------------------------------------------------

  CREATE INDEX "VDIRMP"."VDIR_FILE_INDEX1" ON "VDIRMP"."VDIR_FILE" ("COD_TIPO_FILE") 
  PCTFREE 10 INITRANS 2 MAXTRANS 255 COMPUTE STATISTICS 
  STORAGE(INITIAL 65536 NEXT 1048576 MINEXTENTS 1 MAXEXTENTS 2147483645
  PCTINCREASE 0 FREELISTS 1 FREELIST GROUPS 1 BUFFER_POOL DEFAULT)
  TABLESPACE "USERS" ;
--------------------------------------------------------
--  DDL for Index VDIR_FORMA_PAGO_INDEX1
--------------------------------------------------------

  CREATE INDEX "VDIRMP"."VDIR_FORMA_PAGO_INDEX1" ON "VDIRMP"."VDIR_FORMA_PAGO" ("COD_ESTADO") 
  PCTFREE 10 INITRANS 2 MAXTRANS 255 COMPUTE STATISTICS 
  STORAGE(INITIAL 65536 NEXT 1048576 MINEXTENTS 1 MAXEXTENTS 2147483645
  PCTINCREASE 0 FREELISTS 1 FREELIST GROUPS 1 BUFFER_POOL DEFAULT)
  TABLESPACE "USERS" ;
--------------------------------------------------------
--  DDL for Index VDIR_IMPUESTO_INDEX1
--------------------------------------------------------

  CREATE INDEX "VDIRMP"."VDIR_IMPUESTO_INDEX1" ON "VDIRMP"."VDIR_IMPUESTO" ("COD_ESTADO") 
  PCTFREE 10 INITRANS 2 MAXTRANS 255 COMPUTE STATISTICS 
  STORAGE(INITIAL 65536 NEXT 1048576 MINEXTENTS 1 MAXEXTENTS 2147483645
  PCTINCREASE 0 FREELISTS 1 FREELIST GROUPS 1 BUFFER_POOL DEFAULT)
  TABLESPACE "USERS" ;
--------------------------------------------------------
--  DDL for Index VDIR_MENU_INDEX1
--------------------------------------------------------

  CREATE INDEX "VDIRMP"."VDIR_MENU_INDEX1" ON "VDIRMP"."VDIR_MENU" ("COD_PADRE") 
  PCTFREE 10 INITRANS 2 MAXTRANS 255 COMPUTE STATISTICS 
  STORAGE(INITIAL 65536 NEXT 1048576 MINEXTENTS 1 MAXEXTENTS 2147483645
  PCTINCREASE 0 FREELISTS 1 FREELIST GROUPS 1 BUFFER_POOL DEFAULT)
  TABLESPACE "USERS" ;
--------------------------------------------------------
--  DDL for Index VDIR_MUNICIPIO_INDEX1
--------------------------------------------------------

  CREATE INDEX "VDIRMP"."VDIR_MUNICIPIO_INDEX1" ON "VDIRMP"."VDIR_MUNICIPIO" ("COD_DEPARTAMENTO") 
  PCTFREE 10 INITRANS 2 MAXTRANS 255 COMPUTE STATISTICS 
  STORAGE(INITIAL 65536 NEXT 1048576 MINEXTENTS 1 MAXEXTENTS 2147483645
  PCTINCREASE 0 FREELISTS 1 FREELIST GROUPS 1 BUFFER_POOL DEFAULT)
  TABLESPACE "USERS" ;
--------------------------------------------------------
--  DDL for Index VDIR_MUNICIPIO_INDEX2
--------------------------------------------------------

  CREATE INDEX "VDIRMP"."VDIR_MUNICIPIO_INDEX2" ON "VDIRMP"."VDIR_MUNICIPIO" ("COD_ESTADO") 
  PCTFREE 10 INITRANS 2 MAXTRANS 255 COMPUTE STATISTICS 
  STORAGE(INITIAL 65536 NEXT 1048576 MINEXTENTS 1 MAXEXTENTS 2147483645
  PCTINCREASE 0 FREELISTS 1 FREELIST GROUPS 1 BUFFER_POOL DEFAULT)
  TABLESPACE "USERS" ;
--------------------------------------------------------
--  DDL for Index VDIR_MUNICIPIO_PK
--------------------------------------------------------

  CREATE UNIQUE INDEX "VDIRMP"."VDIR_MUNICIPIO_PK" ON "VDIRMP"."VDIR_MUNICIPIO" ("COD_MUNICIPIO") 
  PCTFREE 10 INITRANS 2 MAXTRANS 255 COMPUTE STATISTICS 
  STORAGE(INITIAL 65536 NEXT 1048576 MINEXTENTS 1 MAXEXTENTS 2147483645
  PCTINCREASE 0 FREELISTS 1 FREELIST GROUPS 1 BUFFER_POOL DEFAULT)
  TABLESPACE "USERS" ;
--------------------------------------------------------
--  DDL for Index VDIR_PAIS_INDEX1
--------------------------------------------------------

  CREATE INDEX "VDIRMP"."VDIR_PAIS_INDEX1" ON "VDIRMP"."VDIR_PAIS" ("COD_ESTADO") 
  PCTFREE 10 INITRANS 2 MAXTRANS 255 COMPUTE STATISTICS 
  STORAGE(INITIAL 65536 NEXT 1048576 MINEXTENTS 1 MAXEXTENTS 2147483645
  PCTINCREASE 0 FREELISTS 1 FREELIST GROUPS 1 BUFFER_POOL DEFAULT)
  TABLESPACE "USERS" ;
--------------------------------------------------------
--  DDL for Index VDIR_PAIS_PK
--------------------------------------------------------

  CREATE UNIQUE INDEX "VDIRMP"."VDIR_PAIS_PK" ON "VDIRMP"."VDIR_PAIS" ("COD_PAIS") 
  PCTFREE 10 INITRANS 2 MAXTRANS 255 COMPUTE STATISTICS 
  STORAGE(INITIAL 65536 NEXT 1048576 MINEXTENTS 1 MAXEXTENTS 2147483645
  PCTINCREASE 0 FREELISTS 1 FREELIST GROUPS 1 BUFFER_POOL DEFAULT)
  TABLESPACE "USERS" ;
--------------------------------------------------------
--  DDL for Index VDIR_PARAMETRO_INDEX1
--------------------------------------------------------

  CREATE INDEX "VDIRMP"."VDIR_PARAMETRO_INDEX1" ON "VDIRMP"."VDIR_PARAMETRO" ("COD_ESTADO") 
  PCTFREE 10 INITRANS 2 MAXTRANS 255 COMPUTE STATISTICS 
  STORAGE(INITIAL 65536 NEXT 1048576 MINEXTENTS 1 MAXEXTENTS 2147483645
  PCTINCREASE 0 FREELISTS 1 FREELIST GROUPS 1 BUFFER_POOL DEFAULT)
  TABLESPACE "USERS" ;
--------------------------------------------------------
--  DDL for Index VDIR_PARENTESCO_INDEX1
--------------------------------------------------------

  CREATE INDEX "VDIRMP"."VDIR_PARENTESCO_INDEX1" ON "VDIRMP"."VDIR_PARENTESCO" ("COD_ESTADO") 
  PCTFREE 10 INITRANS 2 MAXTRANS 255 COMPUTE STATISTICS 
  STORAGE(INITIAL 65536 NEXT 1048576 MINEXTENTS 1 MAXEXTENTS 2147483645
  PCTINCREASE 0 FREELISTS 1 FREELIST GROUPS 1 BUFFER_POOL DEFAULT)
  TABLESPACE "USERS" ;
--------------------------------------------------------
--  DDL for Index VDIR_PARENTESCO_PK
--------------------------------------------------------

  CREATE UNIQUE INDEX "VDIRMP"."VDIR_PARENTESCO_PK" ON "VDIRMP"."VDIR_PARENTESCO" ("COD_PARENTESCO") 
  PCTFREE 10 INITRANS 2 MAXTRANS 255 COMPUTE STATISTICS 
  STORAGE(INITIAL 65536 NEXT 1048576 MINEXTENTS 1 MAXEXTENTS 2147483645
  PCTINCREASE 0 FREELISTS 1 FREELIST GROUPS 1 BUFFER_POOL DEFAULT)
  TABLESPACE "USERS" ;
--------------------------------------------------------
--  DDL for Index VDIR_PERSONA_INDEX1
--------------------------------------------------------

  CREATE INDEX "VDIRMP"."VDIR_PERSONA_INDEX1" ON "VDIRMP"."VDIR_PERSONA" ("COD_TIPO_IDENTIFICACION") 
  PCTFREE 10 INITRANS 2 MAXTRANS 255 COMPUTE STATISTICS 
  STORAGE(INITIAL 65536 NEXT 1048576 MINEXTENTS 1 MAXEXTENTS 2147483645
  PCTINCREASE 0 FREELISTS 1 FREELIST GROUPS 1 BUFFER_POOL DEFAULT)
  TABLESPACE "USERS" ;
--------------------------------------------------------
--  DDL for Index VDIR_PERSONA_INDEX2
--------------------------------------------------------

  CREATE INDEX "VDIRMP"."VDIR_PERSONA_INDEX2" ON "VDIRMP"."VDIR_PERSONA" ("NUMERO_IDENTIFICACION") 
  PCTFREE 10 INITRANS 2 MAXTRANS 255 COMPUTE STATISTICS 
  STORAGE(INITIAL 65536 NEXT 1048576 MINEXTENTS 1 MAXEXTENTS 2147483645
  PCTINCREASE 0 FREELISTS 1 FREELIST GROUPS 1 BUFFER_POOL DEFAULT)
  TABLESPACE "USERS" ;
--------------------------------------------------------
--  DDL for Index VDIR_PERSONA_INDEX3
--------------------------------------------------------

  CREATE INDEX "VDIRMP"."VDIR_PERSONA_INDEX3" ON "VDIRMP"."VDIR_PERSONA" ("COD_SEXO") 
  PCTFREE 10 INITRANS 2 MAXTRANS 255 COMPUTE STATISTICS 
  STORAGE(INITIAL 65536 NEXT 1048576 MINEXTENTS 1 MAXEXTENTS 2147483645
  PCTINCREASE 0 FREELISTS 1 FREELIST GROUPS 1 BUFFER_POOL DEFAULT)
  TABLESPACE "USERS" ;
--------------------------------------------------------
--  DDL for Index VDIR_PERSONA_INDEX4
--------------------------------------------------------

  CREATE INDEX "VDIRMP"."VDIR_PERSONA_INDEX4" ON "VDIRMP"."VDIR_PERSONA" ("COD_MUNICIPIO") 
  PCTFREE 10 INITRANS 2 MAXTRANS 255 COMPUTE STATISTICS 
  STORAGE(INITIAL 65536 NEXT 1048576 MINEXTENTS 1 MAXEXTENTS 2147483645
  PCTINCREASE 0 FREELISTS 1 FREELIST GROUPS 1 BUFFER_POOL DEFAULT)
  TABLESPACE "USERS" ;
--------------------------------------------------------
--  DDL for Index VDIR_PERSONA_INDEX5
--------------------------------------------------------

  CREATE INDEX "VDIRMP"."VDIR_PERSONA_INDEX5" ON "VDIRMP"."VDIR_PERSONA" ("COD_ESTADO") 
  PCTFREE 10 INITRANS 2 MAXTRANS 255 COMPUTE STATISTICS 
  STORAGE(INITIAL 65536 NEXT 1048576 MINEXTENTS 1 MAXEXTENTS 2147483645
  PCTINCREASE 0 FREELISTS 1 FREELIST GROUPS 1 BUFFER_POOL DEFAULT)
  TABLESPACE "USERS" ;
--------------------------------------------------------
--  DDL for Index VDIR_PERSONA_TIPOPER_INDEX1
--------------------------------------------------------

  CREATE INDEX "VDIRMP"."VDIR_PERSONA_TIPOPER_INDEX1" ON "VDIRMP"."VDIR_PERSONA_TIPOPER" ("COD_PERSONA") 
  PCTFREE 10 INITRANS 2 MAXTRANS 255 COMPUTE STATISTICS 
  STORAGE(INITIAL 65536 NEXT 1048576 MINEXTENTS 1 MAXEXTENTS 2147483645
  PCTINCREASE 0 FREELISTS 1 FREELIST GROUPS 1 BUFFER_POOL DEFAULT)
  TABLESPACE "USERS" ;
--------------------------------------------------------
--  DDL for Index VDIR_PERSONA_TIPOPER_INDEX2
--------------------------------------------------------

  CREATE INDEX "VDIRMP"."VDIR_PERSONA_TIPOPER_INDEX2" ON "VDIRMP"."VDIR_PERSONA_TIPOPER" ("COD_TIPO_PERSONA") 
  PCTFREE 10 INITRANS 2 MAXTRANS 255 COMPUTE STATISTICS 
  STORAGE(INITIAL 65536 NEXT 1048576 MINEXTENTS 1 MAXEXTENTS 2147483645
  PCTINCREASE 0 FREELISTS 1 FREELIST GROUPS 1 BUFFER_POOL DEFAULT)
  TABLESPACE "USERS" ;
--------------------------------------------------------
--  DDL for Index VDIR_PERSONA_TIPOPER_PK
--------------------------------------------------------

  CREATE UNIQUE INDEX "VDIRMP"."VDIR_PERSONA_TIPOPER_PK" ON "VDIRMP"."VDIR_PERSONA_TIPOPER" ("COD_PERSONA_TIPOPER") 
  PCTFREE 10 INITRANS 2 MAXTRANS 255 COMPUTE STATISTICS 
  STORAGE(INITIAL 65536 NEXT 1048576 MINEXTENTS 1 MAXEXTENTS 2147483645
  PCTINCREASE 0 FREELISTS 1 FREELIST GROUPS 1 BUFFER_POOL DEFAULT)
  TABLESPACE "USERS" ;
--------------------------------------------------------
--  DDL for Index VDIR_PLAN_INDEX1
--------------------------------------------------------

  CREATE INDEX "VDIRMP"."VDIR_PLAN_INDEX1" ON "VDIRMP"."VDIR_PLAN" ("COD_ESTADO") 
  PCTFREE 10 INITRANS 2 MAXTRANS 255 COMPUTE STATISTICS 
  STORAGE(INITIAL 65536 NEXT 1048576 MINEXTENTS 1 MAXEXTENTS 2147483645
  PCTINCREASE 0 FREELISTS 1 FREELIST GROUPS 1 BUFFER_POOL DEFAULT)
  TABLESPACE "USERS" ;
--------------------------------------------------------
--  DDL for Index VDIR_PLAN_PK
--------------------------------------------------------

  CREATE UNIQUE INDEX "VDIRMP"."VDIR_PLAN_PK" ON "VDIRMP"."VDIR_PLAN" ("COD_PLAN") 
  PCTFREE 10 INITRANS 2 MAXTRANS 255 COMPUTE STATISTICS 
  STORAGE(INITIAL 65536 NEXT 1048576 MINEXTENTS 1 MAXEXTENTS 2147483645
  PCTINCREASE 0 FREELISTS 1 FREELIST GROUPS 1 BUFFER_POOL DEFAULT)
  TABLESPACE "USERS" ;
--------------------------------------------------------
--  DDL for Index VDIR_PREGUNTA_INDEX1
--------------------------------------------------------

  CREATE INDEX "VDIRMP"."VDIR_PREGUNTA_INDEX1" ON "VDIRMP"."VDIR_PREGUNTA" ("COD_ENCUESTA") 
  PCTFREE 10 INITRANS 2 MAXTRANS 255 COMPUTE STATISTICS 
  STORAGE(INITIAL 65536 NEXT 1048576 MINEXTENTS 1 MAXEXTENTS 2147483645
  PCTINCREASE 0 FREELISTS 1 FREELIST GROUPS 1 BUFFER_POOL DEFAULT)
  TABLESPACE "USERS" ;
--------------------------------------------------------
--  DDL for Index VDIR_PREGUNTA_INDEX2
--------------------------------------------------------

  CREATE INDEX "VDIRMP"."VDIR_PREGUNTA_INDEX2" ON "VDIRMP"."VDIR_PREGUNTA" ("COD_MODULO") 
  PCTFREE 10 INITRANS 2 MAXTRANS 255 COMPUTE STATISTICS 
  STORAGE(INITIAL 65536 NEXT 1048576 MINEXTENTS 1 MAXEXTENTS 2147483645
  PCTINCREASE 0 FREELISTS 1 FREELIST GROUPS 1 BUFFER_POOL DEFAULT)
  TABLESPACE "USERS" ;
--------------------------------------------------------
--  DDL for Index VDIR_PREGUNTA_INDEX3
--------------------------------------------------------

  CREATE INDEX "VDIRMP"."VDIR_PREGUNTA_INDEX3" ON "VDIRMP"."VDIR_PREGUNTA" ("NUMERO_PREGUNTA") 
  PCTFREE 10 INITRANS 2 MAXTRANS 255 COMPUTE STATISTICS 
  STORAGE(INITIAL 65536 NEXT 1048576 MINEXTENTS 1 MAXEXTENTS 2147483645
  PCTINCREASE 0 FREELISTS 1 FREELIST GROUPS 1 BUFFER_POOL DEFAULT)
  TABLESPACE "USERS" ;
--------------------------------------------------------
--  DDL for Index VDIR_PRODUCTO_INDEX1
--------------------------------------------------------

  CREATE INDEX "VDIRMP"."VDIR_PRODUCTO_INDEX1" ON "VDIRMP"."VDIR_PRODUCTO" ("COD_ESTADO") 
  PCTFREE 10 INITRANS 2 MAXTRANS 255 COMPUTE STATISTICS 
  STORAGE(INITIAL 65536 NEXT 1048576 MINEXTENTS 1 MAXEXTENTS 2147483645
  PCTINCREASE 0 FREELISTS 1 FREELIST GROUPS 1 BUFFER_POOL DEFAULT)
  TABLESPACE "USERS" ;
--------------------------------------------------------
--  DDL for Index VDIR_PRODUCTO_PK
--------------------------------------------------------

  CREATE UNIQUE INDEX "VDIRMP"."VDIR_PRODUCTO_PK" ON "VDIRMP"."VDIR_PRODUCTO" ("COD_PRODUCTO") 
  PCTFREE 10 INITRANS 2 MAXTRANS 255 COMPUTE STATISTICS 
  STORAGE(INITIAL 65536 NEXT 1048576 MINEXTENTS 1 MAXEXTENTS 2147483645
  PCTINCREASE 0 FREELISTS 1 FREELIST GROUPS 1 BUFFER_POOL DEFAULT)
  TABLESPACE "USERS" ;
--------------------------------------------------------
--  DDL for Index VDIR_PROGRAMA_FILE_INDEX1
--------------------------------------------------------

  CREATE INDEX "VDIRMP"."VDIR_PROGRAMA_FILE_INDEX1" ON "VDIRMP"."VDIR_PROGRAMA_FILE" ("COD_FILE") 
  PCTFREE 10 INITRANS 2 MAXTRANS 255 
  STORAGE(INITIAL 65536 NEXT 1048576 MINEXTENTS 1 MAXEXTENTS 2147483645
  PCTINCREASE 0 FREELISTS 1 FREELIST GROUPS 1 BUFFER_POOL DEFAULT)
  TABLESPACE "USERS" ;
--------------------------------------------------------
--  DDL for Index VDIR_PROGRAMA_FILE_INDEX2
--------------------------------------------------------

  CREATE INDEX "VDIRMP"."VDIR_PROGRAMA_FILE_INDEX2" ON "VDIRMP"."VDIR_PROGRAMA_FILE" ("COD_PROGRAMA") 
  PCTFREE 10 INITRANS 2 MAXTRANS 255 
  STORAGE(INITIAL 65536 NEXT 1048576 MINEXTENTS 1 MAXEXTENTS 2147483645
  PCTINCREASE 0 FREELISTS 1 FREELIST GROUPS 1 BUFFER_POOL DEFAULT)
  TABLESPACE "USERS" ;
--------------------------------------------------------
--  DDL for Index VDIR_PROGRAMA_FILE_INDEX3
--------------------------------------------------------

  CREATE UNIQUE INDEX "VDIRMP"."VDIR_PROGRAMA_FILE_INDEX3" ON "VDIRMP"."VDIR_PROGRAMA_FILE" ("COD_FILE", "COD_PROGRAMA") 
  PCTFREE 10 INITRANS 2 MAXTRANS 255 
  STORAGE(INITIAL 65536 NEXT 1048576 MINEXTENTS 1 MAXEXTENTS 2147483645
  PCTINCREASE 0 FREELISTS 1 FREELIST GROUPS 1 BUFFER_POOL DEFAULT)
  TABLESPACE "USERS" ;
--------------------------------------------------------
--  DDL for Index VDIR_PROGRAMA_INDEX1
--------------------------------------------------------

  CREATE INDEX "VDIRMP"."VDIR_PROGRAMA_INDEX1" ON "VDIRMP"."VDIR_PROGRAMA" ("COD_PRODUCTO") 
  PCTFREE 10 INITRANS 2 MAXTRANS 255 COMPUTE STATISTICS 
  STORAGE(INITIAL 65536 NEXT 1048576 MINEXTENTS 1 MAXEXTENTS 2147483645
  PCTINCREASE 0 FREELISTS 1 FREELIST GROUPS 1 BUFFER_POOL DEFAULT)
  TABLESPACE "USERS" ;
--------------------------------------------------------
--  DDL for Index VDIR_PROGRAMA_INDEX2
--------------------------------------------------------

  CREATE INDEX "VDIRMP"."VDIR_PROGRAMA_INDEX2" ON "VDIRMP"."VDIR_PROGRAMA" ("COD_ESTADO") 
  PCTFREE 10 INITRANS 2 MAXTRANS 255 COMPUTE STATISTICS 
  STORAGE(INITIAL 65536 NEXT 1048576 MINEXTENTS 1 MAXEXTENTS 2147483645
  PCTINCREASE 0 FREELISTS 1 FREELIST GROUPS 1 BUFFER_POOL DEFAULT)
  TABLESPACE "USERS" ;
--------------------------------------------------------
--  DDL for Index VDIR_PROGRAMA_INDEX3
--------------------------------------------------------

  CREATE INDEX "VDIRMP"."VDIR_PROGRAMA_INDEX3" ON "VDIRMP"."VDIR_PROGRAMA" ("COD_IMPUESTO") 
  PCTFREE 10 INITRANS 2 MAXTRANS 255 COMPUTE STATISTICS 
  STORAGE(INITIAL 65536 NEXT 1048576 MINEXTENTS 1 MAXEXTENTS 2147483645
  PCTINCREASE 0 FREELISTS 1 FREELIST GROUPS 1 BUFFER_POOL DEFAULT)
  TABLESPACE "USERS" ;
--------------------------------------------------------
--  DDL for Index VDIR_PROGRAMA_PK
--------------------------------------------------------

  CREATE UNIQUE INDEX "VDIRMP"."VDIR_PROGRAMA_PK" ON "VDIRMP"."VDIR_PROGRAMA" ("COD_PROGRAMA") 
  PCTFREE 10 INITRANS 2 MAXTRANS 255 COMPUTE STATISTICS 
  STORAGE(INITIAL 65536 NEXT 1048576 MINEXTENTS 1 MAXEXTENTS 2147483645
  PCTINCREASE 0 FREELISTS 1 FREELIST GROUPS 1 BUFFER_POOL DEFAULT)
  TABLESPACE "USERS" ;
--------------------------------------------------------
--  DDL for Index VDIR_RESPUESTA_INDEX1
--------------------------------------------------------

  CREATE INDEX "VDIRMP"."VDIR_RESPUESTA_INDEX1" ON "VDIRMP"."VDIR_RESPUESTA" ("COD_PREGUNTA") 
  PCTFREE 10 INITRANS 2 MAXTRANS 255 COMPUTE STATISTICS 
  STORAGE(INITIAL 65536 NEXT 1048576 MINEXTENTS 1 MAXEXTENTS 2147483645
  PCTINCREASE 0 FREELISTS 1 FREELIST GROUPS 1 BUFFER_POOL DEFAULT)
  TABLESPACE "USERS" ;
--------------------------------------------------------
--  DDL for Index VDIR_RESPUESTA_INDEX2
--------------------------------------------------------

  CREATE INDEX "VDIRMP"."VDIR_RESPUESTA_INDEX2" ON "VDIRMP"."VDIR_RESPUESTA" ("NUMERO_RESPUESTA") 
  PCTFREE 10 INITRANS 2 MAXTRANS 255 COMPUTE STATISTICS 
  STORAGE(INITIAL 65536 NEXT 1048576 MINEXTENTS 1 MAXEXTENTS 2147483645
  PCTINCREASE 0 FREELISTS 1 FREELIST GROUPS 1 BUFFER_POOL DEFAULT)
  TABLESPACE "USERS" ;
--------------------------------------------------------
--  DDL for Index VDIR_RESPUESTAS_MARCADAS_INDE
--------------------------------------------------------

  CREATE INDEX "VDIRMP"."VDIR_RESPUESTAS_MARCADAS_INDE" ON "VDIRMP"."VDIR_RESPUESTAS_MARCADAS" ("COD_ENCUESTA_PERSONA") 
  PCTFREE 10 INITRANS 2 MAXTRANS 255 COMPUTE STATISTICS 
  STORAGE(INITIAL 65536 NEXT 1048576 MINEXTENTS 1 MAXEXTENTS 2147483645
  PCTINCREASE 0 FREELISTS 1 FREELIST GROUPS 1 BUFFER_POOL DEFAULT)
  TABLESPACE "USERS" ;
--------------------------------------------------------
--  DDL for Index VDIR_RESPUESTAS_MARCADAS_INDE1
--------------------------------------------------------

  CREATE INDEX "VDIRMP"."VDIR_RESPUESTAS_MARCADAS_INDE1" ON "VDIRMP"."VDIR_RESPUESTAS_MARCADAS" ("COD_RESPUESTA") 
  PCTFREE 10 INITRANS 2 MAXTRANS 255 COMPUTE STATISTICS 
  STORAGE(INITIAL 65536 NEXT 1048576 MINEXTENTS 1 MAXEXTENTS 2147483645
  PCTINCREASE 0 FREELISTS 1 FREELIST GROUPS 1 BUFFER_POOL DEFAULT)
  TABLESPACE "USERS" ;
--------------------------------------------------------
--  DDL for Index VDIR_RESPUESTAS_MARCADAS_INDE2
--------------------------------------------------------

  CREATE UNIQUE INDEX "VDIRMP"."VDIR_RESPUESTAS_MARCADAS_INDE2" ON "VDIRMP"."VDIR_RESPUESTAS_MARCADAS" ("COD_ENCUESTA_PERSONA", "COD_RESPUESTA", "COD_PREGUNTA") 
  PCTFREE 10 INITRANS 2 MAXTRANS 255 COMPUTE STATISTICS 
  STORAGE(INITIAL 65536 NEXT 1048576 MINEXTENTS 1 MAXEXTENTS 2147483645
  PCTINCREASE 0 FREELISTS 1 FREELIST GROUPS 1 BUFFER_POOL DEFAULT)
  TABLESPACE "USERS" ;
