--------------------------------------------------------
-- Archivo creado  - lunes-febrero-04-2019   
--------------------------------------------------------

--------------------------------------------------------
--  DDL for Sequence VDIR_SEQ_AFILIACION
--------------------------------------------------------

   CREATE SEQUENCE  "SALUDMP"."VDIR_SEQ_AFILIACION"  MINVALUE 1 MAXVALUE 9999999999999999999999999 INCREMENT BY 1 START WITH 101 NOORDER  NOCYCLE ;
--------------------------------------------------------
--  DDL for Sequence VDIR_SEQ_AFILIACION_ENCUESTA
--------------------------------------------------------

   CREATE SEQUENCE  "SALUDMP"."VDIR_SEQ_AFILIACION_ENCUESTA"  MINVALUE 1 MAXVALUE 999999999999999999999999999 INCREMENT BY 1 START WITH 221 ORDER  NOCYCLE ;
--------------------------------------------------------
--  DDL for Sequence VDIR_SEQ_BENEFICIARIO_PROGRAMA
--------------------------------------------------------

   CREATE SEQUENCE  "SALUDMP"."VDIR_SEQ_BENEFICIARIO_PROGRAMA"  MINVALUE 1 MAXVALUE 999999999999999999999999 INCREMENT BY 1 START WITH 221 NOORDER  NOCYCLE ;
--------------------------------------------------------
--  DDL for Sequence VDIR_SEQ_CONTRATANTE_BENEFI
--------------------------------------------------------

   CREATE SEQUENCE  "SALUDMP"."VDIR_SEQ_CONTRATANTE_BENEFI"  MINVALUE 1 MAXVALUE 9999999999999999999999999 INCREMENT BY 1 START WITH 201 NOORDER  NOCYCLE ;
--------------------------------------------------------
--  DDL for Sequence VDIR_SEQ_CONTRATO
--------------------------------------------------------

   CREATE SEQUENCE  "SALUDMP"."VDIR_SEQ_CONTRATO"  MINVALUE 1 MAXVALUE 9999999999999999 INCREMENT BY 1 START WITH 221 ORDER  NOCYCLE ;
--------------------------------------------------------
--  DDL for Sequence VDIR_SEQ_FACTURA
--------------------------------------------------------

   CREATE SEQUENCE  "SALUDMP"."VDIR_SEQ_FACTURA"  MINVALUE 1 MAXVALUE 999999999999999999999999 INCREMENT BY 1 START WITH 81 NOORDER  NOCYCLE ;
--------------------------------------------------------
--  DDL for Sequence VDIR_SEQ_FACTURA_DETALLE
--------------------------------------------------------

   CREATE SEQUENCE  "SALUDMP"."VDIR_SEQ_FACTURA_DETALLE"  MINVALUE 1 MAXVALUE 999999999999999999999999 INCREMENT BY 1 START WITH 201 NOORDER  NOCYCLE ;
--------------------------------------------------------
--  DDL for Sequence VDIR_SEQ_FILE
--------------------------------------------------------

   CREATE SEQUENCE  "SALUDMP"."VDIR_SEQ_FILE"  MINVALUE 1 MAXVALUE 999999999999999999999999999 INCREMENT BY 1 START WITH 305 ORDER  NOCYCLE ;
--------------------------------------------------------
--  DDL for Sequence VDIR_SEQ_FILEBENEFICIARIO
--------------------------------------------------------

   CREATE SEQUENCE  "SALUDMP"."VDIR_SEQ_FILEBENEFICIARIO"  MINVALUE 1 MAXVALUE 9999999999999999 INCREMENT BY 1 START WITH 181 ORDER  NOCYCLE ;
--------------------------------------------------------
--  DDL for Sequence VDIR_SEQ_LOG_USUARIOS_SISTEMA
--------------------------------------------------------

   CREATE SEQUENCE  "SALUDMP"."VDIR_SEQ_LOG_USUARIOS_SISTEMA"  MINVALUE 1 MAXVALUE 999999999999999999999999999 INCREMENT BY 1 START WITH 861 ORDER  NOCYCLE ;
--------------------------------------------------------
--  DDL for Sequence VDIR_SEQ_PERSONA
--------------------------------------------------------

   CREATE SEQUENCE  "SALUDMP"."VDIR_SEQ_PERSONA"  MINVALUE 1 MAXVALUE 9999999999999999999999999999 INCREMENT BY 1 START WITH 281 ORDER  NOCYCLE ;
--------------------------------------------------------
--  DDL for Sequence VDIR_SEQ_PERSONACONTRATO
--------------------------------------------------------

   CREATE SEQUENCE  "SALUDMP"."VDIR_SEQ_PERSONACONTRATO"  MINVALUE 1 MAXVALUE 9999999999999999 INCREMENT BY 1 START WITH 21 ORDER  NOCYCLE ;
--------------------------------------------------------
--  DDL for Sequence VDIR_SEQ_PERSONA_TIPOPER
--------------------------------------------------------

   CREATE SEQUENCE  "SALUDMP"."VDIR_SEQ_PERSONA_TIPOPER"  MINVALUE 1 MAXVALUE 999999999999999999999999999 INCREMENT BY 1 START WITH 141 ORDER  NOCYCLE ;
--------------------------------------------------------
--  DDL for Sequence VDIR_SEQ_PLANPROGRAMA
--------------------------------------------------------

   CREATE SEQUENCE  "SALUDMP"."VDIR_SEQ_PLANPROGRAMA"  MINVALUE 1 MAXVALUE 99999999999999 INCREMENT BY 1 START WITH 13 ORDER  NOCYCLE ;
--------------------------------------------------------
--  DDL for Sequence VDIR_SEQ_RESPUESTAS_MARCADAS
--------------------------------------------------------

   CREATE SEQUENCE  "SALUDMP"."VDIR_SEQ_RESPUESTAS_MARCADAS"  MINVALUE 1 MAXVALUE 999999999999999999999999999 INCREMENT BY 1 START WITH 741 ORDER  NOCYCLE ;
--------------------------------------------------------
--  DDL for Sequence VDIR_SEQ_ROL_USUARIO
--------------------------------------------------------

   CREATE SEQUENCE  "SALUDMP"."VDIR_SEQ_ROL_USUARIO"  MINVALUE 1 MAXVALUE 999999999999999999999999999 INCREMENT BY 1 START WITH 121 ORDER  NOCYCLE ;
--------------------------------------------------------
--  DDL for Sequence VDIR_SEQ_TARIFA
--------------------------------------------------------

   CREATE SEQUENCE  "SALUDMP"."VDIR_SEQ_TARIFA"  MINVALUE 1 MAXVALUE 99999999999999 INCREMENT BY 1 START WITH 61 ORDER  NOCYCLE ;
--------------------------------------------------------
--  DDL for Sequence VDIR_SEQ_USUARIO
--------------------------------------------------------

   CREATE SEQUENCE  "SALUDMP"."VDIR_SEQ_USUARIO"  MINVALUE 1 MAXVALUE 999999999999999999999999999 INCREMENT BY 1 START WITH 121 ORDER  NOCYCLE ;
--------------------------------------------------------
--  DDL for Table VDIR_AFILIACION
--------------------------------------------------------

  CREATE TABLE "SALUDMP"."VDIR_AFILIACION" 
   (	"COD_AFILIACION" NUMBER(16,0), 
	"FECHA_CREACION" DATE DEFAULT SYSDATE, 
	"COD_ESTADO" NUMBER(2,0)
   );
--------------------------------------------------------
--  DDL for Table VDIR_AFILIACION_AUDITORIA
--------------------------------------------------------

  CREATE TABLE "SALUDMP"."VDIR_AFILIACION_AUDITORIA" 
   (	"COD_AFILIACION_AUDITORIA" NUMBER(6,0), 
	"COD_AFILIACION" NUMBER(14,0), 
	"COD_AUDITOR" NUMBER(12,0), 
	"COD_ESTADO" NUMBER(2,0), 
	"FECHA_CREACION" DATE DEFAULT SYSDATE, 
	"ESTADO_SALUD" VARCHAR2(4000 BYTE)
   );
--------------------------------------------------------
--  DDL for Table VDIR_BARRIO
--------------------------------------------------------

  CREATE TABLE "SALUDMP"."VDIR_BARRIO" 
   (	"COD_BARRIO" NUMBER(6,0), 
	"DES_BARRIO" VARCHAR2(50 BYTE), 
	"COD_ESTADO" NUMBER(2,0), 
	"COD_MUNICIPIO" NUMBER(6,0), 
	"COD_COMUNA" NUMBER(6,0)
   );
--------------------------------------------------------
--  DDL for Table VDIR_BENEFICIARIO_PROGRAMA
--------------------------------------------------------

  CREATE TABLE "SALUDMP"."VDIR_BENEFICIARIO_PROGRAMA" 
   (	"COD_BENEFICIARIO_PROGRAMA" NUMBER(16,0), 
	"COD_PROGRAMA" NUMBER(16,0), 
	"COD_BENEFICIARIO" NUMBER(16,0), 
	"COD_TARIFA" NUMBER(16,0), 
	"COD_AFILIACION" NUMBER(16,0), 
	"COD_ESTADO" NUMBER
   );
--------------------------------------------------------
--  DDL for Table VDIR_COMUNA
--------------------------------------------------------

  CREATE TABLE "SALUDMP"."VDIR_COMUNA" 
   (	"COD_COMUNA" NUMBER(6,0), 
	"DES_COMUNA" VARCHAR2(50 BYTE), 
	"COD_ESTADO" NUMBER(2,0)
   );
--------------------------------------------------------
--  DDL for Table VDIR_CONDICION_TARIFA
--------------------------------------------------------

  CREATE TABLE "SALUDMP"."VDIR_CONDICION_TARIFA" 
   (	"COD_CONDICION_TARIFA" NUMBER(6,0), 
	"DES_CONDICION_TARIFA" VARCHAR2(100 BYTE), 
	"COD_ESTADO" NUMBER(2,0)
   );
--------------------------------------------------------
--  DDL for Table VDIR_CONTRATANTE_BENEFICIARIO
--------------------------------------------------------

  CREATE TABLE "SALUDMP"."VDIR_CONTRATANTE_BENEFICIARIO" 
   (	"COD_CONTRATANTE_BENEFICIARIO" NUMBER(16,0), 
	"COD_CONTRATANTE" NUMBER(16,0), 
	"COD_BENEFICIARIO" NUMBER(16,0), 
	"COD_PARENTESCO" NUMBER(2,0), 
	"COD_AFILIACION" NUMBER(16,0), 
	"COD_TIPO_SOLICITUD" NUMBER(2,0), 
	"COD_ESTADO" NUMBER
   );
--------------------------------------------------------
--  DDL for Table VDIR_DEPARTAMENTO
--------------------------------------------------------

  CREATE TABLE "SALUDMP"."VDIR_DEPARTAMENTO" 
   (	"COD_DEPARTAMENTO" NUMBER(6,0), 
	"COD_PAIS" NUMBER(6,0), 
	"DES_DEPARTAMENTO" VARCHAR2(50 BYTE), 
	"COD_ESTADO" NUMBER(2,0)
   );
--------------------------------------------------------
--  DDL for Table VDIR_ENCUESTA
--------------------------------------------------------

  CREATE TABLE "SALUDMP"."VDIR_ENCUESTA" 
   (	"COD_ENCUESTA" NUMBER(6,0), 
	"DES_ENCUESTA" VARCHAR2(100 BYTE), 
	"OBSERVACION" VARCHAR2(4000 BYTE)
   );
--------------------------------------------------------
--  DDL for Table VDIR_ENCUESTA_PERSONA
--------------------------------------------------------

  CREATE TABLE "SALUDMP"."VDIR_ENCUESTA_PERSONA" 
   (	"COD_ENCUESTA_PERSONA" NUMBER(16,0), 
	"COD_AFILIACION" NUMBER(14,0), 
	"COD_ENCUESTA" NUMBER(6,0), 
	"FECHA_CREACION" DATE DEFAULT SYSDATE, 
	"COD_PERSONA" NUMBER(16,0)
   );
--------------------------------------------------------
--  DDL for Table VDIR_EPS
--------------------------------------------------------

  CREATE TABLE "SALUDMP"."VDIR_EPS" 
   (	"COD_EPS" NUMBER, 
	"DES_EPS" VARCHAR2(100 BYTE), 
	"COD_ESTADO" NUMBER, 
	"SIGLA_EPS" VARCHAR2(100 BYTE)
   );
--------------------------------------------------------
--  DDL for Table VDIR_ESTADO
--------------------------------------------------------

  CREATE TABLE "SALUDMP"."VDIR_ESTADO" 
   (	"COD_ESTADO" NUMBER(*,0), 
	"DES_ESTADO" VARCHAR2(20 BYTE)
   );
--------------------------------------------------------
--  DDL for Table VDIR_ESTADO_CIVIL
--------------------------------------------------------

  CREATE TABLE "SALUDMP"."VDIR_ESTADO_CIVIL" 
   (	"COD_ESTADO_CIVIL" NUMBER, 
	"DES_ESTADO_CIVIL" VARCHAR2(20 BYTE), 
	"COD_ESTADO" NUMBER, 
	"ABR_ESTADO_CIVIL" VARCHAR2(2 BYTE)
   );
--------------------------------------------------------
--  DDL for Table VDIR_FACTURA
--------------------------------------------------------

  CREATE TABLE "SALUDMP"."VDIR_FACTURA" 
   (	"COD_FACTURA" NUMBER(16,0), 
	"TOTAL_PAGAR" NUMBER(16,0), 
	"VALOR_IMPUESTO" NUMBER(16,0), 
	"FECHA_CREACION" DATE DEFAULT SYSDATE, 
	"SUB_TOTAL" NUMBER(16,0), 
	"VALOR_PROMOCION" NUMBER(16,0), 
	"COD_TIPO_PAGO" NUMBER(2,0), 
	"COD_FORMA_PAGO" NUMBER(2,0), 
	"COD_ESTADO" NUMBER(2,0), 
	"COD_USUARIO" NUMBER(14,0), 
	"COD_AFILIACION" NUMBER(16,0)
   );
--------------------------------------------------------
--  DDL for Table VDIR_FACTURA_DETALLE
--------------------------------------------------------

  CREATE TABLE "SALUDMP"."VDIR_FACTURA_DETALLE" 
   (	"COD_FACTURA_DETALLE" NUMBER(16,0), 
	"VALOR_TOTAL" NUMBER(16,0), 
	"SUB_TOTAL" NUMBER(16,0), 
	"CANTIDAD" NUMBER(6,0), 
	"VALOR_IMPUESTO" NUMBER(16,0), 
	"VALOR_PROMOCION" NUMBER(16,0), 
	"VALOR_TARIFA" NUMBER(16,0), 
	"PORCENTAJE_IMPUESTO" NUMBER(2,0), 
	"COD_BENEFICIARIO_PROGRAMA" NUMBER(16,0), 
	"COD_FACTURA" NUMBER(16,0)
   );
--------------------------------------------------------
--  DDL for Table VDIR_FILE
--------------------------------------------------------

  CREATE TABLE "SALUDMP"."VDIR_FILE" 
   (	"COD_FILE" NUMBER(14,0), 
	"DES_FILE" VARCHAR2(400 BYTE), 
	"OBSERVACION" VARCHAR2(4000 BYTE), 
	"RUTA" VARCHAR2(4000 BYTE), 
	"COD_TIPO_FILE" NUMBER(2,0), 
	"FECHA_CREACION" DATE DEFAULT SYSDATE, 
	"URL" VARCHAR2(4000 BYTE), 
	"IDWIDGET" VARCHAR2(4000 BYTE)
   );
 

   COMMENT ON COLUMN "SALUDMP"."VDIR_FILE"."COD_FILE" IS 'Código consecutivo del archivo';
 
   COMMENT ON COLUMN "SALUDMP"."VDIR_FILE"."DES_FILE" IS 'Nombre para mostrar en pantalla del archivo';
 
   COMMENT ON COLUMN "SALUDMP"."VDIR_FILE"."OBSERVACION" IS 'Observación del archivo';
 
   COMMENT ON COLUMN "SALUDMP"."VDIR_FILE"."RUTA" IS 'Ruta local en donde se encuentra el archivo';
 
   COMMENT ON COLUMN "SALUDMP"."VDIR_FILE"."COD_TIPO_FILE" IS 'Código del tipo de archivo que los agrupa';
 
   COMMENT ON COLUMN "SALUDMP"."VDIR_FILE"."FECHA_CREACION" IS 'Fecha de creación del registro en el Sistema';
 
   COMMENT ON COLUMN "SALUDMP"."VDIR_FILE"."URL" IS 'Ruta para inscrustar el Widget proveniente de Adobe Sign (Ruta remota)';
 
   COMMENT ON COLUMN "SALUDMP"."VDIR_FILE"."IDWIDGET" IS 'Cadena con el Id Widget en Adobe Sign';
--------------------------------------------------------
--  DDL for Table VDIR_FILE_AUDITORIA
--------------------------------------------------------

  CREATE TABLE "SALUDMP"."VDIR_FILE_AUDITORIA" 
   (	"COD_FILE_AUDITORIA" NUMBER(16,0), 
	"COD_AFILIACION_AUDITORIA" NUMBER(14,0), 
	"COD_FILE" NUMBER(14,0), 
	"COD_PERSONA" NUMBER(14,0), 
	"DES_PERSISTENCIA" VARCHAR2(100 BYTE), 
	"DES_OBSERVACION_AUDI" VARCHAR2(100 BYTE)
   );
--------------------------------------------------------
--  DDL for Table VDIR_FILE_BENEFICIARIO
--------------------------------------------------------

  CREATE TABLE "SALUDMP"."VDIR_FILE_BENEFICIARIO" 
   (	"COD_FILE_BENEFICIARIO" NUMBER(16,0), 
	"COD_AFILIACION" NUMBER(14,0), 
	"COD_FILE" NUMBER(14,0), 
	"COD_BENEFICIARIO" NUMBER(16,0)
   );
--------------------------------------------------------
--  DDL for Table VDIR_FORMA_PAGO
--------------------------------------------------------

  CREATE TABLE "SALUDMP"."VDIR_FORMA_PAGO" 
   (	"COD_FORMA_PAGO" NUMBER(2,0), 
	"DES_FORMA_PAGO" VARCHAR2(50 BYTE), 
	"COD_ESTADO" NUMBER(2,0)
   );
--------------------------------------------------------
--  DDL for Table VDIR_IMPUESTO
--------------------------------------------------------

  CREATE TABLE "SALUDMP"."VDIR_IMPUESTO" 
   (	"COD_IMPUESTO" NUMBER(2,0), 
	"DES_IMPUESTO" VARCHAR2(50 BYTE), 
	"VALOR" NUMBER(2,0), 
	"COD_ESTADO" NUMBER(2,0)
   );
--------------------------------------------------------
--  DDL for Table VDIR_LOG_USUARIOS_SISTEMA
--------------------------------------------------------

  CREATE TABLE "SALUDMP"."VDIR_LOG_USUARIOS_SISTEMA" 
   (	"COD_LOG_USUARIOS_SISTEMA" NUMBER(20,0), 
	"USUARIO" VARCHAR2(50 BYTE), 
	"FECHA" DATE DEFAULT SYSDATE, 
	"IP" VARCHAR2(30 BYTE), 
	"NAVEGADOR" VARCHAR2(100 BYTE)
   );
--------------------------------------------------------
--  DDL for Table VDIR_MENU
--------------------------------------------------------

  CREATE TABLE "SALUDMP"."VDIR_MENU" 
   (	"COD_MENU" NUMBER(6,0), 
	"DES_MENU" VARCHAR2(100 BYTE), 
	"DES_MENU_LINK" VARCHAR2(100 BYTE), 
	"COD_PADRE" NUMBER(6,0)
   );
--------------------------------------------------------
--  DDL for Table VDIR_MODULO_ENCUESTA
--------------------------------------------------------

  CREATE TABLE "SALUDMP"."VDIR_MODULO_ENCUESTA" 
   (	"COD_MODULO" NUMBER, 
	"DES_MODULO" VARCHAR2(500 BYTE), 
	"COD_ESTADO" NUMBER
   );
--------------------------------------------------------
--  DDL for Table VDIR_MONEDA
--------------------------------------------------------

  CREATE TABLE "SALUDMP"."VDIR_MONEDA" 
   (	"COD_MONEDA" NUMBER(2,0), 
	"DES_MONEDA" VARCHAR2(50 BYTE), 
	"COD_ESTADO" NUMBER(2,0)
   );
--------------------------------------------------------
--  DDL for Table VDIR_MUNICIPIO
--------------------------------------------------------

  CREATE TABLE "SALUDMP"."VDIR_MUNICIPIO" 
   (	"COD_MUNICIPIO" NUMBER(6,0), 
	"COD_DEPARTAMENTO" NUMBER(6,0), 
	"DES_MUNICIPIO" VARCHAR2(50 BYTE), 
	"COD_ESTADO" NUMBER(2,0)
   );
--------------------------------------------------------
--  DDL for Table VDIR_NUM_USUARIOS_TARIFA
--------------------------------------------------------

  CREATE TABLE "SALUDMP"."VDIR_NUM_USUARIOS_TARIFA" 
   (	"COD_NUM_USUARIOS_TARIFA" NUMBER(6,0), 
	"DES_NUM_USUARIOS_TARIFA" VARCHAR2(100 BYTE), 
	"COD_ESTADO" NUMBER(2,0)
   );
--------------------------------------------------------
--  DDL for Table VDIR_PAIS
--------------------------------------------------------

  CREATE TABLE "SALUDMP"."VDIR_PAIS" 
   (	"COD_PAIS" NUMBER(6,0), 
	"DES_PAIS" VARCHAR2(50 BYTE), 
	"COD_ESTADO" NUMBER(2,0), 
	"ABR_PAIS" VARCHAR2(4 BYTE)
   );
--------------------------------------------------------
--  DDL for Table VDIR_PARAMETRO
--------------------------------------------------------

  CREATE TABLE "SALUDMP"."VDIR_PARAMETRO" 
   (	"COD_PARAMETRO" NUMBER(2,0), 
	"DES_PARAMETRO" VARCHAR2(50 BYTE), 
	"VALOR_PARAMETRO" VARCHAR2(4000 BYTE), 
	"COD_ESTADO" NUMBER(2,0)
   );
--------------------------------------------------------
--  DDL for Table VDIR_PARENTESCO
--------------------------------------------------------

  CREATE TABLE "SALUDMP"."VDIR_PARENTESCO" 
   (	"COD_PARENTESCO" NUMBER(2,0), 
	"DES_PARENTESCO" VARCHAR2(50 BYTE), 
	"COD_ESTADO" NUMBER(2,0), 
	"ABR_PARENTESCO" VARCHAR2(2 BYTE)
   );
--------------------------------------------------------
--  DDL for Table VDIR_PERSONA
--------------------------------------------------------

  CREATE TABLE "SALUDMP"."VDIR_PERSONA" 
   (	"COD_PERSONA" NUMBER(14,0), 
	"COD_TIPO_IDENTIFICACION" NUMBER(2,0), 
	"NUMERO_IDENTIFICACION" NUMBER(14,0), 
	"NOMBRE_1" VARCHAR2(50 BYTE), 
	"NOMBRE_2" VARCHAR2(50 BYTE), 
	"APELLIDO_1" VARCHAR2(50 BYTE), 
	"APELLIDO_2" VARCHAR2(50 BYTE), 
	"FECHA_NACIMIENTO" DATE, 
	"TELEFONO" VARCHAR2(12 BYTE), 
	"EMAIL" VARCHAR2(200 BYTE), 
	"DIRECCION" VARCHAR2(200 BYTE), 
	"COD_SEXO" NUMBER(2,0), 
	"COD_MUNICIPIO" NUMBER(6,0), 
	"FECHA_CREACION" DATE DEFAULT SYSDATE, 
	"COD_ESTADO" NUMBER(2,0), 
	"CELULAR" VARCHAR2(12 BYTE), 
	"COD_EPS" NUMBER, 
	"COD_ESTADO_CIVIL" NUMBER, 
	"IND_TIENE_MASCOTA" NUMBER, 
	"DIR_TIPO_VIA" NUMBER, 
	"DIR_NUM_VIA" VARCHAR2(10 BYTE), 
	"DIR_NUM_PLACA" VARCHAR2(20 BYTE), 
	"DIR_COMPLEMENTO" VARCHAR2(30 BYTE)
   );
--------------------------------------------------------
--  DDL for Table VDIR_PERSONA_CONTRATO
--------------------------------------------------------

  CREATE TABLE "SALUDMP"."VDIR_PERSONA_CONTRATO" 
   (	"COD_PERSONA_CONTRATO" NUMBER(16,0), 
	"COD_PERSONA" NUMBER(14,0), 
	"COD_PROGRAMA" NUMBER(6,0), 
	"COD_AFILIACION" NUMBER(14,0), 
	"FECHA_CREACION" DATE DEFAULT SYSDATE, 
	"NUMERO_CONTRATO_ADOBE" VARCHAR2(4000 BYTE)
   );
 

   COMMENT ON COLUMN "SALUDMP"."VDIR_PERSONA_CONTRATO"."COD_PERSONA_CONTRATO" IS 'Código consecutivo del contrante asociado a un contrato';
 
   COMMENT ON COLUMN "SALUDMP"."VDIR_PERSONA_CONTRATO"."COD_PERSONA" IS 'Código del contrante';
 
   COMMENT ON COLUMN "SALUDMP"."VDIR_PERSONA_CONTRATO"."COD_PROGRAMA" IS 'Código del programa';
 
   COMMENT ON COLUMN "SALUDMP"."VDIR_PERSONA_CONTRATO"."COD_AFILIACION" IS 'Código de la afiliación';
 
   COMMENT ON COLUMN "SALUDMP"."VDIR_PERSONA_CONTRATO"."FECHA_CREACION" IS 'Fecha de creación del registro en el Sistema';
 
   COMMENT ON COLUMN "SALUDMP"."VDIR_PERSONA_CONTRATO"."NUMERO_CONTRATO_ADOBE" IS 'Número de contrato proveniente de adobe';
--------------------------------------------------------
--  DDL for Table VDIR_PERSONA_TIPOPER
--------------------------------------------------------

  CREATE TABLE "SALUDMP"."VDIR_PERSONA_TIPOPER" 
   (	"COD_PERSONA_TIPOPER" NUMBER(14,0), 
	"COD_PERSONA" NUMBER(14,0), 
	"COD_TIPO_PERSONA" NUMBER(2,0)
   );
--------------------------------------------------------
--  DDL for Table VDIR_PLAN
--------------------------------------------------------

  CREATE TABLE "SALUDMP"."VDIR_PLAN" 
   (	"COD_PLAN" NUMBER(6,0), 
	"DES_PLAN" VARCHAR2(100 BYTE), 
	"COD_ESTADO" NUMBER(2,0)
   );
--------------------------------------------------------
--  DDL for Table VDIR_PLAN_PROGRAMA
--------------------------------------------------------

  CREATE TABLE "SALUDMP"."VDIR_PLAN_PROGRAMA" 
   (	"COD_PLAN_PROGRAMA" NUMBER(14,0), 
	"COD_PLAN" NUMBER(6,0), 
	"COD_PROGRAMA" NUMBER(6,0), 
	"COD_ESTADO" NUMBER(6,0), 
	"COBERTURA_INICIAL" VARCHAR2(4000 BYTE), 
	"COBERTURA_FINAL" VARCHAR2(4000 BYTE)
   );
--------------------------------------------------------
--  DDL for Table VDIR_PREGUNTA
--------------------------------------------------------

  CREATE TABLE "SALUDMP"."VDIR_PREGUNTA" 
   (	"COD_PREGUNTA" NUMBER(6,0), 
	"DES_PREGUNTA" VARCHAR2(4000 BYTE), 
	"COD_ENCUESTA" NUMBER(6,0), 
	"NUMERO_PREGUNTA" NUMBER(6,0), 
	"COD_MODULO" NUMBER(2,0)
   );
--------------------------------------------------------
--  DDL for Table VDIR_PRODUCTO
--------------------------------------------------------

  CREATE TABLE "SALUDMP"."VDIR_PRODUCTO" 
   (	"COD_PRODUCTO" NUMBER(6,0), 
	"DES_PRODUCTO" VARCHAR2(100 BYTE), 
	"COD_ESTADO" NUMBER(2,0), 
	"DESCRIPCION" VARCHAR2(4000 BYTE)
   );
--------------------------------------------------------
--  DDL for Table VDIR_PROGRAMA
--------------------------------------------------------

  CREATE TABLE "SALUDMP"."VDIR_PROGRAMA" 
   (	"COD_PROGRAMA" NUMBER(6,0), 
	"DES_PROGRAMA" VARCHAR2(100 BYTE), 
	"COD_PRODUCTO" NUMBER(6,0), 
	"COD_ESTADO" NUMBER(2,0), 
	"COD_IMPUESTO" NUMBER(2,0), 
	"URL_CONTRATO" VARCHAR2(500 BYTE), 
	"DESCRIPCION" VARCHAR2(4000 BYTE)
   );
 

   COMMENT ON COLUMN "SALUDMP"."VDIR_PROGRAMA"."URL_CONTRATO" IS 'Url del contrato en pdf ';
 
   COMMENT ON COLUMN "SALUDMP"."VDIR_PROGRAMA"."DESCRIPCION" IS 'Descripción del programa indicando el fin y coberturas';
--------------------------------------------------------
--  DDL for Table VDIR_PROGRAMA_FILE
--------------------------------------------------------

  CREATE TABLE "SALUDMP"."VDIR_PROGRAMA_FILE" 
   (	"COD_PROGRAMA_FILE" NUMBER(16,0), 
	"COD_FILE" NUMBER(14,0), 
	"COD_PROGRAMA" NUMBER(16,0)
   );
--------------------------------------------------------
--  DDL for Table VDIR_RESPUESTA
--------------------------------------------------------

  CREATE TABLE "SALUDMP"."VDIR_RESPUESTA" 
   (	"COD_RESPUESTA" NUMBER(6,0), 
	"DES_RESPUESTA" VARCHAR2(4000 BYTE), 
	"PUNTUACION" NUMBER(3,0), 
	"COD_PREGUNTA" NUMBER(6,0), 
	"NUMERO_RESPUESTA" NUMBER(6,0)
   );
--------------------------------------------------------
--  DDL for Table VDIR_RESPUESTAS_MARCADAS
--------------------------------------------------------

  CREATE TABLE "SALUDMP"."VDIR_RESPUESTAS_MARCADAS" 
   (	"COD_RESPUESTAS_MARCADAS" NUMBER(16,0), 
	"COD_ENCUESTA_PERSONA" NUMBER(16,0), 
	"COD_RESPUESTA" NUMBER(6,0), 
	"VALOR_RESPUESTA" VARCHAR2(500 BYTE), 
	"COD_PREGUNTA" NUMBER(6,0)
   );
--------------------------------------------------------
--  DDL for Table VDIR_ROL
--------------------------------------------------------

  CREATE TABLE "SALUDMP"."VDIR_ROL" 
   (	"COD_ROL" NUMBER(2,0), 
	"DES_ROL" VARCHAR2(50 BYTE), 
	"COD_ESTADO" NUMBER(2,0)
   );
--------------------------------------------------------
--  DDL for Table VDIR_ROL_USUARIO
--------------------------------------------------------

  CREATE TABLE "SALUDMP"."VDIR_ROL_USUARIO" 
   (	"COD_ROL_USUARIO" NUMBER(6,0), 
	"COD_USUARIO" NUMBER(14,0), 
	"COD_ROL" NUMBER(2,0)
   );
--------------------------------------------------------
--  DDL for Table VDIR_SEGURO
--------------------------------------------------------

  CREATE TABLE "SALUDMP"."VDIR_SEGURO" 
   (	"COD_SEGURO" NUMBER(2,0), 
	"DES_SEGURO" VARCHAR2(50 BYTE), 
	"COD_PROGRAMA" NUMBER(2,0), 
	"VALOR" NUMBER(14,0), 
	"COD_ESTADO" NUMBER(2,0)
   );
--------------------------------------------------------
--  DDL for Table VDIR_SEXO
--------------------------------------------------------

  CREATE TABLE "SALUDMP"."VDIR_SEXO" 
   (	"COD_SEXO" NUMBER(2,0), 
	"DES_SEXO" VARCHAR2(10 BYTE), 
	"COD_ESTADO" NUMBER(2,0), 
	"DES_ABR" VARCHAR2(10 BYTE)
   );
--------------------------------------------------------
--  DDL for Table VDIR_TARIFA
--------------------------------------------------------

  CREATE TABLE "SALUDMP"."VDIR_TARIFA" 
   (	"COD_TARIFA" NUMBER(14,0), 
	"COD_PLAN_PROGRAMA" NUMBER(14,0), 
	"COD_PLAN" NUMBER(6,0), 
	"COD_ESTADO" NUMBER(2,0), 
	"COD_TIPO_TARIFA" NUMBER, 
	"VALOR" NUMBER(12,0), 
	"FECHA_VIGE_INICIAL" DATE, 
	"FECHA_VIGE_FIN" DATE, 
	"COD_CONDICION_TARIFA" NUMBER(6,0), 
	"COD_NUM_USUARIOS_TARIFA" NUMBER(6,0), 
	"COD_SEXO" NUMBER(2,0), 
	"EDAD_INICIAL" NUMBER(2,0), 
	"EDAD_FINAL" NUMBER(2,0), 
	"COD_TARIFA_MP" VARCHAR2(20 BYTE)
   );
--------------------------------------------------------
--  DDL for Table VDIR_TARIFA_FILE
--------------------------------------------------------

  CREATE TABLE "SALUDMP"."VDIR_TARIFA_FILE" 
   (	"COD_TARIFA_FILE" NUMBER(16,0), 
	"COD_TARIFA" NUMBER(14,0), 
	"COD_FILE" NUMBER(14,0)
   );
--------------------------------------------------------
--  DDL for Table VDIR_TIPO_FILE
--------------------------------------------------------

  CREATE TABLE "SALUDMP"."VDIR_TIPO_FILE" 
   (	"COD_TIPO_FILE" NUMBER(2,0), 
	"DES_TIPO_FILE" VARCHAR2(50 BYTE), 
	"COD_ESTADO" NUMBER(2,0)
   );
--------------------------------------------------------
--  DDL for Table VDIR_TIPO_IDENTIFICACION
--------------------------------------------------------

  CREATE TABLE "SALUDMP"."VDIR_TIPO_IDENTIFICACION" 
   (	"COD_TIPO_IDENTIFICACION" NUMBER(2,0), 
	"DES_TIPO_IDENTIFICACION" VARCHAR2(50 BYTE), 
	"COD_ESTADO" NUMBER(2,0), 
	"DES_ABR" VARCHAR2(10 BYTE)
   );
--------------------------------------------------------
--  DDL for Table VDIR_TIPO_PAGO
--------------------------------------------------------

  CREATE TABLE "SALUDMP"."VDIR_TIPO_PAGO" 
   (	"COD_TIPO_PAGO" NUMBER(2,0), 
	"DES_TIPO_PAGO" VARCHAR2(50 BYTE), 
	"COD_ESTADO" NUMBER(2,0)
   );
--------------------------------------------------------
--  DDL for Table VDIR_TIPO_PERSONA
--------------------------------------------------------

  CREATE TABLE "SALUDMP"."VDIR_TIPO_PERSONA" 
   (	"COD_TIPO_PERSONA" NUMBER(2,0), 
	"DES_TIPO_PERSONA" VARCHAR2(50 BYTE), 
	"COD_ESTADO" NUMBER(2,0)
   );
--------------------------------------------------------
--  DDL for Table VDIR_TIPO_SOLICITUD
--------------------------------------------------------

  CREATE TABLE "SALUDMP"."VDIR_TIPO_SOLICITUD" 
   (	"COD_TIPO_SOLICITUD" NUMBER(2,0), 
	"DES_TIPO_SOLICITUD" VARCHAR2(50 BYTE), 
	"COD_ESTADO" NUMBER(2,0)
   );
--------------------------------------------------------
--  DDL for Table VDIR_TIPO_TARIFA
--------------------------------------------------------

  CREATE TABLE "SALUDMP"."VDIR_TIPO_TARIFA" 
   (	"COD_TIPO_TARIFA" NUMBER(2,0), 
	"DES_TIPO_TARIFA" VARCHAR2(50 BYTE), 
	"COD_ESTADO" NUMBER(2,0)
   );
--------------------------------------------------------
--  DDL for Table VDIR_TIPO_VIA
--------------------------------------------------------

  CREATE TABLE "SALUDMP"."VDIR_TIPO_VIA" 
   (	"COD_TIPO_VIA" NUMBER, 
	"DES_TIPO_VIA" VARCHAR2(50 BYTE), 
	"COD_ESTADO" NUMBER, 
	"ABR_TIPO_VIA" VARCHAR2(4 BYTE)
   );
--------------------------------------------------------
--  DDL for Table VDIR_USUARIO
--------------------------------------------------------

  CREATE TABLE "SALUDMP"."VDIR_USUARIO" 
   (	"COD_USUARIO" NUMBER(14,0), 
	"LOGIN" VARCHAR2(50 BYTE), 
	"CLAVE" VARCHAR2(100 BYTE), 
	"COD_PERSONA" NUMBER(14,0), 
	"COD_ESTADO" NUMBER(2,0), 
	"CODIGO_SEGURIDAD" NUMBER(6,0), 
	"COD_PLAN" NUMBER(2,0)
   );


REM INSERTING into SALUDMP.VDIR_AFILIACION
SET DEFINE OFF;
Insert into SALUDMP.VDIR_AFILIACION (COD_AFILIACION,FECHA_CREACION,COD_ESTADO) values ('1',to_date('04/01/19','DD/MM/RR'),'3');
Insert into SALUDMP.VDIR_AFILIACION (COD_AFILIACION,FECHA_CREACION,COD_ESTADO) values ('61',to_date('28/01/19','DD/MM/RR'),'3');
Insert into SALUDMP.VDIR_AFILIACION (COD_AFILIACION,FECHA_CREACION,COD_ESTADO) values ('82',to_date('01/02/19','DD/MM/RR'),'3');
Insert into SALUDMP.VDIR_AFILIACION (COD_AFILIACION,FECHA_CREACION,COD_ESTADO) values ('86',to_date('01/02/19','DD/MM/RR'),'3');
Insert into SALUDMP.VDIR_AFILIACION (COD_AFILIACION,FECHA_CREACION,COD_ESTADO) values ('81',to_date('31/01/19','DD/MM/RR'),'3');
Insert into SALUDMP.VDIR_AFILIACION (COD_AFILIACION,FECHA_CREACION,COD_ESTADO) values ('83',to_date('01/02/19','DD/MM/RR'),'3');
Insert into SALUDMP.VDIR_AFILIACION (COD_AFILIACION,FECHA_CREACION,COD_ESTADO) values ('84',to_date('01/02/19','DD/MM/RR'),'3');
Insert into SALUDMP.VDIR_AFILIACION (COD_AFILIACION,FECHA_CREACION,COD_ESTADO) values ('85',to_date('01/02/19','DD/MM/RR'),'3');
Insert into SALUDMP.VDIR_AFILIACION (COD_AFILIACION,FECHA_CREACION,COD_ESTADO) values ('87',to_date('01/02/19','DD/MM/RR'),'3');
Insert into SALUDMP.VDIR_AFILIACION (COD_AFILIACION,FECHA_CREACION,COD_ESTADO) values ('88',to_date('01/02/19','DD/MM/RR'),'3');
Insert into SALUDMP.VDIR_AFILIACION (COD_AFILIACION,FECHA_CREACION,COD_ESTADO) values ('21',to_date('24/01/19','DD/MM/RR'),'3');
Insert into SALUDMP.VDIR_AFILIACION (COD_AFILIACION,FECHA_CREACION,COD_ESTADO) values ('62',to_date('28/01/19','DD/MM/RR'),'3');
Insert into SALUDMP.VDIR_AFILIACION (COD_AFILIACION,FECHA_CREACION,COD_ESTADO) values ('41',to_date('25/01/19','DD/MM/RR'),'3');
Insert into SALUDMP.VDIR_AFILIACION (COD_AFILIACION,FECHA_CREACION,COD_ESTADO) values ('42',to_date('25/01/19','DD/MM/RR'),'3');
Insert into SALUDMP.VDIR_AFILIACION (COD_AFILIACION,FECHA_CREACION,COD_ESTADO) values ('89',to_date('01/02/19','DD/MM/RR'),'3');
Insert into SALUDMP.VDIR_AFILIACION (COD_AFILIACION,FECHA_CREACION,COD_ESTADO) values ('90',to_date('01/02/19','DD/MM/RR'),'3');
REM INSERTING into SALUDMP.VDIR_AFILIACION_AUDITORIA
SET DEFINE OFF;
REM INSERTING into SALUDMP.VDIR_BARRIO
SET DEFINE OFF;
REM INSERTING into SALUDMP.VDIR_BENEFICIARIO_PROGRAMA
SET DEFINE OFF;
Insert into SALUDMP.VDIR_BENEFICIARIO_PROGRAMA (COD_BENEFICIARIO_PROGRAMA,COD_PROGRAMA,COD_BENEFICIARIO,COD_TARIFA,COD_AFILIACION,COD_ESTADO) values ('125','4','187','1','61','1');
Insert into SALUDMP.VDIR_BENEFICIARIO_PROGRAMA (COD_BENEFICIARIO_PROGRAMA,COD_PROGRAMA,COD_BENEFICIARIO,COD_TARIFA,COD_AFILIACION,COD_ESTADO) values ('126','2','187','1','61','1');
Insert into SALUDMP.VDIR_BENEFICIARIO_PROGRAMA (COD_BENEFICIARIO_PROGRAMA,COD_PROGRAMA,COD_BENEFICIARIO,COD_TARIFA,COD_AFILIACION,COD_ESTADO) values ('183','2','250','1','85','1');
Insert into SALUDMP.VDIR_BENEFICIARIO_PROGRAMA (COD_BENEFICIARIO_PROGRAMA,COD_PROGRAMA,COD_BENEFICIARIO,COD_TARIFA,COD_AFILIACION,COD_ESTADO) values ('172','3','242','1','81','1');
Insert into SALUDMP.VDIR_BENEFICIARIO_PROGRAMA (COD_BENEFICIARIO_PROGRAMA,COD_PROGRAMA,COD_BENEFICIARIO,COD_TARIFA,COD_AFILIACION,COD_ESTADO) values ('200','2','256','1','88','1');
Insert into SALUDMP.VDIR_BENEFICIARIO_PROGRAMA (COD_BENEFICIARIO_PROGRAMA,COD_PROGRAMA,COD_BENEFICIARIO,COD_TARIFA,COD_AFILIACION,COD_ESTADO) values ('201','1','255','1','88','1');
Insert into SALUDMP.VDIR_BENEFICIARIO_PROGRAMA (COD_BENEFICIARIO_PROGRAMA,COD_PROGRAMA,COD_BENEFICIARIO,COD_TARIFA,COD_AFILIACION,COD_ESTADO) values ('202','1','257','1','89','1');
Insert into SALUDMP.VDIR_BENEFICIARIO_PROGRAMA (COD_BENEFICIARIO_PROGRAMA,COD_PROGRAMA,COD_BENEFICIARIO,COD_TARIFA,COD_AFILIACION,COD_ESTADO) values ('164','2','201','1','42','1');
Insert into SALUDMP.VDIR_BENEFICIARIO_PROGRAMA (COD_BENEFICIARIO_PROGRAMA,COD_PROGRAMA,COD_BENEFICIARIO,COD_TARIFA,COD_AFILIACION,COD_ESTADO) values ('143','1','202','1','42','1');
Insert into SALUDMP.VDIR_BENEFICIARIO_PROGRAMA (COD_BENEFICIARIO_PROGRAMA,COD_PROGRAMA,COD_BENEFICIARIO,COD_TARIFA,COD_AFILIACION,COD_ESTADO) values ('165','2','202','1','42','1');
Insert into SALUDMP.VDIR_BENEFICIARIO_PROGRAMA (COD_BENEFICIARIO_PROGRAMA,COD_PROGRAMA,COD_BENEFICIARIO,COD_TARIFA,COD_AFILIACION,COD_ESTADO) values ('181','2','245','1','83','1');
Insert into SALUDMP.VDIR_BENEFICIARIO_PROGRAMA (COD_BENEFICIARIO_PROGRAMA,COD_PROGRAMA,COD_BENEFICIARIO,COD_TARIFA,COD_AFILIACION,COD_ESTADO) values ('199','2','255','1','88','1');
Insert into SALUDMP.VDIR_BENEFICIARIO_PROGRAMA (COD_BENEFICIARIO_PROGRAMA,COD_PROGRAMA,COD_BENEFICIARIO,COD_TARIFA,COD_AFILIACION,COD_ESTADO) values ('203','4','258','1','89','1');
Insert into SALUDMP.VDIR_BENEFICIARIO_PROGRAMA (COD_BENEFICIARIO_PROGRAMA,COD_PROGRAMA,COD_BENEFICIARIO,COD_TARIFA,COD_AFILIACION,COD_ESTADO) values ('204','2','259','1','90','1');
Insert into SALUDMP.VDIR_BENEFICIARIO_PROGRAMA (COD_BENEFICIARIO_PROGRAMA,COD_PROGRAMA,COD_BENEFICIARIO,COD_TARIFA,COD_AFILIACION,COD_ESTADO) values ('101','3','121','1','42','1');
Insert into SALUDMP.VDIR_BENEFICIARIO_PROGRAMA (COD_BENEFICIARIO_PROGRAMA,COD_PROGRAMA,COD_BENEFICIARIO,COD_TARIFA,COD_AFILIACION,COD_ESTADO) values ('132','2','188','1','62','1');
Insert into SALUDMP.VDIR_BENEFICIARIO_PROGRAMA (COD_BENEFICIARIO_PROGRAMA,COD_PROGRAMA,COD_BENEFICIARIO,COD_TARIFA,COD_AFILIACION,COD_ESTADO) values ('136','5','188','1','62','1');
Insert into SALUDMP.VDIR_BENEFICIARIO_PROGRAMA (COD_BENEFICIARIO_PROGRAMA,COD_PROGRAMA,COD_BENEFICIARIO,COD_TARIFA,COD_AFILIACION,COD_ESTADO) values ('144','6','201','1','42','1');
Insert into SALUDMP.VDIR_BENEFICIARIO_PROGRAMA (COD_BENEFICIARIO_PROGRAMA,COD_PROGRAMA,COD_BENEFICIARIO,COD_TARIFA,COD_AFILIACION,COD_ESTADO) values ('197','3','253','1','87','1');
Insert into SALUDMP.VDIR_BENEFICIARIO_PROGRAMA (COD_BENEFICIARIO_PROGRAMA,COD_PROGRAMA,COD_BENEFICIARIO,COD_TARIFA,COD_AFILIACION,COD_ESTADO) values ('163','3','202','1','42','1');
Insert into SALUDMP.VDIR_BENEFICIARIO_PROGRAMA (COD_BENEFICIARIO_PROGRAMA,COD_PROGRAMA,COD_BENEFICIARIO,COD_TARIFA,COD_AFILIACION,COD_ESTADO) values ('137','1','187','1','61','1');
Insert into SALUDMP.VDIR_BENEFICIARIO_PROGRAMA (COD_BENEFICIARIO_PROGRAMA,COD_PROGRAMA,COD_BENEFICIARIO,COD_TARIFA,COD_AFILIACION,COD_ESTADO) values ('122','2','162','1','42','1');
Insert into SALUDMP.VDIR_BENEFICIARIO_PROGRAMA (COD_BENEFICIARIO_PROGRAMA,COD_PROGRAMA,COD_BENEFICIARIO,COD_TARIFA,COD_AFILIACION,COD_ESTADO) values ('171','3','241','1','81','1');
Insert into SALUDMP.VDIR_BENEFICIARIO_PROGRAMA (COD_BENEFICIARIO_PROGRAMA,COD_PROGRAMA,COD_BENEFICIARIO,COD_TARIFA,COD_AFILIACION,COD_ESTADO) values ('180','3','246','1','83','1');
Insert into SALUDMP.VDIR_BENEFICIARIO_PROGRAMA (COD_BENEFICIARIO_PROGRAMA,COD_PROGRAMA,COD_BENEFICIARIO,COD_TARIFA,COD_AFILIACION,COD_ESTADO) values ('182','3','249','1','85','1');
Insert into SALUDMP.VDIR_BENEFICIARIO_PROGRAMA (COD_BENEFICIARIO_PROGRAMA,COD_PROGRAMA,COD_BENEFICIARIO,COD_TARIFA,COD_AFILIACION,COD_ESTADO) values ('135','2','12','1','42','1');
Insert into SALUDMP.VDIR_BENEFICIARIO_PROGRAMA (COD_BENEFICIARIO_PROGRAMA,COD_PROGRAMA,COD_BENEFICIARIO,COD_TARIFA,COD_AFILIACION,COD_ESTADO) values ('133','3','162','1','42','1');
Insert into SALUDMP.VDIR_BENEFICIARIO_PROGRAMA (COD_BENEFICIARIO_PROGRAMA,COD_PROGRAMA,COD_BENEFICIARIO,COD_TARIFA,COD_AFILIACION,COD_ESTADO) values ('196','3','252','1','87','1');
Insert into SALUDMP.VDIR_BENEFICIARIO_PROGRAMA (COD_BENEFICIARIO_PROGRAMA,COD_PROGRAMA,COD_BENEFICIARIO,COD_TARIFA,COD_AFILIACION,COD_ESTADO) values ('141','1','188','1','62','1');
Insert into SALUDMP.VDIR_BENEFICIARIO_PROGRAMA (COD_BENEFICIARIO_PROGRAMA,COD_PROGRAMA,COD_BENEFICIARIO,COD_TARIFA,COD_AFILIACION,COD_ESTADO) values ('166','2','121','1','42','1');
Insert into SALUDMP.VDIR_BENEFICIARIO_PROGRAMA (COD_BENEFICIARIO_PROGRAMA,COD_PROGRAMA,COD_BENEFICIARIO,COD_TARIFA,COD_AFILIACION,COD_ESTADO) values ('198','3','255','1','88','1');
Insert into SALUDMP.VDIR_BENEFICIARIO_PROGRAMA (COD_BENEFICIARIO_PROGRAMA,COD_PROGRAMA,COD_BENEFICIARIO,COD_TARIFA,COD_AFILIACION,COD_ESTADO) values ('205','2','260','1','90','1');
Insert into SALUDMP.VDIR_BENEFICIARIO_PROGRAMA (COD_BENEFICIARIO_PROGRAMA,COD_PROGRAMA,COD_BENEFICIARIO,COD_TARIFA,COD_AFILIACION,COD_ESTADO) values ('206','2','261','1','42','1');
REM INSERTING into SALUDMP.VDIR_COMUNA
SET DEFINE OFF;
REM INSERTING into SALUDMP.VDIR_CONDICION_TARIFA
SET DEFINE OFF;
Insert into SALUDMP.VDIR_CONDICION_TARIFA (COD_CONDICION_TARIFA,DES_CONDICION_TARIFA,COD_ESTADO) values ('1','Número de usuarios','1');
Insert into SALUDMP.VDIR_CONDICION_TARIFA (COD_CONDICION_TARIFA,DES_CONDICION_TARIFA,COD_ESTADO) values ('2','Quinquenio','1');
REM INSERTING into SALUDMP.VDIR_CONTRATANTE_BENEFICIARIO
SET DEFINE OFF;
Insert into SALUDMP.VDIR_CONTRATANTE_BENEFICIARIO (COD_CONTRATANTE_BENEFICIARIO,COD_CONTRATANTE,COD_BENEFICIARIO,COD_PARENTESCO,COD_AFILIACION,COD_TIPO_SOLICITUD,COD_ESTADO) values ('183','244','244','10','82',null,'1');
Insert into SALUDMP.VDIR_CONTRATANTE_BENEFICIARIO (COD_CONTRATANTE_BENEFICIARIO,COD_CONTRATANTE,COD_BENEFICIARIO,COD_PARENTESCO,COD_AFILIACION,COD_TIPO_SOLICITUD,COD_ESTADO) values ('142','187','187','10','61',null,'1');
Insert into SALUDMP.VDIR_CONTRATANTE_BENEFICIARIO (COD_CONTRATANTE_BENEFICIARIO,COD_CONTRATANTE,COD_BENEFICIARIO,COD_PARENTESCO,COD_AFILIACION,COD_TIPO_SOLICITUD,COD_ESTADO) values ('181','241','241','10','81',null,'1');
Insert into SALUDMP.VDIR_CONTRATANTE_BENEFICIARIO (COD_CONTRATANTE_BENEFICIARIO,COD_CONTRATANTE,COD_BENEFICIARIO,COD_PARENTESCO,COD_AFILIACION,COD_TIPO_SOLICITUD,COD_ESTADO) values ('162','12','202','1','42',null,'1');
Insert into SALUDMP.VDIR_CONTRATANTE_BENEFICIARIO (COD_CONTRATANTE_BENEFICIARIO,COD_CONTRATANTE,COD_BENEFICIARIO,COD_PARENTESCO,COD_AFILIACION,COD_TIPO_SOLICITUD,COD_ESTADO) values ('182','241','242','4','81',null,'1');
Insert into SALUDMP.VDIR_CONTRATANTE_BENEFICIARIO (COD_CONTRATANTE_BENEFICIARIO,COD_CONTRATANTE,COD_BENEFICIARIO,COD_PARENTESCO,COD_AFILIACION,COD_TIPO_SOLICITUD,COD_ESTADO) values ('184','245','245','10','83',null,'1');
Insert into SALUDMP.VDIR_CONTRATANTE_BENEFICIARIO (COD_CONTRATANTE_BENEFICIARIO,COD_CONTRATANTE,COD_BENEFICIARIO,COD_PARENTESCO,COD_AFILIACION,COD_TIPO_SOLICITUD,COD_ESTADO) values ('185','245','246','2','83',null,'1');
Insert into SALUDMP.VDIR_CONTRATANTE_BENEFICIARIO (COD_CONTRATANTE_BENEFICIARIO,COD_CONTRATANTE,COD_BENEFICIARIO,COD_PARENTESCO,COD_AFILIACION,COD_TIPO_SOLICITUD,COD_ESTADO) values ('186','247','248','1','84',null,'1');
Insert into SALUDMP.VDIR_CONTRATANTE_BENEFICIARIO (COD_CONTRATANTE_BENEFICIARIO,COD_CONTRATANTE,COD_BENEFICIARIO,COD_PARENTESCO,COD_AFILIACION,COD_TIPO_SOLICITUD,COD_ESTADO) values ('187','249','250','4','85',null,'1');
Insert into SALUDMP.VDIR_CONTRATANTE_BENEFICIARIO (COD_CONTRATANTE_BENEFICIARIO,COD_CONTRATANTE,COD_BENEFICIARIO,COD_PARENTESCO,COD_AFILIACION,COD_TIPO_SOLICITUD,COD_ESTADO) values ('191','252','252','10','87',null,'1');
Insert into SALUDMP.VDIR_CONTRATANTE_BENEFICIARIO (COD_CONTRATANTE_BENEFICIARIO,COD_CONTRATANTE,COD_BENEFICIARIO,COD_PARENTESCO,COD_AFILIACION,COD_TIPO_SOLICITUD,COD_ESTADO) values ('192','252','253','4','87',null,'1');
Insert into SALUDMP.VDIR_CONTRATANTE_BENEFICIARIO (COD_CONTRATANTE_BENEFICIARIO,COD_CONTRATANTE,COD_BENEFICIARIO,COD_PARENTESCO,COD_AFILIACION,COD_TIPO_SOLICITUD,COD_ESTADO) values ('193','255','255','10','88',null,'1');
Insert into SALUDMP.VDIR_CONTRATANTE_BENEFICIARIO (COD_CONTRATANTE_BENEFICIARIO,COD_CONTRATANTE,COD_BENEFICIARIO,COD_PARENTESCO,COD_AFILIACION,COD_TIPO_SOLICITUD,COD_ESTADO) values ('194','255','256','4','88',null,'1');
Insert into SALUDMP.VDIR_CONTRATANTE_BENEFICIARIO (COD_CONTRATANTE_BENEFICIARIO,COD_CONTRATANTE,COD_BENEFICIARIO,COD_PARENTESCO,COD_AFILIACION,COD_TIPO_SOLICITUD,COD_ESTADO) values ('163','12','201','3','42',null,'1');
Insert into SALUDMP.VDIR_CONTRATANTE_BENEFICIARIO (COD_CONTRATANTE_BENEFICIARIO,COD_CONTRATANTE,COD_BENEFICIARIO,COD_PARENTESCO,COD_AFILIACION,COD_TIPO_SOLICITUD,COD_ESTADO) values ('143','188','188','10','62',null,'1');
Insert into SALUDMP.VDIR_CONTRATANTE_BENEFICIARIO (COD_CONTRATANTE_BENEFICIARIO,COD_CONTRATANTE,COD_BENEFICIARIO,COD_PARENTESCO,COD_AFILIACION,COD_TIPO_SOLICITUD,COD_ESTADO) values ('198','259','259','10','90',null,'1');
Insert into SALUDMP.VDIR_CONTRATANTE_BENEFICIARIO (COD_CONTRATANTE_BENEFICIARIO,COD_CONTRATANTE,COD_BENEFICIARIO,COD_PARENTESCO,COD_AFILIACION,COD_TIPO_SOLICITUD,COD_ESTADO) values ('122','12','121','4','42',null,'1');
Insert into SALUDMP.VDIR_CONTRATANTE_BENEFICIARIO (COD_CONTRATANTE_BENEFICIARIO,COD_CONTRATANTE,COD_BENEFICIARIO,COD_PARENTESCO,COD_AFILIACION,COD_TIPO_SOLICITUD,COD_ESTADO) values ('82','12','12','10','42',null,'1');
Insert into SALUDMP.VDIR_CONTRATANTE_BENEFICIARIO (COD_CONTRATANTE_BENEFICIARIO,COD_CONTRATANTE,COD_BENEFICIARIO,COD_PARENTESCO,COD_AFILIACION,COD_TIPO_SOLICITUD,COD_ESTADO) values ('141','12','162','7','42',null,'1');
Insert into SALUDMP.VDIR_CONTRATANTE_BENEFICIARIO (COD_CONTRATANTE_BENEFICIARIO,COD_CONTRATANTE,COD_BENEFICIARIO,COD_PARENTESCO,COD_AFILIACION,COD_TIPO_SOLICITUD,COD_ESTADO) values ('189','249','249','10','85',null,'1');
Insert into SALUDMP.VDIR_CONTRATANTE_BENEFICIARIO (COD_CONTRATANTE_BENEFICIARIO,COD_CONTRATANTE,COD_BENEFICIARIO,COD_PARENTESCO,COD_AFILIACION,COD_TIPO_SOLICITUD,COD_ESTADO) values ('195','257','258','4','89',null,'1');
Insert into SALUDMP.VDIR_CONTRATANTE_BENEFICIARIO (COD_CONTRATANTE_BENEFICIARIO,COD_CONTRATANTE,COD_BENEFICIARIO,COD_PARENTESCO,COD_AFILIACION,COD_TIPO_SOLICITUD,COD_ESTADO) values ('196','257','257','10','89',null,'1');
Insert into SALUDMP.VDIR_CONTRATANTE_BENEFICIARIO (COD_CONTRATANTE_BENEFICIARIO,COD_CONTRATANTE,COD_BENEFICIARIO,COD_PARENTESCO,COD_AFILIACION,COD_TIPO_SOLICITUD,COD_ESTADO) values ('197','259','260','4','90',null,'1');
Insert into SALUDMP.VDIR_CONTRATANTE_BENEFICIARIO (COD_CONTRATANTE_BENEFICIARIO,COD_CONTRATANTE,COD_BENEFICIARIO,COD_PARENTESCO,COD_AFILIACION,COD_TIPO_SOLICITUD,COD_ESTADO) values ('190','243','243','10','86',null,'1');
Insert into SALUDMP.VDIR_CONTRATANTE_BENEFICIARIO (COD_CONTRATANTE_BENEFICIARIO,COD_CONTRATANTE,COD_BENEFICIARIO,COD_PARENTESCO,COD_AFILIACION,COD_TIPO_SOLICITUD,COD_ESTADO) values ('199','12','261','3','42',null,'1');
REM INSERTING into SALUDMP.VDIR_DEPARTAMENTO
SET DEFINE OFF;
Insert into SALUDMP.VDIR_DEPARTAMENTO (COD_DEPARTAMENTO,COD_PAIS,DES_DEPARTAMENTO,COD_ESTADO) values ('1','36','Valle','2');
Insert into SALUDMP.VDIR_DEPARTAMENTO (COD_DEPARTAMENTO,COD_PAIS,DES_DEPARTAMENTO,COD_ESTADO) values ('8','36','Atlántico','1');
Insert into SALUDMP.VDIR_DEPARTAMENTO (COD_DEPARTAMENTO,COD_PAIS,DES_DEPARTAMENTO,COD_ESTADO) values ('5','36','Antioquia','1');
Insert into SALUDMP.VDIR_DEPARTAMENTO (COD_DEPARTAMENTO,COD_PAIS,DES_DEPARTAMENTO,COD_ESTADO) values ('11','36','Bogotá D.C.','1');
Insert into SALUDMP.VDIR_DEPARTAMENTO (COD_DEPARTAMENTO,COD_PAIS,DES_DEPARTAMENTO,COD_ESTADO) values ('13','36','Bolívar','1');
Insert into SALUDMP.VDIR_DEPARTAMENTO (COD_DEPARTAMENTO,COD_PAIS,DES_DEPARTAMENTO,COD_ESTADO) values ('15','36','Boyacá','1');
Insert into SALUDMP.VDIR_DEPARTAMENTO (COD_DEPARTAMENTO,COD_PAIS,DES_DEPARTAMENTO,COD_ESTADO) values ('17','36','Caldas','1');
Insert into SALUDMP.VDIR_DEPARTAMENTO (COD_DEPARTAMENTO,COD_PAIS,DES_DEPARTAMENTO,COD_ESTADO) values ('18','36','Caquetá','1');
Insert into SALUDMP.VDIR_DEPARTAMENTO (COD_DEPARTAMENTO,COD_PAIS,DES_DEPARTAMENTO,COD_ESTADO) values ('19','36','Cauca','1');
Insert into SALUDMP.VDIR_DEPARTAMENTO (COD_DEPARTAMENTO,COD_PAIS,DES_DEPARTAMENTO,COD_ESTADO) values ('20','36','Cesar','1');
Insert into SALUDMP.VDIR_DEPARTAMENTO (COD_DEPARTAMENTO,COD_PAIS,DES_DEPARTAMENTO,COD_ESTADO) values ('23','36','Córdoba','1');
Insert into SALUDMP.VDIR_DEPARTAMENTO (COD_DEPARTAMENTO,COD_PAIS,DES_DEPARTAMENTO,COD_ESTADO) values ('25','36','Cundinamarca','1');
Insert into SALUDMP.VDIR_DEPARTAMENTO (COD_DEPARTAMENTO,COD_PAIS,DES_DEPARTAMENTO,COD_ESTADO) values ('27','36','Chocó','1');
Insert into SALUDMP.VDIR_DEPARTAMENTO (COD_DEPARTAMENTO,COD_PAIS,DES_DEPARTAMENTO,COD_ESTADO) values ('41','36','Huila','1');
Insert into SALUDMP.VDIR_DEPARTAMENTO (COD_DEPARTAMENTO,COD_PAIS,DES_DEPARTAMENTO,COD_ESTADO) values ('44','36','La Guajira','1');
Insert into SALUDMP.VDIR_DEPARTAMENTO (COD_DEPARTAMENTO,COD_PAIS,DES_DEPARTAMENTO,COD_ESTADO) values ('47','36','Magdalena','1');
Insert into SALUDMP.VDIR_DEPARTAMENTO (COD_DEPARTAMENTO,COD_PAIS,DES_DEPARTAMENTO,COD_ESTADO) values ('50','36','Meta','1');
Insert into SALUDMP.VDIR_DEPARTAMENTO (COD_DEPARTAMENTO,COD_PAIS,DES_DEPARTAMENTO,COD_ESTADO) values ('52','36','Nariño','1');
Insert into SALUDMP.VDIR_DEPARTAMENTO (COD_DEPARTAMENTO,COD_PAIS,DES_DEPARTAMENTO,COD_ESTADO) values ('54','36','Norte de Santander','1');
Insert into SALUDMP.VDIR_DEPARTAMENTO (COD_DEPARTAMENTO,COD_PAIS,DES_DEPARTAMENTO,COD_ESTADO) values ('63','36','Quindío','1');
Insert into SALUDMP.VDIR_DEPARTAMENTO (COD_DEPARTAMENTO,COD_PAIS,DES_DEPARTAMENTO,COD_ESTADO) values ('66','36','Risaralda','1');
Insert into SALUDMP.VDIR_DEPARTAMENTO (COD_DEPARTAMENTO,COD_PAIS,DES_DEPARTAMENTO,COD_ESTADO) values ('68','36','Santander','1');
Insert into SALUDMP.VDIR_DEPARTAMENTO (COD_DEPARTAMENTO,COD_PAIS,DES_DEPARTAMENTO,COD_ESTADO) values ('70','36','Sucre','1');
Insert into SALUDMP.VDIR_DEPARTAMENTO (COD_DEPARTAMENTO,COD_PAIS,DES_DEPARTAMENTO,COD_ESTADO) values ('73','36','Tolima','1');
Insert into SALUDMP.VDIR_DEPARTAMENTO (COD_DEPARTAMENTO,COD_PAIS,DES_DEPARTAMENTO,COD_ESTADO) values ('76','36','Valle del Cauca','1');
Insert into SALUDMP.VDIR_DEPARTAMENTO (COD_DEPARTAMENTO,COD_PAIS,DES_DEPARTAMENTO,COD_ESTADO) values ('81','36','Arauca','1');
Insert into SALUDMP.VDIR_DEPARTAMENTO (COD_DEPARTAMENTO,COD_PAIS,DES_DEPARTAMENTO,COD_ESTADO) values ('85','36','Casanare','1');
Insert into SALUDMP.VDIR_DEPARTAMENTO (COD_DEPARTAMENTO,COD_PAIS,DES_DEPARTAMENTO,COD_ESTADO) values ('86','36','Putumayo','1');
Insert into SALUDMP.VDIR_DEPARTAMENTO (COD_DEPARTAMENTO,COD_PAIS,DES_DEPARTAMENTO,COD_ESTADO) values ('91','36','Amazonas','1');
Insert into SALUDMP.VDIR_DEPARTAMENTO (COD_DEPARTAMENTO,COD_PAIS,DES_DEPARTAMENTO,COD_ESTADO) values ('94','36','Guainía','1');
Insert into SALUDMP.VDIR_DEPARTAMENTO (COD_DEPARTAMENTO,COD_PAIS,DES_DEPARTAMENTO,COD_ESTADO) values ('95','36','Guaviare','1');
Insert into SALUDMP.VDIR_DEPARTAMENTO (COD_DEPARTAMENTO,COD_PAIS,DES_DEPARTAMENTO,COD_ESTADO) values ('97','36','Vaupés','1');
Insert into SALUDMP.VDIR_DEPARTAMENTO (COD_DEPARTAMENTO,COD_PAIS,DES_DEPARTAMENTO,COD_ESTADO) values ('99','36','Vichada','1');
REM INSERTING into SALUDMP.VDIR_ENCUESTA
SET DEFINE OFF;
Insert into SALUDMP.VDIR_ENCUESTA (COD_ENCUESTA,DES_ENCUESTA,OBSERVACION) values ('1','Sarlaf','Encuesta de sarlaf');
Insert into SALUDMP.VDIR_ENCUESTA (COD_ENCUESTA,DES_ENCUESTA,OBSERVACION) values ('2','Estado de salud','Encuesta para saber el estado de salud');
REM INSERTING into SALUDMP.VDIR_ENCUESTA_PERSONA
SET DEFINE OFF;
Insert into SALUDMP.VDIR_ENCUESTA_PERSONA (COD_ENCUESTA_PERSONA,COD_AFILIACION,COD_ENCUESTA,FECHA_CREACION,COD_PERSONA) values ('143','61','1',to_date('28/01/19','DD/MM/RR'),'187');
Insert into SALUDMP.VDIR_ENCUESTA_PERSONA (COD_ENCUESTA_PERSONA,COD_AFILIACION,COD_ENCUESTA,FECHA_CREACION,COD_PERSONA) values ('202','-1','2',to_date('01/02/19','DD/MM/RR'),'258');
Insert into SALUDMP.VDIR_ENCUESTA_PERSONA (COD_ENCUESTA_PERSONA,COD_AFILIACION,COD_ENCUESTA,FECHA_CREACION,COD_PERSONA) values ('141','42','1',to_date('28/01/19','DD/MM/RR'),'12');
Insert into SALUDMP.VDIR_ENCUESTA_PERSONA (COD_ENCUESTA_PERSONA,COD_AFILIACION,COD_ENCUESTA,FECHA_CREACION,COD_PERSONA) values ('161','42','2',to_date('29/01/19','DD/MM/RR'),'12');
Insert into SALUDMP.VDIR_ENCUESTA_PERSONA (COD_ENCUESTA_PERSONA,COD_AFILIACION,COD_ENCUESTA,FECHA_CREACION,COD_PERSONA) values ('146','62','2',to_date('29/01/19','DD/MM/RR'),'188');
Insert into SALUDMP.VDIR_ENCUESTA_PERSONA (COD_ENCUESTA_PERSONA,COD_AFILIACION,COD_ENCUESTA,FECHA_CREACION,COD_PERSONA) values ('162','42','2',to_date('29/01/19','DD/MM/RR'),'162');
Insert into SALUDMP.VDIR_ENCUESTA_PERSONA (COD_ENCUESTA_PERSONA,COD_AFILIACION,COD_ENCUESTA,FECHA_CREACION,COD_PERSONA) values ('164','62','2',to_date('30/01/19','DD/MM/RR'),'203');
Insert into SALUDMP.VDIR_ENCUESTA_PERSONA (COD_ENCUESTA_PERSONA,COD_AFILIACION,COD_ENCUESTA,FECHA_CREACION,COD_PERSONA) values ('181','81','1',to_date('31/01/19','DD/MM/RR'),'241');
Insert into SALUDMP.VDIR_ENCUESTA_PERSONA (COD_ENCUESTA_PERSONA,COD_AFILIACION,COD_ENCUESTA,FECHA_CREACION,COD_PERSONA) values ('183','81','2',to_date('31/01/19','DD/MM/RR'),'242');
Insert into SALUDMP.VDIR_ENCUESTA_PERSONA (COD_ENCUESTA_PERSONA,COD_AFILIACION,COD_ENCUESTA,FECHA_CREACION,COD_PERSONA) values ('201','-1','1',to_date('01/02/19','DD/MM/RR'),'257');
Insert into SALUDMP.VDIR_ENCUESTA_PERSONA (COD_ENCUESTA_PERSONA,COD_AFILIACION,COD_ENCUESTA,FECHA_CREACION,COD_PERSONA) values ('205','90','1',to_date('01/02/19','DD/MM/RR'),'259');
Insert into SALUDMP.VDIR_ENCUESTA_PERSONA (COD_ENCUESTA_PERSONA,COD_AFILIACION,COD_ENCUESTA,FECHA_CREACION,COD_PERSONA) values ('142','42','2',to_date('28/01/19','DD/MM/RR'),'121');
Insert into SALUDMP.VDIR_ENCUESTA_PERSONA (COD_ENCUESTA_PERSONA,COD_AFILIACION,COD_ENCUESTA,FECHA_CREACION,COD_PERSONA) values ('144','61','2',to_date('28/01/19','DD/MM/RR'),'187');
Insert into SALUDMP.VDIR_ENCUESTA_PERSONA (COD_ENCUESTA_PERSONA,COD_AFILIACION,COD_ENCUESTA,FECHA_CREACION,COD_PERSONA) values ('145','62','1',to_date('29/01/19','DD/MM/RR'),'188');
Insert into SALUDMP.VDIR_ENCUESTA_PERSONA (COD_ENCUESTA_PERSONA,COD_AFILIACION,COD_ENCUESTA,FECHA_CREACION,COD_PERSONA) values ('163','42','2',to_date('29/01/19','DD/MM/RR'),'201');
Insert into SALUDMP.VDIR_ENCUESTA_PERSONA (COD_ENCUESTA_PERSONA,COD_AFILIACION,COD_ENCUESTA,FECHA_CREACION,COD_PERSONA) values ('203','89','1',to_date('01/02/19','DD/MM/RR'),'257');
Insert into SALUDMP.VDIR_ENCUESTA_PERSONA (COD_ENCUESTA_PERSONA,COD_AFILIACION,COD_ENCUESTA,FECHA_CREACION,COD_PERSONA) values ('182','81','2',to_date('31/01/19','DD/MM/RR'),'241');
Insert into SALUDMP.VDIR_ENCUESTA_PERSONA (COD_ENCUESTA_PERSONA,COD_AFILIACION,COD_ENCUESTA,FECHA_CREACION,COD_PERSONA) values ('204','89','2',to_date('01/02/19','DD/MM/RR'),'258');
REM INSERTING into SALUDMP.VDIR_EPS
SET DEFINE OFF;
Insert into SALUDMP.VDIR_EPS (COD_EPS,DES_EPS,COD_ESTADO,SIGLA_EPS) values ('43','S.O.S SALUD','1','ENTIDAD PROMOTORA DE SALUD SERVICIO OCCIDENTAL DE SALUD S.A. S.O.S.');
Insert into SALUDMP.VDIR_EPS (COD_EPS,DES_EPS,COD_ESTADO,SIGLA_EPS) values ('44','CRUZ BLANCA','1','CRUZ BLANCA ENTIDAD PROMOTORA DE SALUD S.A.');
Insert into SALUDMP.VDIR_EPS (COD_EPS,DES_EPS,COD_ESTADO,SIGLA_EPS) values ('46','NUEVA EPS','1','NUEVA EPS S.A.');
Insert into SALUDMP.VDIR_EPS (COD_EPS,DES_EPS,COD_ESTADO,SIGLA_EPS) values ('47','GOLDEN GROUP','1','GOLDEN GROUP S.A. ENTIDAD PROMOTORA DE');
Insert into SALUDMP.VDIR_EPS (COD_EPS,DES_EPS,COD_ESTADO,SIGLA_EPS) values ('49','UNIVALLE SALUD','1','UNIVERSIDAD DEL VALLE SERVICIO DE SALUD');
Insert into SALUDMP.VDIR_EPS (COD_EPS,DES_EPS,COD_ESTADO,SIGLA_EPS) values ('50','UNINACIONAL SALUD','1','UNIDAD DE SERVICIOS DE SALUD UNISALUD DE LA UNIVERSIDAD NACIONAL DE COLOMBIA');
Insert into SALUDMP.VDIR_EPS (COD_EPS,DES_EPS,COD_ESTADO,SIGLA_EPS) values ('51','UNICAUCA SALUD','1','UNIVERSIDAD DEL CAUCA UNIDAD DE SALUD');
Insert into SALUDMP.VDIR_EPS (COD_EPS,DES_EPS,COD_ESTADO,SIGLA_EPS) values ('57','SANIDAD POLICIA NACIONAL','1','DIRECCION DE SANIDAD POLICIA NACIONAL');
Insert into SALUDMP.VDIR_EPS (COD_EPS,DES_EPS,COD_ESTADO,SIGLA_EPS) values ('58','ECOPETROL','1','ECOPETROL S.A');
Insert into SALUDMP.VDIR_EPS (COD_EPS,DES_EPS,COD_ESTADO,SIGLA_EPS) values ('61','SALUDCOOP','1','SALUDCOOP EPS');
Insert into SALUDMP.VDIR_EPS (COD_EPS,DES_EPS,COD_ESTADO,SIGLA_EPS) values ('62','UNIATLANTICO','1','UNIDAD DE SALUD DE LA UNIVERSIDAD DEL ATLANTICO');
Insert into SALUDMP.VDIR_EPS (COD_EPS,DES_EPS,COD_ESTADO,SIGLA_EPS) values ('63','SALUD VIDA','1','SALUD VIDA S.A. ENTIDAD PROMOTORA DE SALUD');
Insert into SALUDMP.VDIR_EPS (COD_EPS,DES_EPS,COD_ESTADO,SIGLA_EPS) values ('68','AIC CM','1','ASOCIACIÓN INDÍGENA DEL CAUCA - AIC -CM');
Insert into SALUDMP.VDIR_EPS (COD_EPS,DES_EPS,COD_ESTADO,SIGLA_EPS) values ('73','SANA','1','BARRANQUILLA SANA E.P.S');
Insert into SALUDMP.VDIR_EPS (COD_EPS,DES_EPS,COD_ESTADO,SIGLA_EPS) values ('74','BONSALUD','1','BONSALUD S.A. E.P.S.');
Insert into SALUDMP.VDIR_EPS (COD_EPS,DES_EPS,COD_ESTADO,SIGLA_EPS) values ('79','CAJANAL','1','CAJANAL E.P.S');
Insert into SALUDMP.VDIR_EPS (COD_EPS,DES_EPS,COD_ESTADO,SIGLA_EPS) values ('80','CALISALUD','1','CALISALUD E.P.S.');
Insert into SALUDMP.VDIR_EPS (COD_EPS,DES_EPS,COD_ESTADO,SIGLA_EPS) values ('85','CJ.PREV.DE NTE./STANDER','1','CJ.DPTAL.PREV.DE NTE./STANDER');
Insert into SALUDMP.VDIR_EPS (COD_EPS,DES_EPS,COD_ESTADO,SIGLA_EPS) values ('86','CJ.PREV.SUPERINTEND.BANCARIA','1','CJ.PR.SOC.SUPERINTEND.BANCARIA');
Insert into SALUDMP.VDIR_EPS (COD_EPS,DES_EPS,COD_ESTADO,SIGLA_EPS) values ('88','CJ.PREV.SOC.ARAUCA','1','CJ.PREV.SOC.ARAUCA');
Insert into SALUDMP.VDIR_EPS (COD_EPS,DES_EPS,COD_ESTADO,SIGLA_EPS) values ('89','CJ.PREV.SOC.DE BOYACA','1','CJ.PREV.SOC.DE BOYACA');
Insert into SALUDMP.VDIR_EPS (COD_EPS,DES_EPS,COD_ESTADO,SIGLA_EPS) values ('90','CJ.PREV.SOC.DEPTAL DEL CAUCA','1','CJ.PREV.SOC.DEPTAL DEL CAUCA');
Insert into SALUDMP.VDIR_EPS (COD_EPS,DES_EPS,COD_ESTADO,SIGLA_EPS) values ('92','CJ.PREV.SOC.MUN.DE IBAGUE','1','CJ.PREV.SOC.MUN.DE IBAGUE');
Insert into SALUDMP.VDIR_EPS (COD_EPS,DES_EPS,COD_ESTADO,SIGLA_EPS) values ('93','CJ.PREV.SOC.NARIÑO','1','CJ.PREV.SOC.NARIÑO');
Insert into SALUDMP.VDIR_EPS (COD_EPS,DES_EPS,COD_ESTADO,SIGLA_EPS) values ('94','CJ.PREV.SOC.SANTIAGO DE CALI','1','CJ.PREV.SOC.SANTIAGO DE CALI');
Insert into SALUDMP.VDIR_EPS (COD_EPS,DES_EPS,COD_ESTADO,SIGLA_EPS) values ('95','CJ.PREV.SOC.U.I.SANTANDER','1','CJ.PREV.SOC.U.I.SANTANDER');
Insert into SALUDMP.VDIR_EPS (COD_EPS,DES_EPS,COD_ESTADO,SIGLA_EPS) values ('96','CJ.PREV.SOC.UNIV.DEL CAUCA','1','CJ.PREV.SOC.UNIV.DEL CAUCA');
Insert into SALUDMP.VDIR_EPS (COD_EPS,DES_EPS,COD_ESTADO,SIGLA_EPS) values ('97','CJ.PREV.SOC.UNIVERS.NACIONAL','1','CJ.PREV.SOC.UNIVERS.NACIONAL');
Insert into SALUDMP.VDIR_EPS (COD_EPS,DES_EPS,COD_ESTADO,SIGLA_EPS) values ('100','COLSEGUROS','1','COLSEGUROS E.P.S');
Insert into SALUDMP.VDIR_EPS (COD_EPS,DES_EPS,COD_ESTADO,SIGLA_EPS) values ('101','COMCAJA','1','COMCAJA C.COMP.FLIAR CAMPESINA');
Insert into SALUDMP.VDIR_EPS (COD_EPS,DES_EPS,COD_ESTADO,SIGLA_EPS) values ('102','COMFAMILIAR','1','COMFAMILIAR CAMACOL CAJA COMPE');
Insert into SALUDMP.VDIR_EPS (COD_EPS,DES_EPS,COD_ESTADO,SIGLA_EPS) values ('105','CONGRESO','1','CONGRESO DE LA REPUBLICA');
Insert into SALUDMP.VDIR_EPS (COD_EPS,DES_EPS,COD_ESTADO,SIGLA_EPS) values ('106','CONSALUD','1','CONSALUD');
Insert into SALUDMP.VDIR_EPS (COD_EPS,DES_EPS,COD_ESTADO,SIGLA_EPS) values ('108','COOMEVA','1','COOMEVA EPS. SA (PAGO N.Y)');
Insert into SALUDMP.VDIR_EPS (COD_EPS,DES_EPS,COD_ESTADO,SIGLA_EPS) values ('111','CORP.ELECTR.COSTA ATLANTICA','1','CORP.ELECTR.COSTA ATLANTICA');
Insert into SALUDMP.VDIR_EPS (COD_EPS,DES_EPS,COD_ESTADO,SIGLA_EPS) values ('112','CORPORANONIMAS','1','CORPORANONIMAS E.P.S');
Insert into SALUDMP.VDIR_EPS (COD_EPS,DES_EPS,COD_ESTADO,SIGLA_EPS) values ('114','DEPTO.MEDICO Y ODONTOLOGICO','1','DEPTO.MEDICO Y ODONTOLOGICO');
Insert into SALUDMP.VDIR_EPS (COD_EPS,DES_EPS,COD_ESTADO,SIGLA_EPS) values ('115','CONDOR','1','E.P.S CONDOR S.A.');
Insert into SALUDMP.VDIR_EPS (COD_EPS,DES_EPS,COD_ESTADO,SIGLA_EPS) values ('117','COMFENALCO','1','E.P.S. COMFENALCO ANTIOQUIA');
Insert into SALUDMP.VDIR_EPS (COD_EPS,DES_EPS,COD_ESTADO,SIGLA_EPS) values ('119','EPS RISARALDA','1','E.P.S. RISARALDA LTDA');
Insert into SALUDMP.VDIR_EPS (COD_EPS,DES_EPS,COD_ESTADO,SIGLA_EPS) values ('126','EMPRESAS PUB MEDELLIN','1','EPM - EMPRESAS PUBLICAS DE MEDELLIN');
Insert into SALUDMP.VDIR_EPS (COD_EPS,DES_EPS,COD_ESTADO,SIGLA_EPS) values ('127','EPS ARUBA','1','EPS ARUBA');
Insert into SALUDMP.VDIR_EPS (COD_EPS,DES_EPS,COD_ESTADO,SIGLA_EPS) values ('129','SURAMERICANA','1','SURAMERICANA S.A. EPS Y MP');
Insert into SALUDMP.VDIR_EPS (COD_EPS,DES_EPS,COD_ESTADO,SIGLA_EPS) values ('130','FONDO SALUD UNICORDOBA','1','FONDO DE SALUD UNIV. CORDOBA');
Insert into SALUDMP.VDIR_EPS (COD_EPS,DES_EPS,COD_ESTADO,SIGLA_EPS) values ('131','FONDO FERROCARRILES','1','FONDO FERROCARRILES NACIONALES');
Insert into SALUDMP.VDIR_EPS (COD_EPS,DES_EPS,COD_ESTADO,SIGLA_EPS) values ('132','FUERZAS ARMADAS','1','FUERZAS ARMADAS');
Insert into SALUDMP.VDIR_EPS (COD_EPS,DES_EPS,COD_ESTADO,SIGLA_EPS) values ('134','HUMANA','1','HUMANA VIVIR S.A. E.P.S.');
Insert into SALUDMP.VDIR_EPS (COD_EPS,DES_EPS,COD_ESTADO,SIGLA_EPS) values ('135','ISS EPS','1','I.S.S. E.P.S. S.A.');
Insert into SALUDMP.VDIR_EPS (COD_EPS,DES_EPS,COD_ESTADO,SIGLA_EPS) values ('136','IND LICORERA','1','IND.LICORERA CALDAS SER.MEDICO');
Insert into SALUDMP.VDIR_EPS (COD_EPS,DES_EPS,COD_ESTADO,SIGLA_EPS) values ('137','INCORA','1','INST.CLMBNO.REFORMA AGRARIA');
Insert into SALUDMP.VDIR_EPS (COD_EPS,DES_EPS,COD_ESTADO,SIGLA_EPS) values ('139','MAGISTERIO','1','MAGISTERIO');
Insert into SALUDMP.VDIR_EPS (COD_EPS,DES_EPS,COD_ESTADO,SIGLA_EPS) values ('140','MEDICOL','1','MEDICOL SALUD');
Insert into SALUDMP.VDIR_EPS (COD_EPS,DES_EPS,COD_ESTADO,SIGLA_EPS) values ('141','METROPOLITANA','1','METROPOLITANA DE SALUD');
Insert into SALUDMP.VDIR_EPS (COD_EPS,DES_EPS,COD_ESTADO,SIGLA_EPS) values ('142','MULTIMEDICAS','1','MULTIMEDICAS SALUD EPS S.A.');
Insert into SALUDMP.VDIR_EPS (COD_EPS,DES_EPS,COD_ESTADO,SIGLA_EPS) values ('144','RED SALUD','1','RED SALUD ATENCION HUMANA EPS');
Insert into SALUDMP.VDIR_EPS (COD_EPS,DES_EPS,COD_ESTADO,SIGLA_EPS) values ('145','RESIDENTE EN EL EXTERIOR','1','RESIDENTE EN EL EXTERIOR');
Insert into SALUDMP.VDIR_EPS (COD_EPS,DES_EPS,COD_ESTADO,SIGLA_EPS) values ('146','COLPATRIA','1','SALUD COLPATRIA E.P.S.');
Insert into SALUDMP.VDIR_EPS (COD_EPS,DES_EPS,COD_ESTADO,SIGLA_EPS) values ('148','SALUDCOLOMBIA','1','SALUDCOLOMBIA ENTIDAD PROM.SAL');
Insert into SALUDMP.VDIR_EPS (COD_EPS,DES_EPS,COD_ESTADO,SIGLA_EPS) values ('151','SAVIA','1','SAVIA SALUD EPS');
Insert into SALUDMP.VDIR_EPS (COD_EPS,DES_EPS,COD_ESTADO,SIGLA_EPS) values ('152','SELVA','1','SELVA SALUD S.A E.P.S');
Insert into SALUDMP.VDIR_EPS (COD_EPS,DES_EPS,COD_ESTADO,SIGLA_EPS) values ('4','COMFACOR CORDOBA','1','COMFACOR EPS-CCF DE CÓRDOBA');
Insert into SALUDMP.VDIR_EPS (COD_EPS,DES_EPS,COD_ESTADO,SIGLA_EPS) values ('11','CAJACOPI ATLANTIO','1','CAJACOPI ATLÁNTICO ¿CCF');
Insert into SALUDMP.VDIR_EPS (COD_EPS,DES_EPS,COD_ESTADO,SIGLA_EPS) values ('13','COMFACHOCO','1','COMFACHOCO-CCF DEL CHOCÓ');
Insert into SALUDMP.VDIR_EPS (COD_EPS,DES_EPS,COD_ESTADO,SIGLA_EPS) values ('14','CAPRECOM','1','CAJA DE PREVISIÓN SOCIAL DE COMUNICACIONES EPS CAPRECOM');
Insert into SALUDMP.VDIR_EPS (COD_EPS,DES_EPS,COD_ESTADO,SIGLA_EPS) values ('15','CONVIDA','1','ENTIDAD ADMINISTRADORA DE RÉGIMEN SUBSIDIADO CONVIDA');
Insert into SALUDMP.VDIR_EPS (COD_EPS,DES_EPS,COD_ESTADO,SIGLA_EPS) values ('16','CAPRESOCA','1','CAPRESOCA EPS');
Insert into SALUDMP.VDIR_EPS (COD_EPS,DES_EPS,COD_ESTADO,SIGLA_EPS) values ('18','CABILDO ZENU','1','ASOCIACIÓN DE CABILDOS INDÍGENAS DEL RESGUARDO INDÍGENA ZENÚ DE SAN AN');
Insert into SALUDMP.VDIR_EPS (COD_EPS,DES_EPS,COD_ESTADO,SIGLA_EPS) values ('21','MALLAMAS EPSI','1','ENTIDAD PROMOTORA DE SALUD MALLAMAS EPSI');
Insert into SALUDMP.VDIR_EPS (COD_EPS,DES_EPS,COD_ESTADO,SIGLA_EPS) values ('23','CAFESALUD','1','CAFESALUD EPS');
Insert into SALUDMP.VDIR_EPS (COD_EPS,DES_EPS,COD_ESTADO,SIGLA_EPS) values ('24','SALUD VIDA','1','SALUD VIDA EPS');
Insert into SALUDMP.VDIR_EPS (COD_EPS,DES_EPS,COD_ESTADO,SIGLA_EPS) values ('25','CAPITAL SALUD','1','CAPITAL SALUD EPSS S.A.S.');
Insert into SALUDMP.VDIR_EPS (COD_EPS,DES_EPS,COD_ESTADO,SIGLA_EPS) values ('26','EMDISAL','1','EMPRESA MUTUAL PARA EL DESARROLLO INTEGRAL DE LA SALUD E.S.S. "EMDISAL');
Insert into SALUDMP.VDIR_EPS (COD_EPS,DES_EPS,COD_ESTADO,SIGLA_EPS) values ('27','COOSALUD','1','COOSALUD E.S.S. COOPERATIVA DE SALUD Y DESARROLLO INTEGRAL DE LA ZONA');
Insert into SALUDMP.VDIR_EPS (COD_EPS,DES_EPS,COD_ESTADO,SIGLA_EPS) values ('28','ASMED SALUD','1','ASOCIACIÓN MUTUAL LA ESPERANZA "ASMET SALUD"');
Insert into SALUDMP.VDIR_EPS (COD_EPS,DES_EPS,COD_ESTADO,SIGLA_EPS) values ('29','AMBUQ','1','ASOCIACIÓN MUTUAL BARRIOS UNIDOS DE QUIBDÓ E.S.S. "AMBUQ"');
Insert into SALUDMP.VDIR_EPS (COD_EPS,DES_EPS,COD_ESTADO,SIGLA_EPS) values ('31','EMSSANAR','1','ASOCIACIÓN MUTUAL EMPRESA SOLIDARIA DE SALUD DE NARIÑO ESS "EMSSANAR E"');
Insert into SALUDMP.VDIR_EPS (COD_EPS,DES_EPS,COD_ESTADO,SIGLA_EPS) values ('32','COMPARTA','1','COOPERATIVA DE SALUD COMUNITARIA "COMPARTA"');
Insert into SALUDMP.VDIR_EPS (COD_EPS,DES_EPS,COD_ESTADO,SIGLA_EPS) values ('33','MUTUAL SER','1','ASOCIACIÓN MUTUAL SER EMPRESA SOLIDARIA DE SALUD ESS');
Insert into SALUDMP.VDIR_EPS (COD_EPS,DES_EPS,COD_ESTADO,SIGLA_EPS) values ('34','ALIANSALUD','1','ALIANSALUD ENTIDAD PROMOTORA DE SALUD S.A.');
Insert into SALUDMP.VDIR_EPS (COD_EPS,DES_EPS,COD_ESTADO,SIGLA_EPS) values ('35','SALUD TOTAL','1','SALUD TOTAL S.A. ENTIDAD PROMOTORA DE SALUD');
Insert into SALUDMP.VDIR_EPS (COD_EPS,DES_EPS,COD_ESTADO,SIGLA_EPS) values ('37','SANITAS','1','ENTIDAD PROMOTORA DE SALUD SANITAS');
Insert into SALUDMP.VDIR_EPS (COD_EPS,DES_EPS,COD_ESTADO,SIGLA_EPS) values ('38','COMPENSAR','1','COMPENSAR ENTIDAD PROMOTORA DE SALUD');
Insert into SALUDMP.VDIR_EPS (COD_EPS,DES_EPS,COD_ESTADO,SIGLA_EPS) values ('40','COMFENALCO','1','COMFENALCO VALLE EPS');
Insert into SALUDMP.VDIR_EPS (COD_EPS,DES_EPS,COD_ESTADO,SIGLA_EPS) values ('41','COOMEVA','1','COOMEVA EPS. S.A.');
Insert into SALUDMP.VDIR_EPS (COD_EPS,DES_EPS,COD_ESTADO,SIGLA_EPS) values ('42','FAMISANAR','1','EPS FAMISANAR LTDA.');
Insert into SALUDMP.VDIR_EPS (COD_EPS,DES_EPS,COD_ESTADO,SIGLA_EPS) values ('153','SENA','1','SENA SERVICIO MEDICO ASISTENCI');
Insert into SALUDMP.VDIR_EPS (COD_EPS,DES_EPS,COD_ESTADO,SIGLA_EPS) values ('154','SER.CORP.AUTONOMA RGNAL VALLE','1','SER.CORP.AUTONOMA RGNAL VALLE');
Insert into SALUDMP.VDIR_EPS (COD_EPS,DES_EPS,COD_ESTADO,SIGLA_EPS) values ('155','SERV.MED.UNIVERS.DE CALDAS','1','SERV.MED.UNIVERS.DE CALDAS');
Insert into SALUDMP.VDIR_EPS (COD_EPS,DES_EPS,COD_ESTADO,SIGLA_EPS) values ('157','SOCIAL SECURITY','1','SOCIAL SECURITY');
Insert into SALUDMP.VDIR_EPS (COD_EPS,DES_EPS,COD_ESTADO,SIGLA_EPS) values ('158','SOLSALUD','1','SOLSALUD E.P.S. S.A.');
Insert into SALUDMP.VDIR_EPS (COD_EPS,DES_EPS,COD_ESTADO,SIGLA_EPS) values ('160','UNIMEC','1','UNIMEC E.P.S S.A');
Insert into SALUDMP.VDIR_EPS (COD_EPS,DES_EPS,COD_ESTADO,SIGLA_EPS) values ('161','UNIANTIOQUIA','1','UNIVERSIDAD DE ANTIOQUIA');
Insert into SALUDMP.VDIR_EPS (COD_EPS,DES_EPS,COD_ESTADO,SIGLA_EPS) values ('162','EPS PIJAO SALUD EPSI         ','1','EPS PIJAO SALUD EPSI         ');
Insert into SALUDMP.VDIR_EPS (COD_EPS,DES_EPS,COD_ESTADO,SIGLA_EPS) values ('164','EAS CALI','1','EAS MUNICIPIO DE CALI');
Insert into SALUDMP.VDIR_EPS (COD_EPS,DES_EPS,COD_ESTADO,SIGLA_EPS) values ('166','EPS MEDIMAS','1','EPS MEDIMAS');
Insert into SALUDMP.VDIR_EPS (COD_EPS,DES_EPS,COD_ESTADO,SIGLA_EPS) values ('167','EPS MEDIMAS SUBSIDIADO','1','EPS MEDIMAS SUBSIDIADO');
Insert into SALUDMP.VDIR_EPS (COD_EPS,DES_EPS,COD_ESTADO,SIGLA_EPS) values ('168','UT SERVISALUD SAN JOSE','1','UT SERVISALUD SAN JOSE');
Insert into SALUDMP.VDIR_EPS (COD_EPS,DES_EPS,COD_ESTADO,SIGLA_EPS) values ('169','CAJA PREV. S. UNIV. CARTAGENA','1','CAJA PREV. S. UNIV. CARTAGENA');
Insert into SALUDMP.VDIR_EPS (COD_EPS,DES_EPS,COD_ESTADO,SIGLA_EPS) values ('170','ECOOPSOS EPS SAS','1','ECOOPSOS - EMPRESA PROMOTORA DE SALUD');
Insert into SALUDMP.VDIR_EPS (COD_EPS,DES_EPS,COD_ESTADO,SIGLA_EPS) values ('171','PROINSALUD S.A.','1','PROINSALUD S.A. - PROFESIONALES DE LA SALUD');
REM INSERTING into SALUDMP.VDIR_ESTADO
SET DEFINE OFF;
Insert into SALUDMP.VDIR_ESTADO (COD_ESTADO,DES_ESTADO) values ('1','Activo');
Insert into SALUDMP.VDIR_ESTADO (COD_ESTADO,DES_ESTADO) values ('2','Inactivo');
Insert into SALUDMP.VDIR_ESTADO (COD_ESTADO,DES_ESTADO) values ('3','Temporal');
REM INSERTING into SALUDMP.VDIR_ESTADO_CIVIL
SET DEFINE OFF;
Insert into SALUDMP.VDIR_ESTADO_CIVIL (COD_ESTADO_CIVIL,DES_ESTADO_CIVIL,COD_ESTADO,ABR_ESTADO_CIVIL) values ('1','CASADO','1','C');
Insert into SALUDMP.VDIR_ESTADO_CIVIL (COD_ESTADO_CIVIL,DES_ESTADO_CIVIL,COD_ESTADO,ABR_ESTADO_CIVIL) values ('2','DIVORCIADO/SEPARADO','1','D');
Insert into SALUDMP.VDIR_ESTADO_CIVIL (COD_ESTADO_CIVIL,DES_ESTADO_CIVIL,COD_ESTADO,ABR_ESTADO_CIVIL) values ('3','UNIÓN LIBRE','1','O');
Insert into SALUDMP.VDIR_ESTADO_CIVIL (COD_ESTADO_CIVIL,DES_ESTADO_CIVIL,COD_ESTADO,ABR_ESTADO_CIVIL) values ('4','SOLTERO','1','S');
Insert into SALUDMP.VDIR_ESTADO_CIVIL (COD_ESTADO_CIVIL,DES_ESTADO_CIVIL,COD_ESTADO,ABR_ESTADO_CIVIL) values ('5','VIUDO','1','V');
REM INSERTING into SALUDMP.VDIR_FACTURA
SET DEFINE OFF;
Insert into SALUDMP.VDIR_FACTURA (COD_FACTURA,TOTAL_PAGAR,VALOR_IMPUESTO,FECHA_CREACION,SUB_TOTAL,VALOR_PROMOCION,COD_TIPO_PAGO,COD_FORMA_PAGO,COD_ESTADO,COD_USUARIO,COD_AFILIACION) values ('3','65000',null,to_date('24/01/19','DD/MM/RR'),'65000',null,null,null,'1','2','1');
Insert into SALUDMP.VDIR_FACTURA (COD_FACTURA,TOTAL_PAGAR,VALOR_IMPUESTO,FECHA_CREACION,SUB_TOTAL,VALOR_PROMOCION,COD_TIPO_PAGO,COD_FORMA_PAGO,COD_ESTADO,COD_USUARIO,COD_AFILIACION) values ('21','2310000',null,to_date('25/01/19','DD/MM/RR'),'2310000',null,null,null,'1','2','42');
Insert into SALUDMP.VDIR_FACTURA (COD_FACTURA,TOTAL_PAGAR,VALOR_IMPUESTO,FECHA_CREACION,SUB_TOTAL,VALOR_PROMOCION,COD_TIPO_PAGO,COD_FORMA_PAGO,COD_ESTADO,COD_USUARIO,COD_AFILIACION) values ('75','1760000',null,to_date('01/02/19','DD/MM/RR'),'1760000',null,null,null,'1','109','88');
Insert into SALUDMP.VDIR_FACTURA (COD_FACTURA,TOTAL_PAGAR,VALOR_IMPUESTO,FECHA_CREACION,SUB_TOTAL,VALOR_PROMOCION,COD_TIPO_PAGO,COD_FORMA_PAGO,COD_ESTADO,COD_USUARIO,COD_AFILIACION) values ('77','900000',null,to_date('01/02/19','DD/MM/RR'),'900000',null,null,null,'1','111','90');
Insert into SALUDMP.VDIR_FACTURA (COD_FACTURA,TOTAL_PAGAR,VALOR_IMPUESTO,FECHA_CREACION,SUB_TOTAL,VALOR_PROMOCION,COD_TIPO_PAGO,COD_FORMA_PAGO,COD_ESTADO,COD_USUARIO,COD_AFILIACION) values ('43','915000',null,to_date('28/01/19','DD/MM/RR'),'915000',null,null,null,'1','69','61');
Insert into SALUDMP.VDIR_FACTURA (COD_FACTURA,TOTAL_PAGAR,VALOR_IMPUESTO,FECHA_CREACION,SUB_TOTAL,VALOR_PROMOCION,COD_TIPO_PAGO,COD_FORMA_PAGO,COD_ESTADO,COD_USUARIO,COD_AFILIACION) values ('53','930000',null,to_date('28/01/19','DD/MM/RR'),'930000',null,null,null,'1','70','62');
Insert into SALUDMP.VDIR_FACTURA (COD_FACTURA,TOTAL_PAGAR,VALOR_IMPUESTO,FECHA_CREACION,SUB_TOTAL,VALOR_PROMOCION,COD_TIPO_PAGO,COD_FORMA_PAGO,COD_ESTADO,COD_USUARIO,COD_AFILIACION) values ('76','890000',null,to_date('01/02/19','DD/MM/RR'),'890000',null,null,null,'1','110','89');
Insert into SALUDMP.VDIR_FACTURA (COD_FACTURA,TOTAL_PAGAR,VALOR_IMPUESTO,FECHA_CREACION,SUB_TOTAL,VALOR_PROMOCION,COD_TIPO_PAGO,COD_FORMA_PAGO,COD_ESTADO,COD_USUARIO,COD_AFILIACION) values ('64','810000',null,to_date('31/01/19','DD/MM/RR'),'810000',null,null,null,'1','101','81');
REM INSERTING into SALUDMP.VDIR_FACTURA_DETALLE
SET DEFINE OFF;
Insert into SALUDMP.VDIR_FACTURA_DETALLE (COD_FACTURA_DETALLE,VALOR_TOTAL,SUB_TOTAL,CANTIDAD,VALOR_IMPUESTO,VALOR_PROMOCION,VALOR_TARIFA,PORCENTAJE_IMPUESTO,COD_BENEFICIARIO_PROGRAMA,COD_FACTURA) values ('181','5000','5000','1',null,null,'5000',null,'200','75');
Insert into SALUDMP.VDIR_FACTURA_DETALLE (COD_FACTURA_DETALLE,VALOR_TOTAL,SUB_TOTAL,CANTIDAD,VALOR_IMPUESTO,VALOR_PROMOCION,VALOR_TARIFA,PORCENTAJE_IMPUESTO,COD_BENEFICIARIO_PROGRAMA,COD_FACTURA) values ('182','5000','5000','1',null,null,'5000',null,'201','75');
Insert into SALUDMP.VDIR_FACTURA_DETALLE (COD_FACTURA_DETALLE,VALOR_TOTAL,SUB_TOTAL,CANTIDAD,VALOR_IMPUESTO,VALOR_PROMOCION,VALOR_TARIFA,PORCENTAJE_IMPUESTO,COD_BENEFICIARIO_PROGRAMA,COD_FACTURA) values ('183','5000','5000','1',null,null,'5000',null,'199','75');
Insert into SALUDMP.VDIR_FACTURA_DETALLE (COD_FACTURA_DETALLE,VALOR_TOTAL,SUB_TOTAL,CANTIDAD,VALOR_IMPUESTO,VALOR_PROMOCION,VALOR_TARIFA,PORCENTAJE_IMPUESTO,COD_BENEFICIARIO_PROGRAMA,COD_FACTURA) values ('184','5000','5000','1',null,null,'5000',null,'198','75');
Insert into SALUDMP.VDIR_FACTURA_DETALLE (COD_FACTURA_DETALLE,VALOR_TOTAL,SUB_TOTAL,CANTIDAD,VALOR_IMPUESTO,VALOR_PROMOCION,VALOR_TARIFA,PORCENTAJE_IMPUESTO,COD_BENEFICIARIO_PROGRAMA,COD_FACTURA) values ('141','5000','5000','1',null,null,'5000',null,'141','53');
Insert into SALUDMP.VDIR_FACTURA_DETALLE (COD_FACTURA_DETALLE,VALOR_TOTAL,SUB_TOTAL,CANTIDAD,VALOR_IMPUESTO,VALOR_PROMOCION,VALOR_TARIFA,PORCENTAJE_IMPUESTO,COD_BENEFICIARIO_PROGRAMA,COD_FACTURA) values ('122','5000','5000','1',null,null,'5000',null,'122','21');
Insert into SALUDMP.VDIR_FACTURA_DETALLE (COD_FACTURA_DETALLE,VALOR_TOTAL,SUB_TOTAL,CANTIDAD,VALOR_IMPUESTO,VALOR_PROMOCION,VALOR_TARIFA,PORCENTAJE_IMPUESTO,COD_BENEFICIARIO_PROGRAMA,COD_FACTURA) values ('143','5000','5000','1',null,null,'5000',null,'143','21');
Insert into SALUDMP.VDIR_FACTURA_DETALLE (COD_FACTURA_DETALLE,VALOR_TOTAL,SUB_TOTAL,CANTIDAD,VALOR_IMPUESTO,VALOR_PROMOCION,VALOR_TARIFA,PORCENTAJE_IMPUESTO,COD_BENEFICIARIO_PROGRAMA,COD_FACTURA) values ('191','5000','5000','1',null,null,'5000',null,'204','77');
Insert into SALUDMP.VDIR_FACTURA_DETALLE (COD_FACTURA_DETALLE,VALOR_TOTAL,SUB_TOTAL,CANTIDAD,VALOR_IMPUESTO,VALOR_PROMOCION,VALOR_TARIFA,PORCENTAJE_IMPUESTO,COD_BENEFICIARIO_PROGRAMA,COD_FACTURA) values ('192','5000','5000','1',null,null,'5000',null,'205','77');
Insert into SALUDMP.VDIR_FACTURA_DETALLE (COD_FACTURA_DETALLE,VALOR_TOTAL,SUB_TOTAL,CANTIDAD,VALOR_IMPUESTO,VALOR_PROMOCION,VALOR_TARIFA,PORCENTAJE_IMPUESTO,COD_BENEFICIARIO_PROGRAMA,COD_FACTURA) values ('101','5000','5000','1',null,null,'5000',null,'101','21');
Insert into SALUDMP.VDIR_FACTURA_DETALLE (COD_FACTURA_DETALLE,VALOR_TOTAL,SUB_TOTAL,CANTIDAD,VALOR_IMPUESTO,VALOR_PROMOCION,VALOR_TARIFA,PORCENTAJE_IMPUESTO,COD_BENEFICIARIO_PROGRAMA,COD_FACTURA) values ('129','5000','5000','1',null,null,'5000',null,'137','43');
Insert into SALUDMP.VDIR_FACTURA_DETALLE (COD_FACTURA_DETALLE,VALOR_TOTAL,SUB_TOTAL,CANTIDAD,VALOR_IMPUESTO,VALOR_PROMOCION,VALOR_TARIFA,PORCENTAJE_IMPUESTO,COD_BENEFICIARIO_PROGRAMA,COD_FACTURA) values ('144','5000','5000','1',null,null,'5000',null,'144','21');
Insert into SALUDMP.VDIR_FACTURA_DETALLE (COD_FACTURA_DETALLE,VALOR_TOTAL,SUB_TOTAL,CANTIDAD,VALOR_IMPUESTO,VALOR_PROMOCION,VALOR_TARIFA,PORCENTAJE_IMPUESTO,COD_BENEFICIARIO_PROGRAMA,COD_FACTURA) values ('123','5000','5000','1',null,null,'5000',null,'125','43');
Insert into SALUDMP.VDIR_FACTURA_DETALLE (COD_FACTURA_DETALLE,VALOR_TOTAL,SUB_TOTAL,CANTIDAD,VALOR_IMPUESTO,VALOR_PROMOCION,VALOR_TARIFA,PORCENTAJE_IMPUESTO,COD_BENEFICIARIO_PROGRAMA,COD_FACTURA) values ('124','5000','5000','1',null,null,'5000',null,'126','43');
Insert into SALUDMP.VDIR_FACTURA_DETALLE (COD_FACTURA_DETALLE,VALOR_TOTAL,SUB_TOTAL,CANTIDAD,VALOR_IMPUESTO,VALOR_PROMOCION,VALOR_TARIFA,PORCENTAJE_IMPUESTO,COD_BENEFICIARIO_PROGRAMA,COD_FACTURA) values ('125','5000','5000','1',null,null,'5000',null,'132','53');
Insert into SALUDMP.VDIR_FACTURA_DETALLE (COD_FACTURA_DETALLE,VALOR_TOTAL,SUB_TOTAL,CANTIDAD,VALOR_IMPUESTO,VALOR_PROMOCION,VALOR_TARIFA,PORCENTAJE_IMPUESTO,COD_BENEFICIARIO_PROGRAMA,COD_FACTURA) values ('126','5000','5000','1',null,null,'5000',null,'136','53');
Insert into SALUDMP.VDIR_FACTURA_DETALLE (COD_FACTURA_DETALLE,VALOR_TOTAL,SUB_TOTAL,CANTIDAD,VALOR_IMPUESTO,VALOR_PROMOCION,VALOR_TARIFA,PORCENTAJE_IMPUESTO,COD_BENEFICIARIO_PROGRAMA,COD_FACTURA) values ('127','5000','5000','1',null,null,'5000',null,'135','21');
Insert into SALUDMP.VDIR_FACTURA_DETALLE (COD_FACTURA_DETALLE,VALOR_TOTAL,SUB_TOTAL,CANTIDAD,VALOR_IMPUESTO,VALOR_PROMOCION,VALOR_TARIFA,PORCENTAJE_IMPUESTO,COD_BENEFICIARIO_PROGRAMA,COD_FACTURA) values ('128','5000','5000','1',null,null,'5000',null,'133','21');
Insert into SALUDMP.VDIR_FACTURA_DETALLE (COD_FACTURA_DETALLE,VALOR_TOTAL,SUB_TOTAL,CANTIDAD,VALOR_IMPUESTO,VALOR_PROMOCION,VALOR_TARIFA,PORCENTAJE_IMPUESTO,COD_BENEFICIARIO_PROGRAMA,COD_FACTURA) values ('185','5000','5000','1',null,null,'5000',null,'202','76');
Insert into SALUDMP.VDIR_FACTURA_DETALLE (COD_FACTURA_DETALLE,VALOR_TOTAL,SUB_TOTAL,CANTIDAD,VALOR_IMPUESTO,VALOR_PROMOCION,VALOR_TARIFA,PORCENTAJE_IMPUESTO,COD_BENEFICIARIO_PROGRAMA,COD_FACTURA) values ('186','5000','5000','1',null,null,'5000',null,'203','76');
Insert into SALUDMP.VDIR_FACTURA_DETALLE (COD_FACTURA_DETALLE,VALOR_TOTAL,SUB_TOTAL,CANTIDAD,VALOR_IMPUESTO,VALOR_PROMOCION,VALOR_TARIFA,PORCENTAJE_IMPUESTO,COD_BENEFICIARIO_PROGRAMA,COD_FACTURA) values ('161','5000','5000','1',null,null,'5000',null,'172','64');
Insert into SALUDMP.VDIR_FACTURA_DETALLE (COD_FACTURA_DETALLE,VALOR_TOTAL,SUB_TOTAL,CANTIDAD,VALOR_IMPUESTO,VALOR_PROMOCION,VALOR_TARIFA,PORCENTAJE_IMPUESTO,COD_BENEFICIARIO_PROGRAMA,COD_FACTURA) values ('162','5000','5000','1',null,null,'5000',null,'171','64');
Insert into SALUDMP.VDIR_FACTURA_DETALLE (COD_FACTURA_DETALLE,VALOR_TOTAL,SUB_TOTAL,CANTIDAD,VALOR_IMPUESTO,VALOR_PROMOCION,VALOR_TARIFA,PORCENTAJE_IMPUESTO,COD_BENEFICIARIO_PROGRAMA,COD_FACTURA) values ('187','5000','5000','1',null,null,'5000',null,'164','21');
Insert into SALUDMP.VDIR_FACTURA_DETALLE (COD_FACTURA_DETALLE,VALOR_TOTAL,SUB_TOTAL,CANTIDAD,VALOR_IMPUESTO,VALOR_PROMOCION,VALOR_TARIFA,PORCENTAJE_IMPUESTO,COD_BENEFICIARIO_PROGRAMA,COD_FACTURA) values ('188','5000','5000','1',null,null,'5000',null,'165','21');
Insert into SALUDMP.VDIR_FACTURA_DETALLE (COD_FACTURA_DETALLE,VALOR_TOTAL,SUB_TOTAL,CANTIDAD,VALOR_IMPUESTO,VALOR_PROMOCION,VALOR_TARIFA,PORCENTAJE_IMPUESTO,COD_BENEFICIARIO_PROGRAMA,COD_FACTURA) values ('189','5000','5000','1',null,null,'5000',null,'163','21');
Insert into SALUDMP.VDIR_FACTURA_DETALLE (COD_FACTURA_DETALLE,VALOR_TOTAL,SUB_TOTAL,CANTIDAD,VALOR_IMPUESTO,VALOR_PROMOCION,VALOR_TARIFA,PORCENTAJE_IMPUESTO,COD_BENEFICIARIO_PROGRAMA,COD_FACTURA) values ('190','5000','5000','1',null,null,'5000',null,'166','21');
Insert into SALUDMP.VDIR_FACTURA_DETALLE (COD_FACTURA_DETALLE,VALOR_TOTAL,SUB_TOTAL,CANTIDAD,VALOR_IMPUESTO,VALOR_PROMOCION,VALOR_TARIFA,PORCENTAJE_IMPUESTO,COD_BENEFICIARIO_PROGRAMA,COD_FACTURA) values ('193','5000','5000','1',null,null,'5000',null,'206','21');
REM INSERTING into SALUDMP.VDIR_FILE
SET DEFINE OFF;
Insert into SALUDMP.VDIR_FILE (COD_FILE,DES_FILE,OBSERVACION,RUTA,COD_TIPO_FILE,FECHA_CREACION,URL,IDWIDGET) values ('1','Contrato Oro Plus',null,'./asset/public/uploadPdf/Contrato/MPFT642_CONTRATO_ORO_PLUS.pdf','3',to_date('02/01/19','DD/MM/RR'),'https://coomeva.na1.echosign.com/public/esignWidget?wid=CBFCIBAA3AAABLblqZhDJmffOxsmDdghRoYM8F-V6KiDco3AIK-Oe4WIXYeXx7wXIKaRMBgkZfH7YAgE7zCY*',null);
Insert into SALUDMP.VDIR_FILE (COD_FILE,DES_FILE,OBSERVACION,RUTA,COD_TIPO_FILE,FECHA_CREACION,URL,IDWIDGET) values ('2','Contrato Asociado',null,'./asset/public/uploadPdf/Contrato/MPFT674_CONTRATO_ASOCIADO.pdf','3',to_date('02/01/19','DD/MM/RR'),'https://coomeva.na1.echosign.com/public/esignWidget?wid=CBFCIBAA3AAABLblqZhCDw6hOispNIMTlrEPbCf99lPe2D81OxZbAYHC9O1VHxyxVVQ8oneYQAllN_aA-xzs*',null);
Insert into SALUDMP.VDIR_FILE (COD_FILE,DES_FILE,OBSERVACION,RUTA,COD_TIPO_FILE,FECHA_CREACION,URL,IDWIDGET) values ('3','Contrato Tradicional Especial',null,'./asset/public/uploadPdf/Contrato/MPFT648_CONTRATO_TRADICIONAL_ESPECIAL.pdf','3',to_date('02/01/19','DD/MM/RR'),'https://secure.na2.echosign.com/public/esignWidget?wid=CBFCIBAA3AAABLblqZhC-ettmJBPt37hUufG_XdpCQYoY84d7hVnxAkyfRwNBVaxz5PG9r7BhxnKdqCmaqVs*',null);
Insert into SALUDMP.VDIR_FILE (COD_FILE,DES_FILE,OBSERVACION,RUTA,COD_TIPO_FILE,FECHA_CREACION,URL,IDWIDGET) values ('4','Contrato Plata Joven',null,'./asset/public/uploadPdf/Contrato/MPFT645_CONTRATO_PLATA_JOVEN.pdf','3',to_date('02/01/19','DD/MM/RR'),'https://secure.na2.echosign.com/public/esignWidget?wid=CBFCIBAA3AAABLblqZhDUE1fIvxnLta6URLbkaPunNvPb2YJDGX3uFehZw4Z1ectsvx8xjUpA0AUk9zOpJa4*',null);
Insert into SALUDMP.VDIR_FILE (COD_FILE,DES_FILE,OBSERVACION,RUTA,COD_TIPO_FILE,FECHA_CREACION,URL,IDWIDGET) values ('5','Contrato Cem',null,'./asset/public/uploadPdf/Contrato/MPFT675_CONTRATO_CEM.pdf','3',to_date('02/01/19','DD/MM/RR'),'https://secure.na2.echosign.com/public/esignWidget?wid=CBFCIBAA3AAABLblqZhBvVyiJqtQND7w2GLhYEHPsuPVYz_j9-m8dMRMH29phYqgKQrRXY3ZGYPa-zs3I_co*','CBJCHBCAABAAmFUuNO890VFRk0_Us2HBx3gDLGS_uSC1');
Insert into SALUDMP.VDIR_FILE (COD_FILE,DES_FILE,OBSERVACION,RUTA,COD_TIPO_FILE,FECHA_CREACION,URL,IDWIDGET) values ('6','Contrato Dental Elite',null,'./asset/public/uploadPdf/Contrato/MPFT647_CONTRATO_DENTAL_ELITE.pdf','3',to_date('02/01/19','DD/MM/RR'),'https://secure.na2.echosign.com/public/esignWidget?wid=CBFCIBAA3AAABLblqZhA0WvIAnsdHIUEmKeqiXjSCBX9yMWG2ZVzhl29X0fjwyeo_VeZo8gNNyBvqX6Z8mdE*',null);
Insert into SALUDMP.VDIR_FILE (COD_FILE,DES_FILE,OBSERVACION,RUTA,COD_TIPO_FILE,FECHA_CREACION,URL,IDWIDGET) values ('7','Inclusión Solicitud de Ingreso',null,'./asset/public/uploadPdf/Inclusion/MPFT003_SOLICITUD_INGRESO.pdf','4',to_date('02/01/19','DD/MM/RR'),'https://secure.na2.echosign.com/public/esignWidget?wid=CBFCIBAA3AAABLblqZhAxuW3nEWwQzMLmcOJXYH_pnflQUvzW-u60k3J09x7miEbn6oRMtfYUGhXfFGY0qJ0*',null);
Insert into SALUDMP.VDIR_FILE (COD_FILE,DES_FILE,OBSERVACION,RUTA,COD_TIPO_FILE,FECHA_CREACION,URL,IDWIDGET) values ('8','Inclusión tratamiento de datos personales',null,'./asset/public/uploadPdf/Inclusion/MPDC311_TRATAMIENTO_DATOS_PERSONALES.pdf','4',to_date('02/01/19','DD/MM/RR'),'https://secure.na2.echosign.com/public/esignWidget?wid=CBFCIBAA3AAABLblqZhC0sDi4Rqr917w9ACqXUSuYtvknn9LVSa7RrnbkEG09vseCJckqmduoRP1gScekrNE*',null);
Insert into SALUDMP.VDIR_FILE (COD_FILE,DES_FILE,OBSERVACION,RUTA,COD_TIPO_FILE,FECHA_CREACION,URL,IDWIDGET) values ('9','Inclusión Cuota Mes',null,'./asset/public/uploadPdf/Inclusion/MPFT083_CUOTA_MES.pdf','4',to_date('02/01/19','DD/MM/RR'),'https://secure.na2.echosign.com/public/esignWidget?wid=CBFCIBAA3AAABLblqZhBK83pp4OTvz2SIJczuIuGaiktmvdQB60gtKrvH0aC46v4ll9vz6J-TDNaw6FAa1NY*',null);
Insert into SALUDMP.VDIR_FILE (COD_FILE,DES_FILE,OBSERVACION,RUTA,COD_TIPO_FILE,FECHA_CREACION,URL,IDWIDGET) values ('13','Cobertura Oro Plus inicial',null,'./asset/public/fileUpload/coberturaOroPlusIni.png','1',to_date('17/01/19','DD/MM/RR'),null,null);
Insert into SALUDMP.VDIR_FILE (COD_FILE,DES_FILE,OBSERVACION,RUTA,COD_TIPO_FILE,FECHA_CREACION,URL,IDWIDGET) values ('14','Cobertura Asociado inicial',null,'./asset/public/fileUpload/coberturaAsociadoIni.png','1',to_date('17/01/19','DD/MM/RR'),null,null);
Insert into SALUDMP.VDIR_FILE (COD_FILE,DES_FILE,OBSERVACION,RUTA,COD_TIPO_FILE,FECHA_CREACION,URL,IDWIDGET) values ('15','Cobertura Tradicional Especial inicial',null,'./asset/public/fileUpload/coberturaTradicionalIni.png','1',to_date('17/01/19','DD/MM/RR'),null,null);
Insert into SALUDMP.VDIR_FILE (COD_FILE,DES_FILE,OBSERVACION,RUTA,COD_TIPO_FILE,FECHA_CREACION,URL,IDWIDGET) values ('16','Cobertura Plata Joven inicial',null,'./asset/public/fileUpload/coberturaPlataJovenIni.png','1',to_date('17/01/19','DD/MM/RR'),null,null);
Insert into SALUDMP.VDIR_FILE (COD_FILE,DES_FILE,OBSERVACION,RUTA,COD_TIPO_FILE,FECHA_CREACION,URL,IDWIDGET) values ('17','Cobertura Cem inicial',null,'./asset/public/fileUpload/coberturaCemIni.png','1',to_date('17/01/19','DD/MM/RR'),null,null);
Insert into SALUDMP.VDIR_FILE (COD_FILE,DES_FILE,OBSERVACION,RUTA,COD_TIPO_FILE,FECHA_CREACION,URL,IDWIDGET) values ('18','Cobertura Dental Elite inicial',null,'./asset/public/fileUpload/coberturaDentalEliteIni.png','1',to_date('17/01/19','DD/MM/RR'),null,null);
Insert into SALUDMP.VDIR_FILE (COD_FILE,DES_FILE,OBSERVACION,RUTA,COD_TIPO_FILE,FECHA_CREACION,URL,IDWIDGET) values ('19','Cobertura Oro Plus final',null,'./asset/public/fileUpload/coberturaOroPlusFin.png','2',to_date('17/01/19','DD/MM/RR'),null,null);
Insert into SALUDMP.VDIR_FILE (COD_FILE,DES_FILE,OBSERVACION,RUTA,COD_TIPO_FILE,FECHA_CREACION,URL,IDWIDGET) values ('20','Cobertura Asociado final',null,'./asset/public/fileUpload/coberturaAsociadoFin.png','2',to_date('17/01/19','DD/MM/RR'),null,null);
Insert into SALUDMP.VDIR_FILE (COD_FILE,DES_FILE,OBSERVACION,RUTA,COD_TIPO_FILE,FECHA_CREACION,URL,IDWIDGET) values ('21','Cobertura Tradicional Especial final',null,'./asset/public/fileUpload/coberturaTradicionalFin.png','2',to_date('17/01/19','DD/MM/RR'),null,null);
Insert into SALUDMP.VDIR_FILE (COD_FILE,DES_FILE,OBSERVACION,RUTA,COD_TIPO_FILE,FECHA_CREACION,URL,IDWIDGET) values ('22','Cobertura Plata Joven final',null,'./asset/public/fileUpload/coberturaPlataJovenFin.png','2',to_date('17/01/19','DD/MM/RR'),null,null);
Insert into SALUDMP.VDIR_FILE (COD_FILE,DES_FILE,OBSERVACION,RUTA,COD_TIPO_FILE,FECHA_CREACION,URL,IDWIDGET) values ('23','Cobertura Cem final',null,'./asset/public/fileUpload/coberturaCemFin.png','2',to_date('17/01/19','DD/MM/RR'),null,null);
Insert into SALUDMP.VDIR_FILE (COD_FILE,DES_FILE,OBSERVACION,RUTA,COD_TIPO_FILE,FECHA_CREACION,URL,IDWIDGET) values ('24','Cobertura Dental Elite final',null,'./asset/public/fileUpload/coberturaDentalEliteFin.png','2',to_date('17/01/19','DD/MM/RR'),null,null);
Insert into SALUDMP.VDIR_FILE (COD_FILE,DES_FILE,OBSERVACION,RUTA,COD_TIPO_FILE,FECHA_CREACION,URL,IDWIDGET) values ('54','Copia de documento de Identidad',null,'/venta_directa/asset/public/fileBeneficiarios/00000000000001_0000000000000061_6.jpg','6',to_date('24/01/19','DD/MM/RR'),null,null);
Insert into SALUDMP.VDIR_FILE (COD_FILE,DES_FILE,OBSERVACION,RUTA,COD_TIPO_FILE,FECHA_CREACION,URL,IDWIDGET) values ('55','Copia de afiliación a la EPS',null,'/venta_directa/asset/public/fileBeneficiarios/00000000000001_0000000000000061_7.jpg','7',to_date('24/01/19','DD/MM/RR'),null,null);
Insert into SALUDMP.VDIR_FILE (COD_FILE,DES_FILE,OBSERVACION,RUTA,COD_TIPO_FILE,FECHA_CREACION,URL,IDWIDGET) values ('285','Copia de documento de Identidad',null,'/venta_directa/asset/public/fileBeneficiarios/000000000000-1_0000000000000257_6.jpg','6',to_date('01/02/19','DD/MM/RR'),null,null);
Insert into SALUDMP.VDIR_FILE (COD_FILE,DES_FILE,OBSERVACION,RUTA,COD_TIPO_FILE,FECHA_CREACION,URL,IDWIDGET) values ('46','foto_20.jpg',null,'./asset/public/fileUpload/53038_foto_20.jpg','5',to_date('24/01/19','DD/MM/RR'),'./asset/public/fileUpload/53038_foto_20.jpg',null);
Insert into SALUDMP.VDIR_FILE (COD_FILE,DES_FILE,OBSERVACION,RUTA,COD_TIPO_FILE,FECHA_CREACION,URL,IDWIDGET) values ('47','foto_21.jpg',null,'./asset/public/fileUpload/90196_foto_21.jpg','5',to_date('24/01/19','DD/MM/RR'),'./asset/public/fileUpload/90196_foto_21.jpg',null);
Insert into SALUDMP.VDIR_FILE (COD_FILE,DES_FILE,OBSERVACION,RUTA,COD_TIPO_FILE,FECHA_CREACION,URL,IDWIDGET) values ('48','foto_24.jpg',null,'./asset/public/fileUpload/76712_foto_24.jpg','5',to_date('24/01/19','DD/MM/RR'),'./asset/public/fileUpload/76712_foto_24.jpg',null);
Insert into SALUDMP.VDIR_FILE (COD_FILE,DES_FILE,OBSERVACION,RUTA,COD_TIPO_FILE,FECHA_CREACION,URL,IDWIDGET) values ('49','foto_36.jpg',null,'./asset/public/fileUpload/23961_foto_36.jpg','5',to_date('24/01/19','DD/MM/RR'),'./asset/public/fileUpload/23961_foto_36.jpg',null);
Insert into SALUDMP.VDIR_FILE (COD_FILE,DES_FILE,OBSERVACION,RUTA,COD_TIPO_FILE,FECHA_CREACION,URL,IDWIDGET) values ('52','Copia de documento de Identidad',null,'/venta_directa/asset/public/fileBeneficiarios/00000000000001_0000000000000012_6.jpg','6',to_date('24/01/19','DD/MM/RR'),null,null);
Insert into SALUDMP.VDIR_FILE (COD_FILE,DES_FILE,OBSERVACION,RUTA,COD_TIPO_FILE,FECHA_CREACION,URL,IDWIDGET) values ('53','Copia de afiliación a la EPS',null,'/venta_directa/asset/public/fileBeneficiarios/00000000000001_0000000000000012_7.jpg','7',to_date('24/01/19','DD/MM/RR'),null,null);
Insert into SALUDMP.VDIR_FILE (COD_FILE,DES_FILE,OBSERVACION,RUTA,COD_TIPO_FILE,FECHA_CREACION,URL,IDWIDGET) values ('179','Copia de documento de Identidad',null,'/venta_directa/asset/public/fileBeneficiarios/00000000000042_0000000000000012_6.jpg','6',to_date('28/01/19','DD/MM/RR'),null,null);
Insert into SALUDMP.VDIR_FILE (COD_FILE,DES_FILE,OBSERVACION,RUTA,COD_TIPO_FILE,FECHA_CREACION,URL,IDWIDGET) values ('180','Copia de afiliación a la EPS',null,'/venta_directa/asset/public/fileBeneficiarios/00000000000042_0000000000000012_7.jpg','7',to_date('28/01/19','DD/MM/RR'),null,null);
Insert into SALUDMP.VDIR_FILE (COD_FILE,DES_FILE,OBSERVACION,RUTA,COD_TIPO_FILE,FECHA_CREACION,URL,IDWIDGET) values ('292','Copia de afiliación a la EPS',null,'/venta_directa/asset/public/fileBeneficiarios/00000000000089_0000000000000258_7.jpg','7',to_date('01/02/19','DD/MM/RR'),null,null);
Insert into SALUDMP.VDIR_FILE (COD_FILE,DES_FILE,OBSERVACION,RUTA,COD_TIPO_FILE,FECHA_CREACION,URL,IDWIDGET) values ('286','Copia de afiliación a la EPS',null,'/venta_directa/asset/public/fileBeneficiarios/000000000000-1_0000000000000257_7.jpg','7',to_date('01/02/19','DD/MM/RR'),null,null);
Insert into SALUDMP.VDIR_FILE (COD_FILE,DES_FILE,OBSERVACION,RUTA,COD_TIPO_FILE,FECHA_CREACION,URL,IDWIDGET) values ('291','Copia de documento de Identidad',null,'/venta_directa/asset/public/fileBeneficiarios/00000000000089_0000000000000258_6.jpg','6',to_date('01/02/19','DD/MM/RR'),null,null);
Insert into SALUDMP.VDIR_FILE (COD_FILE,DES_FILE,OBSERVACION,RUTA,COD_TIPO_FILE,FECHA_CREACION,URL,IDWIDGET) values ('295','Copia de documento de Identidad',null,'/venta_directa/asset/public/fileBeneficiarios/00000000000090_0000000000000260_6.jpg','6',to_date('01/02/19','DD/MM/RR'),null,null);
Insert into SALUDMP.VDIR_FILE (COD_FILE,DES_FILE,OBSERVACION,RUTA,COD_TIPO_FILE,FECHA_CREACION,URL,IDWIDGET) values ('296','Copia de afiliación a la EPS',null,'/venta_directa/asset/public/fileBeneficiarios/00000000000090_0000000000000260_7.jpg','7',to_date('01/02/19','DD/MM/RR'),null,null);
Insert into SALUDMP.VDIR_FILE (COD_FILE,DES_FILE,OBSERVACION,RUTA,COD_TIPO_FILE,FECHA_CREACION,URL,IDWIDGET) values ('187','Copia de documento de Identidad',null,'/venta_directa/asset/public/fileBeneficiarios/00000000000042_0000000000000121_6.jpg','6',to_date('28/01/19','DD/MM/RR'),null,null);
Insert into SALUDMP.VDIR_FILE (COD_FILE,DES_FILE,OBSERVACION,RUTA,COD_TIPO_FILE,FECHA_CREACION,URL,IDWIDGET) values ('188','Copia de afiliación a la EPS',null,'/venta_directa/asset/public/fileBeneficiarios/00000000000042_0000000000000121_7.jpg','7',to_date('28/01/19','DD/MM/RR'),null,null);
Insert into SALUDMP.VDIR_FILE (COD_FILE,DES_FILE,OBSERVACION,RUTA,COD_TIPO_FILE,FECHA_CREACION,URL,IDWIDGET) values ('189','Copia de documento de Identidad',null,'/venta_directa/asset/public/fileBeneficiarios/00000000000042_0000000000000162_6.jpg','6',to_date('28/01/19','DD/MM/RR'),null,null);
Insert into SALUDMP.VDIR_FILE (COD_FILE,DES_FILE,OBSERVACION,RUTA,COD_TIPO_FILE,FECHA_CREACION,URL,IDWIDGET) values ('190','Copia de afiliación a la EPS',null,'/venta_directa/asset/public/fileBeneficiarios/00000000000042_0000000000000162_7.jpg','7',to_date('28/01/19','DD/MM/RR'),null,null);
Insert into SALUDMP.VDIR_FILE (COD_FILE,DES_FILE,OBSERVACION,RUTA,COD_TIPO_FILE,FECHA_CREACION,URL,IDWIDGET) values ('205','Copia de documento de Identidad',null,'/venta_directa/asset/public/fileBeneficiarios/00000000000042_0000000000000202_6.jpg','6',to_date('29/01/19','DD/MM/RR'),null,null);
Insert into SALUDMP.VDIR_FILE (COD_FILE,DES_FILE,OBSERVACION,RUTA,COD_TIPO_FILE,FECHA_CREACION,URL,IDWIDGET) values ('206','Copia de afiliación a la EPS',null,'/venta_directa/asset/public/fileBeneficiarios/00000000000042_0000000000000202_7.jpg','7',to_date('29/01/19','DD/MM/RR'),null,null);
Insert into SALUDMP.VDIR_FILE (COD_FILE,DES_FILE,OBSERVACION,RUTA,COD_TIPO_FILE,FECHA_CREACION,URL,IDWIDGET) values ('287','Copia de documento de Identidad',null,'/venta_directa/asset/public/fileBeneficiarios/000000000000-1_0000000000000257_6.jpg','6',to_date('01/02/19','DD/MM/RR'),null,null);
Insert into SALUDMP.VDIR_FILE (COD_FILE,DES_FILE,OBSERVACION,RUTA,COD_TIPO_FILE,FECHA_CREACION,URL,IDWIDGET) values ('288','Copia de afiliación a la EPS',null,'/venta_directa/asset/public/fileBeneficiarios/000000000000-1_0000000000000257_7.jpg','7',to_date('01/02/19','DD/MM/RR'),null,null);
Insert into SALUDMP.VDIR_FILE (COD_FILE,DES_FILE,OBSERVACION,RUTA,COD_TIPO_FILE,FECHA_CREACION,URL,IDWIDGET) values ('289','Copia de documento de Identidad',null,'/venta_directa/asset/public/fileBeneficiarios/00000000000089_0000000000000257_6.jpg','6',to_date('01/02/19','DD/MM/RR'),null,null);
Insert into SALUDMP.VDIR_FILE (COD_FILE,DES_FILE,OBSERVACION,RUTA,COD_TIPO_FILE,FECHA_CREACION,URL,IDWIDGET) values ('290','Copia de afiliación a la EPS',null,'/venta_directa/asset/public/fileBeneficiarios/00000000000089_0000000000000257_7.jpg','7',to_date('01/02/19','DD/MM/RR'),null,null);
Insert into SALUDMP.VDIR_FILE (COD_FILE,DES_FILE,OBSERVACION,RUTA,COD_TIPO_FILE,FECHA_CREACION,URL,IDWIDGET) values ('207','Copia de documento de Identidad',null,'/venta_directa/asset/public/fileBeneficiarios/00000000000042_0000000000000201_6.jpg','6',to_date('29/01/19','DD/MM/RR'),null,null);
Insert into SALUDMP.VDIR_FILE (COD_FILE,DES_FILE,OBSERVACION,RUTA,COD_TIPO_FILE,FECHA_CREACION,URL,IDWIDGET) values ('208','Copia de afiliación a la EPS',null,'/venta_directa/asset/public/fileBeneficiarios/00000000000042_0000000000000201_7.jpg','7',to_date('29/01/19','DD/MM/RR'),null,null);
Insert into SALUDMP.VDIR_FILE (COD_FILE,DES_FILE,OBSERVACION,RUTA,COD_TIPO_FILE,FECHA_CREACION,URL,IDWIDGET) values ('267','Copia de documento de Identidad',null,'/venta_directa/asset/public/fileBeneficiarios/00000000000081_0000000000000242_6.png','6',to_date('31/01/19','DD/MM/RR'),null,null);
Insert into SALUDMP.VDIR_FILE (COD_FILE,DES_FILE,OBSERVACION,RUTA,COD_TIPO_FILE,FECHA_CREACION,URL,IDWIDGET) values ('268','Copia de afiliación a la EPS',null,'/venta_directa/asset/public/fileBeneficiarios/00000000000081_0000000000000242_7.png','7',to_date('31/01/19','DD/MM/RR'),null,null);
Insert into SALUDMP.VDIR_FILE (COD_FILE,DES_FILE,OBSERVACION,RUTA,COD_TIPO_FILE,FECHA_CREACION,URL,IDWIDGET) values ('181','Copia de documento de Identidad',null,'/venta_directa/asset/public/fileBeneficiarios/00000000000061_0000000000000187_6.jpg','6',to_date('28/01/19','DD/MM/RR'),null,null);
Insert into SALUDMP.VDIR_FILE (COD_FILE,DES_FILE,OBSERVACION,RUTA,COD_TIPO_FILE,FECHA_CREACION,URL,IDWIDGET) values ('182','Copia de afiliación a la EPS',null,'/venta_directa/asset/public/fileBeneficiarios/00000000000061_0000000000000187_7.jpg','7',to_date('28/01/19','DD/MM/RR'),null,null);
Insert into SALUDMP.VDIR_FILE (COD_FILE,DES_FILE,OBSERVACION,RUTA,COD_TIPO_FILE,FECHA_CREACION,URL,IDWIDGET) values ('183','Copia de documento de Identidad',null,'/venta_directa/asset/public/fileBeneficiarios/00000000000061_0000000000000187_6.jpg','6',to_date('28/01/19','DD/MM/RR'),null,null);
Insert into SALUDMP.VDIR_FILE (COD_FILE,DES_FILE,OBSERVACION,RUTA,COD_TIPO_FILE,FECHA_CREACION,URL,IDWIDGET) values ('184','Copia de afiliación a la EPS',null,'/venta_directa/asset/public/fileBeneficiarios/00000000000061_0000000000000187_7.jpg','7',to_date('28/01/19','DD/MM/RR'),null,null);
Insert into SALUDMP.VDIR_FILE (COD_FILE,DES_FILE,OBSERVACION,RUTA,COD_TIPO_FILE,FECHA_CREACION,URL,IDWIDGET) values ('191','Copia de documento de Identidad',null,'/venta_directa/asset/public/fileBeneficiarios/00000000000062_0000000000000188_6.png','6',to_date('29/01/19','DD/MM/RR'),null,null);
Insert into SALUDMP.VDIR_FILE (COD_FILE,DES_FILE,OBSERVACION,RUTA,COD_TIPO_FILE,FECHA_CREACION,URL,IDWIDGET) values ('192','Copia de afiliación a la EPS',null,'/venta_directa/asset/public/fileBeneficiarios/00000000000062_0000000000000188_7.png','7',to_date('29/01/19','DD/MM/RR'),null,null);
Insert into SALUDMP.VDIR_FILE (COD_FILE,DES_FILE,OBSERVACION,RUTA,COD_TIPO_FILE,FECHA_CREACION,URL,IDWIDGET) values ('209','Copia de documento de Identidad',null,'/venta_directa/asset/public/fileBeneficiarios/00000000000062_0000000000000203_6.png','6',to_date('30/01/19','DD/MM/RR'),null,null);
Insert into SALUDMP.VDIR_FILE (COD_FILE,DES_FILE,OBSERVACION,RUTA,COD_TIPO_FILE,FECHA_CREACION,URL,IDWIDGET) values ('210','Copia de afiliación a la EPS',null,'/venta_directa/asset/public/fileBeneficiarios/00000000000062_0000000000000203_7.png','7',to_date('30/01/19','DD/MM/RR'),null,null);
Insert into SALUDMP.VDIR_FILE (COD_FILE,DES_FILE,OBSERVACION,RUTA,COD_TIPO_FILE,FECHA_CREACION,URL,IDWIDGET) values ('245','Imagen Oro Asociado.jpg',null,'./asset/public/fileUpload/10637_Imagen_Oro_Asociado.jpg','5',to_date('30/01/19','DD/MM/RR'),'./asset/public/fileUpload/10637_Imagen_Oro_Asociado.jpg',null);
Insert into SALUDMP.VDIR_FILE (COD_FILE,DES_FILE,OBSERVACION,RUTA,COD_TIPO_FILE,FECHA_CREACION,URL,IDWIDGET) values ('171','Copia de documento de Identidad',null,'/venta_directa/asset/public/fileBeneficiarios/00000000000042_0000000000000012_6.jpg','6',to_date('28/01/19','DD/MM/RR'),null,null);
Insert into SALUDMP.VDIR_FILE (COD_FILE,DES_FILE,OBSERVACION,RUTA,COD_TIPO_FILE,FECHA_CREACION,URL,IDWIDGET) values ('265','Copia de documento de Identidad',null,'/venta_directa/asset/public/fileBeneficiarios/00000000000081_0000000000000241_6.png','6',to_date('31/01/19','DD/MM/RR'),null,null);
Insert into SALUDMP.VDIR_FILE (COD_FILE,DES_FILE,OBSERVACION,RUTA,COD_TIPO_FILE,FECHA_CREACION,URL,IDWIDGET) values ('266','Copia de afiliación a la EPS',null,'/venta_directa/asset/public/fileBeneficiarios/00000000000081_0000000000000241_7.png','7',to_date('31/01/19','DD/MM/RR'),null,null);
Insert into SALUDMP.VDIR_FILE (COD_FILE,DES_FILE,OBSERVACION,RUTA,COD_TIPO_FILE,FECHA_CREACION,URL,IDWIDGET) values ('293','Copia de documento de Identidad',null,'/venta_directa/asset/public/fileBeneficiarios/00000000000090_0000000000000259_6.jpg','6',to_date('01/02/19','DD/MM/RR'),null,null);
Insert into SALUDMP.VDIR_FILE (COD_FILE,DES_FILE,OBSERVACION,RUTA,COD_TIPO_FILE,FECHA_CREACION,URL,IDWIDGET) values ('294','Copia de afiliación a la EPS',null,'/venta_directa/asset/public/fileBeneficiarios/00000000000090_0000000000000259_7.jpg','7',to_date('01/02/19','DD/MM/RR'),null,null);
REM INSERTING into SALUDMP.VDIR_FILE_AUDITORIA
SET DEFINE OFF;
REM INSERTING into SALUDMP.VDIR_FILE_BENEFICIARIO
SET DEFINE OFF;
Insert into SALUDMP.VDIR_FILE_BENEFICIARIO (COD_FILE_BENEFICIARIO,COD_AFILIACION,COD_FILE,COD_BENEFICIARIO) values ('3','1','52','12');
Insert into SALUDMP.VDIR_FILE_BENEFICIARIO (COD_FILE_BENEFICIARIO,COD_AFILIACION,COD_FILE,COD_BENEFICIARIO) values ('4','1','53','12');
Insert into SALUDMP.VDIR_FILE_BENEFICIARIO (COD_FILE_BENEFICIARIO,COD_AFILIACION,COD_FILE,COD_BENEFICIARIO) values ('5','1','54','61');
Insert into SALUDMP.VDIR_FILE_BENEFICIARIO (COD_FILE_BENEFICIARIO,COD_AFILIACION,COD_FILE,COD_BENEFICIARIO) values ('6','1','55','61');
Insert into SALUDMP.VDIR_FILE_BENEFICIARIO (COD_FILE_BENEFICIARIO,COD_AFILIACION,COD_FILE,COD_BENEFICIARIO) values ('107','42','179','12');
Insert into SALUDMP.VDIR_FILE_BENEFICIARIO (COD_FILE_BENEFICIARIO,COD_AFILIACION,COD_FILE,COD_BENEFICIARIO) values ('108','42','180','12');
Insert into SALUDMP.VDIR_FILE_BENEFICIARIO (COD_FILE_BENEFICIARIO,COD_AFILIACION,COD_FILE,COD_BENEFICIARIO) values ('167','89','291','258');
Insert into SALUDMP.VDIR_FILE_BENEFICIARIO (COD_FILE_BENEFICIARIO,COD_AFILIACION,COD_FILE,COD_BENEFICIARIO) values ('168','89','292','258');
Insert into SALUDMP.VDIR_FILE_BENEFICIARIO (COD_FILE_BENEFICIARIO,COD_AFILIACION,COD_FILE,COD_BENEFICIARIO) values ('171','90','295','260');
Insert into SALUDMP.VDIR_FILE_BENEFICIARIO (COD_FILE_BENEFICIARIO,COD_AFILIACION,COD_FILE,COD_BENEFICIARIO) values ('172','90','296','260');
Insert into SALUDMP.VDIR_FILE_BENEFICIARIO (COD_FILE_BENEFICIARIO,COD_AFILIACION,COD_FILE,COD_BENEFICIARIO) values ('115','42','187','121');
Insert into SALUDMP.VDIR_FILE_BENEFICIARIO (COD_FILE_BENEFICIARIO,COD_AFILIACION,COD_FILE,COD_BENEFICIARIO) values ('116','42','188','121');
Insert into SALUDMP.VDIR_FILE_BENEFICIARIO (COD_FILE_BENEFICIARIO,COD_AFILIACION,COD_FILE,COD_BENEFICIARIO) values ('117','42','189','162');
Insert into SALUDMP.VDIR_FILE_BENEFICIARIO (COD_FILE_BENEFICIARIO,COD_AFILIACION,COD_FILE,COD_BENEFICIARIO) values ('118','42','190','162');
Insert into SALUDMP.VDIR_FILE_BENEFICIARIO (COD_FILE_BENEFICIARIO,COD_AFILIACION,COD_FILE,COD_BENEFICIARIO) values ('121','42','205','202');
Insert into SALUDMP.VDIR_FILE_BENEFICIARIO (COD_FILE_BENEFICIARIO,COD_AFILIACION,COD_FILE,COD_BENEFICIARIO) values ('122','42','206','202');
Insert into SALUDMP.VDIR_FILE_BENEFICIARIO (COD_FILE_BENEFICIARIO,COD_AFILIACION,COD_FILE,COD_BENEFICIARIO) values ('165','89','289','257');
Insert into SALUDMP.VDIR_FILE_BENEFICIARIO (COD_FILE_BENEFICIARIO,COD_AFILIACION,COD_FILE,COD_BENEFICIARIO) values ('166','89','290','257');
Insert into SALUDMP.VDIR_FILE_BENEFICIARIO (COD_FILE_BENEFICIARIO,COD_AFILIACION,COD_FILE,COD_BENEFICIARIO) values ('123','42','207','201');
Insert into SALUDMP.VDIR_FILE_BENEFICIARIO (COD_FILE_BENEFICIARIO,COD_AFILIACION,COD_FILE,COD_BENEFICIARIO) values ('124','42','208','201');
Insert into SALUDMP.VDIR_FILE_BENEFICIARIO (COD_FILE_BENEFICIARIO,COD_AFILIACION,COD_FILE,COD_BENEFICIARIO) values ('143','81','267','242');
Insert into SALUDMP.VDIR_FILE_BENEFICIARIO (COD_FILE_BENEFICIARIO,COD_AFILIACION,COD_FILE,COD_BENEFICIARIO) values ('144','81','268','242');
Insert into SALUDMP.VDIR_FILE_BENEFICIARIO (COD_FILE_BENEFICIARIO,COD_AFILIACION,COD_FILE,COD_BENEFICIARIO) values ('109','61','181','187');
Insert into SALUDMP.VDIR_FILE_BENEFICIARIO (COD_FILE_BENEFICIARIO,COD_AFILIACION,COD_FILE,COD_BENEFICIARIO) values ('110','61','182','187');
Insert into SALUDMP.VDIR_FILE_BENEFICIARIO (COD_FILE_BENEFICIARIO,COD_AFILIACION,COD_FILE,COD_BENEFICIARIO) values ('111','61','183','187');
Insert into SALUDMP.VDIR_FILE_BENEFICIARIO (COD_FILE_BENEFICIARIO,COD_AFILIACION,COD_FILE,COD_BENEFICIARIO) values ('112','61','184','187');
Insert into SALUDMP.VDIR_FILE_BENEFICIARIO (COD_FILE_BENEFICIARIO,COD_AFILIACION,COD_FILE,COD_BENEFICIARIO) values ('119','62','191','188');
Insert into SALUDMP.VDIR_FILE_BENEFICIARIO (COD_FILE_BENEFICIARIO,COD_AFILIACION,COD_FILE,COD_BENEFICIARIO) values ('120','62','192','188');
Insert into SALUDMP.VDIR_FILE_BENEFICIARIO (COD_FILE_BENEFICIARIO,COD_AFILIACION,COD_FILE,COD_BENEFICIARIO) values ('125','62','209','203');
Insert into SALUDMP.VDIR_FILE_BENEFICIARIO (COD_FILE_BENEFICIARIO,COD_AFILIACION,COD_FILE,COD_BENEFICIARIO) values ('126','62','210','203');
Insert into SALUDMP.VDIR_FILE_BENEFICIARIO (COD_FILE_BENEFICIARIO,COD_AFILIACION,COD_FILE,COD_BENEFICIARIO) values ('141','81','265','241');
Insert into SALUDMP.VDIR_FILE_BENEFICIARIO (COD_FILE_BENEFICIARIO,COD_AFILIACION,COD_FILE,COD_BENEFICIARIO) values ('142','81','266','241');
Insert into SALUDMP.VDIR_FILE_BENEFICIARIO (COD_FILE_BENEFICIARIO,COD_AFILIACION,COD_FILE,COD_BENEFICIARIO) values ('169','90','293','259');
Insert into SALUDMP.VDIR_FILE_BENEFICIARIO (COD_FILE_BENEFICIARIO,COD_AFILIACION,COD_FILE,COD_BENEFICIARIO) values ('170','90','294','259');
REM INSERTING into SALUDMP.VDIR_FORMA_PAGO
SET DEFINE OFF;
REM INSERTING into SALUDMP.VDIR_IMPUESTO
SET DEFINE OFF;
Insert into SALUDMP.VDIR_IMPUESTO (COD_IMPUESTO,DES_IMPUESTO,VALOR,COD_ESTADO) values ('1','IVA','19','1');
Insert into SALUDMP.VDIR_IMPUESTO (COD_IMPUESTO,DES_IMPUESTO,VALOR,COD_ESTADO) values ('2','RETEFUENTE','5','1');
REM INSERTING into SALUDMP.VDIR_LOG_USUARIOS_SISTEMA
SET DEFINE OFF;
REM INSERTING into SALUDMP.VDIR_MENU
SET DEFINE OFF;
REM INSERTING into SALUDMP.VDIR_MODULO_ENCUESTA
SET DEFINE OFF;
Insert into SALUDMP.VDIR_MODULO_ENCUESTA (COD_MODULO,DES_MODULO,COD_ESTADO) values ('4','Declaración de origen de bienes y/o fondos.','1');
Insert into SALUDMP.VDIR_MODULO_ENCUESTA (COD_MODULO,DES_MODULO,COD_ESTADO) values ('1','Información financiera contratante','1');
Insert into SALUDMP.VDIR_MODULO_ENCUESTA (COD_MODULO,DES_MODULO,COD_ESTADO) values ('2','Operaciones en moneda extranjera','1');
Insert into SALUDMP.VDIR_MODULO_ENCUESTA (COD_MODULO,DES_MODULO,COD_ESTADO) values ('3','Identificación de Persona Expuesta Politicamente (PEP)','1');
Insert into SALUDMP.VDIR_MODULO_ENCUESTA (COD_MODULO,DES_MODULO,COD_ESTADO) values ('5','¿Ha tenido o tiene alguno de los siguientes síntomas o enfermedades?','1');
REM INSERTING into SALUDMP.VDIR_MONEDA
SET DEFINE OFF;
Insert into SALUDMP.VDIR_MONEDA (COD_MONEDA,DES_MONEDA,COD_ESTADO) values ('1','$ Peso','1');
Insert into SALUDMP.VDIR_MONEDA (COD_MONEDA,DES_MONEDA,COD_ESTADO) values ('2','$ Dólar','1');
Insert into SALUDMP.VDIR_MONEDA (COD_MONEDA,DES_MONEDA,COD_ESTADO) values ('3','¿ Euro','1');
REM INSERTING into SALUDMP.VDIR_MUNICIPIO
SET DEFINE OFF;
Insert into SALUDMP.VDIR_MUNICIPIO (COD_MUNICIPIO,COD_DEPARTAMENTO,DES_MUNICIPIO,COD_ESTADO) values ('97889','97','Yavaraté','1');
Insert into SALUDMP.VDIR_MUNICIPIO (COD_MUNICIPIO,COD_DEPARTAMENTO,DES_MUNICIPIO,COD_ESTADO) values ('99773','99','Cumaribo','1');
Insert into SALUDMP.VDIR_MUNICIPIO (COD_MUNICIPIO,COD_DEPARTAMENTO,DES_MUNICIPIO,COD_ESTADO) values ('99524','99','La Primavera','1');
Insert into SALUDMP.VDIR_MUNICIPIO (COD_MUNICIPIO,COD_DEPARTAMENTO,DES_MUNICIPIO,COD_ESTADO) values ('99001','99','Puerto Carreño','1');
Insert into SALUDMP.VDIR_MUNICIPIO (COD_MUNICIPIO,COD_DEPARTAMENTO,DES_MUNICIPIO,COD_ESTADO) values ('99624','99','Santa Rosalía','1');
Insert into SALUDMP.VDIR_MUNICIPIO (COD_MUNICIPIO,COD_DEPARTAMENTO,DES_MUNICIPIO,COD_ESTADO) values ('1','1','Cali','2');
Insert into SALUDMP.VDIR_MUNICIPIO (COD_MUNICIPIO,COD_DEPARTAMENTO,DES_MUNICIPIO,COD_ESTADO) values ('5004','5','Abriaquí','2');
Insert into SALUDMP.VDIR_MUNICIPIO (COD_MUNICIPIO,COD_DEPARTAMENTO,DES_MUNICIPIO,COD_ESTADO) values ('5002','5','Abejorral','2');
Insert into SALUDMP.VDIR_MUNICIPIO (COD_MUNICIPIO,COD_DEPARTAMENTO,DES_MUNICIPIO,COD_ESTADO) values ('5021','5','Alejandría','2');
Insert into SALUDMP.VDIR_MUNICIPIO (COD_MUNICIPIO,COD_DEPARTAMENTO,DES_MUNICIPIO,COD_ESTADO) values ('5030','5','Amagá','2');
Insert into SALUDMP.VDIR_MUNICIPIO (COD_MUNICIPIO,COD_DEPARTAMENTO,DES_MUNICIPIO,COD_ESTADO) values ('5031','5','Amalfi','2');
Insert into SALUDMP.VDIR_MUNICIPIO (COD_MUNICIPIO,COD_DEPARTAMENTO,DES_MUNICIPIO,COD_ESTADO) values ('5034','5','Andes','2');
Insert into SALUDMP.VDIR_MUNICIPIO (COD_MUNICIPIO,COD_DEPARTAMENTO,DES_MUNICIPIO,COD_ESTADO) values ('5036','5','Angelópolis','2');
Insert into SALUDMP.VDIR_MUNICIPIO (COD_MUNICIPIO,COD_DEPARTAMENTO,DES_MUNICIPIO,COD_ESTADO) values ('5038','5','Angostura','2');
Insert into SALUDMP.VDIR_MUNICIPIO (COD_MUNICIPIO,COD_DEPARTAMENTO,DES_MUNICIPIO,COD_ESTADO) values ('5040','5','Anorí','2');
Insert into SALUDMP.VDIR_MUNICIPIO (COD_MUNICIPIO,COD_DEPARTAMENTO,DES_MUNICIPIO,COD_ESTADO) values ('5044','5','Anza','2');
Insert into SALUDMP.VDIR_MUNICIPIO (COD_MUNICIPIO,COD_DEPARTAMENTO,DES_MUNICIPIO,COD_ESTADO) values ('5045','5','Apartadó','2');
Insert into SALUDMP.VDIR_MUNICIPIO (COD_MUNICIPIO,COD_DEPARTAMENTO,DES_MUNICIPIO,COD_ESTADO) values ('5051','5','Arboletes','2');
Insert into SALUDMP.VDIR_MUNICIPIO (COD_MUNICIPIO,COD_DEPARTAMENTO,DES_MUNICIPIO,COD_ESTADO) values ('5055','5','Argelia','2');
Insert into SALUDMP.VDIR_MUNICIPIO (COD_MUNICIPIO,COD_DEPARTAMENTO,DES_MUNICIPIO,COD_ESTADO) values ('5059','5','Armenia','2');
Insert into SALUDMP.VDIR_MUNICIPIO (COD_MUNICIPIO,COD_DEPARTAMENTO,DES_MUNICIPIO,COD_ESTADO) values ('5079','5','Barbosa','2');
Insert into SALUDMP.VDIR_MUNICIPIO (COD_MUNICIPIO,COD_DEPARTAMENTO,DES_MUNICIPIO,COD_ESTADO) values ('5088','5','Bello','2');
Insert into SALUDMP.VDIR_MUNICIPIO (COD_MUNICIPIO,COD_DEPARTAMENTO,DES_MUNICIPIO,COD_ESTADO) values ('5086','5','Belmira','2');
Insert into SALUDMP.VDIR_MUNICIPIO (COD_MUNICIPIO,COD_DEPARTAMENTO,DES_MUNICIPIO,COD_ESTADO) values ('5091','5','Betania','2');
Insert into SALUDMP.VDIR_MUNICIPIO (COD_MUNICIPIO,COD_DEPARTAMENTO,DES_MUNICIPIO,COD_ESTADO) values ('5093','5','Betulia','2');
Insert into SALUDMP.VDIR_MUNICIPIO (COD_MUNICIPIO,COD_DEPARTAMENTO,DES_MUNICIPIO,COD_ESTADO) values ('5107','5','Briceño','2');
Insert into SALUDMP.VDIR_MUNICIPIO (COD_MUNICIPIO,COD_DEPARTAMENTO,DES_MUNICIPIO,COD_ESTADO) values ('5113','5','Buriticá','2');
Insert into SALUDMP.VDIR_MUNICIPIO (COD_MUNICIPIO,COD_DEPARTAMENTO,DES_MUNICIPIO,COD_ESTADO) values ('5120','5','Cáceres','2');
Insert into SALUDMP.VDIR_MUNICIPIO (COD_MUNICIPIO,COD_DEPARTAMENTO,DES_MUNICIPIO,COD_ESTADO) values ('5125','5','Caicedo','2');
Insert into SALUDMP.VDIR_MUNICIPIO (COD_MUNICIPIO,COD_DEPARTAMENTO,DES_MUNICIPIO,COD_ESTADO) values ('5129','5','Caldas','2');
Insert into SALUDMP.VDIR_MUNICIPIO (COD_MUNICIPIO,COD_DEPARTAMENTO,DES_MUNICIPIO,COD_ESTADO) values ('5134','5','Campamento','2');
Insert into SALUDMP.VDIR_MUNICIPIO (COD_MUNICIPIO,COD_DEPARTAMENTO,DES_MUNICIPIO,COD_ESTADO) values ('5138','5','Cañasgordas','2');
Insert into SALUDMP.VDIR_MUNICIPIO (COD_MUNICIPIO,COD_DEPARTAMENTO,DES_MUNICIPIO,COD_ESTADO) values ('5142','5','Caracolí','2');
Insert into SALUDMP.VDIR_MUNICIPIO (COD_MUNICIPIO,COD_DEPARTAMENTO,DES_MUNICIPIO,COD_ESTADO) values ('5145','5','Caramanta','2');
Insert into SALUDMP.VDIR_MUNICIPIO (COD_MUNICIPIO,COD_DEPARTAMENTO,DES_MUNICIPIO,COD_ESTADO) values ('5147','5','Carepa','2');
Insert into SALUDMP.VDIR_MUNICIPIO (COD_MUNICIPIO,COD_DEPARTAMENTO,DES_MUNICIPIO,COD_ESTADO) values ('5150','5','Carolina','2');
Insert into SALUDMP.VDIR_MUNICIPIO (COD_MUNICIPIO,COD_DEPARTAMENTO,DES_MUNICIPIO,COD_ESTADO) values ('5154','5','Caucasia','2');
Insert into SALUDMP.VDIR_MUNICIPIO (COD_MUNICIPIO,COD_DEPARTAMENTO,DES_MUNICIPIO,COD_ESTADO) values ('5172','5','Chigorodó','2');
Insert into SALUDMP.VDIR_MUNICIPIO (COD_MUNICIPIO,COD_DEPARTAMENTO,DES_MUNICIPIO,COD_ESTADO) values ('5190','5','Cisneros','2');
Insert into SALUDMP.VDIR_MUNICIPIO (COD_MUNICIPIO,COD_DEPARTAMENTO,DES_MUNICIPIO,COD_ESTADO) values ('5101','5','Ciudad Bolívar','2');
Insert into SALUDMP.VDIR_MUNICIPIO (COD_MUNICIPIO,COD_DEPARTAMENTO,DES_MUNICIPIO,COD_ESTADO) values ('5197','5','Cocorná','2');
Insert into SALUDMP.VDIR_MUNICIPIO (COD_MUNICIPIO,COD_DEPARTAMENTO,DES_MUNICIPIO,COD_ESTADO) values ('5206','5','Concepción','2');
Insert into SALUDMP.VDIR_MUNICIPIO (COD_MUNICIPIO,COD_DEPARTAMENTO,DES_MUNICIPIO,COD_ESTADO) values ('5209','5','Concordia','2');
Insert into SALUDMP.VDIR_MUNICIPIO (COD_MUNICIPIO,COD_DEPARTAMENTO,DES_MUNICIPIO,COD_ESTADO) values ('5212','5','Copacabana','2');
Insert into SALUDMP.VDIR_MUNICIPIO (COD_MUNICIPIO,COD_DEPARTAMENTO,DES_MUNICIPIO,COD_ESTADO) values ('5234','5','Dabeiba','2');
Insert into SALUDMP.VDIR_MUNICIPIO (COD_MUNICIPIO,COD_DEPARTAMENTO,DES_MUNICIPIO,COD_ESTADO) values ('5237','5','Don Matías','2');
Insert into SALUDMP.VDIR_MUNICIPIO (COD_MUNICIPIO,COD_DEPARTAMENTO,DES_MUNICIPIO,COD_ESTADO) values ('5240','5','Ebéjico','2');
Insert into SALUDMP.VDIR_MUNICIPIO (COD_MUNICIPIO,COD_DEPARTAMENTO,DES_MUNICIPIO,COD_ESTADO) values ('5250','5','El Bagre','2');
Insert into SALUDMP.VDIR_MUNICIPIO (COD_MUNICIPIO,COD_DEPARTAMENTO,DES_MUNICIPIO,COD_ESTADO) values ('5148','5','El Carmen de Viboral','2');
Insert into SALUDMP.VDIR_MUNICIPIO (COD_MUNICIPIO,COD_DEPARTAMENTO,DES_MUNICIPIO,COD_ESTADO) values ('5697','5','El Santuario','2');
Insert into SALUDMP.VDIR_MUNICIPIO (COD_MUNICIPIO,COD_DEPARTAMENTO,DES_MUNICIPIO,COD_ESTADO) values ('5264','5','Entrerrios','2');
Insert into SALUDMP.VDIR_MUNICIPIO (COD_MUNICIPIO,COD_DEPARTAMENTO,DES_MUNICIPIO,COD_ESTADO) values ('5266','5','Envigado','2');
Insert into SALUDMP.VDIR_MUNICIPIO (COD_MUNICIPIO,COD_DEPARTAMENTO,DES_MUNICIPIO,COD_ESTADO) values ('5282','5','Fredonia','2');
Insert into SALUDMP.VDIR_MUNICIPIO (COD_MUNICIPIO,COD_DEPARTAMENTO,DES_MUNICIPIO,COD_ESTADO) values ('5284','5','Frontino','2');
Insert into SALUDMP.VDIR_MUNICIPIO (COD_MUNICIPIO,COD_DEPARTAMENTO,DES_MUNICIPIO,COD_ESTADO) values ('5306','5','Giraldo','2');
Insert into SALUDMP.VDIR_MUNICIPIO (COD_MUNICIPIO,COD_DEPARTAMENTO,DES_MUNICIPIO,COD_ESTADO) values ('5308','5','Girardota','2');
Insert into SALUDMP.VDIR_MUNICIPIO (COD_MUNICIPIO,COD_DEPARTAMENTO,DES_MUNICIPIO,COD_ESTADO) values ('5310','5','Gómez Plata','2');
Insert into SALUDMP.VDIR_MUNICIPIO (COD_MUNICIPIO,COD_DEPARTAMENTO,DES_MUNICIPIO,COD_ESTADO) values ('5313','5','Granada','2');
Insert into SALUDMP.VDIR_MUNICIPIO (COD_MUNICIPIO,COD_DEPARTAMENTO,DES_MUNICIPIO,COD_ESTADO) values ('5315','5','Guadalupe','2');
Insert into SALUDMP.VDIR_MUNICIPIO (COD_MUNICIPIO,COD_DEPARTAMENTO,DES_MUNICIPIO,COD_ESTADO) values ('5318','5','Guarne','2');
Insert into SALUDMP.VDIR_MUNICIPIO (COD_MUNICIPIO,COD_DEPARTAMENTO,DES_MUNICIPIO,COD_ESTADO) values ('5321','5','Guatapé','2');
Insert into SALUDMP.VDIR_MUNICIPIO (COD_MUNICIPIO,COD_DEPARTAMENTO,DES_MUNICIPIO,COD_ESTADO) values ('5347','5','Heliconia','2');
Insert into SALUDMP.VDIR_MUNICIPIO (COD_MUNICIPIO,COD_DEPARTAMENTO,DES_MUNICIPIO,COD_ESTADO) values ('5353','5','Hispania','2');
Insert into SALUDMP.VDIR_MUNICIPIO (COD_MUNICIPIO,COD_DEPARTAMENTO,DES_MUNICIPIO,COD_ESTADO) values ('5360','5','Itagui','2');
Insert into SALUDMP.VDIR_MUNICIPIO (COD_MUNICIPIO,COD_DEPARTAMENTO,DES_MUNICIPIO,COD_ESTADO) values ('5361','5','Ituango','2');
Insert into SALUDMP.VDIR_MUNICIPIO (COD_MUNICIPIO,COD_DEPARTAMENTO,DES_MUNICIPIO,COD_ESTADO) values ('5364','5','Jardín','2');
Insert into SALUDMP.VDIR_MUNICIPIO (COD_MUNICIPIO,COD_DEPARTAMENTO,DES_MUNICIPIO,COD_ESTADO) values ('5368','5','Jericó','2');
Insert into SALUDMP.VDIR_MUNICIPIO (COD_MUNICIPIO,COD_DEPARTAMENTO,DES_MUNICIPIO,COD_ESTADO) values ('5376','5','La Ceja','2');
Insert into SALUDMP.VDIR_MUNICIPIO (COD_MUNICIPIO,COD_DEPARTAMENTO,DES_MUNICIPIO,COD_ESTADO) values ('5380','5','La Estrella','2');
Insert into SALUDMP.VDIR_MUNICIPIO (COD_MUNICIPIO,COD_DEPARTAMENTO,DES_MUNICIPIO,COD_ESTADO) values ('5390','5','La Pintada','2');
Insert into SALUDMP.VDIR_MUNICIPIO (COD_MUNICIPIO,COD_DEPARTAMENTO,DES_MUNICIPIO,COD_ESTADO) values ('5400','5','La Unión','2');
Insert into SALUDMP.VDIR_MUNICIPIO (COD_MUNICIPIO,COD_DEPARTAMENTO,DES_MUNICIPIO,COD_ESTADO) values ('5411','5','Liborina','2');
Insert into SALUDMP.VDIR_MUNICIPIO (COD_MUNICIPIO,COD_DEPARTAMENTO,DES_MUNICIPIO,COD_ESTADO) values ('5425','5','Maceo','2');
Insert into SALUDMP.VDIR_MUNICIPIO (COD_MUNICIPIO,COD_DEPARTAMENTO,DES_MUNICIPIO,COD_ESTADO) values ('5440','5','Marinilla','2');
Insert into SALUDMP.VDIR_MUNICIPIO (COD_MUNICIPIO,COD_DEPARTAMENTO,DES_MUNICIPIO,COD_ESTADO) values ('5001','5','Medellín','2');
Insert into SALUDMP.VDIR_MUNICIPIO (COD_MUNICIPIO,COD_DEPARTAMENTO,DES_MUNICIPIO,COD_ESTADO) values ('5467','5','Montebello','2');
Insert into SALUDMP.VDIR_MUNICIPIO (COD_MUNICIPIO,COD_DEPARTAMENTO,DES_MUNICIPIO,COD_ESTADO) values ('5475','5','Murindó','2');
Insert into SALUDMP.VDIR_MUNICIPIO (COD_MUNICIPIO,COD_DEPARTAMENTO,DES_MUNICIPIO,COD_ESTADO) values ('5480','5','Mutatá','2');
Insert into SALUDMP.VDIR_MUNICIPIO (COD_MUNICIPIO,COD_DEPARTAMENTO,DES_MUNICIPIO,COD_ESTADO) values ('5483','5','Nariño','2');
Insert into SALUDMP.VDIR_MUNICIPIO (COD_MUNICIPIO,COD_DEPARTAMENTO,DES_MUNICIPIO,COD_ESTADO) values ('5495','5','Nechí','2');
Insert into SALUDMP.VDIR_MUNICIPIO (COD_MUNICIPIO,COD_DEPARTAMENTO,DES_MUNICIPIO,COD_ESTADO) values ('5490','5','Necoclí','2');
Insert into SALUDMP.VDIR_MUNICIPIO (COD_MUNICIPIO,COD_DEPARTAMENTO,DES_MUNICIPIO,COD_ESTADO) values ('5501','5','Olaya','2');
Insert into SALUDMP.VDIR_MUNICIPIO (COD_MUNICIPIO,COD_DEPARTAMENTO,DES_MUNICIPIO,COD_ESTADO) values ('5541','5','Peñol','2');
Insert into SALUDMP.VDIR_MUNICIPIO (COD_MUNICIPIO,COD_DEPARTAMENTO,DES_MUNICIPIO,COD_ESTADO) values ('5543','5','Peque','2');
Insert into SALUDMP.VDIR_MUNICIPIO (COD_MUNICIPIO,COD_DEPARTAMENTO,DES_MUNICIPIO,COD_ESTADO) values ('5576','5','Pueblorrico','2');
Insert into SALUDMP.VDIR_MUNICIPIO (COD_MUNICIPIO,COD_DEPARTAMENTO,DES_MUNICIPIO,COD_ESTADO) values ('5579','5','Puerto Berrío','2');
Insert into SALUDMP.VDIR_MUNICIPIO (COD_MUNICIPIO,COD_DEPARTAMENTO,DES_MUNICIPIO,COD_ESTADO) values ('5585','5','Puerto Nare','2');
Insert into SALUDMP.VDIR_MUNICIPIO (COD_MUNICIPIO,COD_DEPARTAMENTO,DES_MUNICIPIO,COD_ESTADO) values ('5591','5','Puerto Triunfo','2');
Insert into SALUDMP.VDIR_MUNICIPIO (COD_MUNICIPIO,COD_DEPARTAMENTO,DES_MUNICIPIO,COD_ESTADO) values ('5604','5','Remedios','2');
Insert into SALUDMP.VDIR_MUNICIPIO (COD_MUNICIPIO,COD_DEPARTAMENTO,DES_MUNICIPIO,COD_ESTADO) values ('5607','5','Retiro','2');
Insert into SALUDMP.VDIR_MUNICIPIO (COD_MUNICIPIO,COD_DEPARTAMENTO,DES_MUNICIPIO,COD_ESTADO) values ('5615','5','Rionegro','2');
Insert into SALUDMP.VDIR_MUNICIPIO (COD_MUNICIPIO,COD_DEPARTAMENTO,DES_MUNICIPIO,COD_ESTADO) values ('5628','5','Sabanalarga','2');
Insert into SALUDMP.VDIR_MUNICIPIO (COD_MUNICIPIO,COD_DEPARTAMENTO,DES_MUNICIPIO,COD_ESTADO) values ('5631','5','Sabaneta','2');
Insert into SALUDMP.VDIR_MUNICIPIO (COD_MUNICIPIO,COD_DEPARTAMENTO,DES_MUNICIPIO,COD_ESTADO) values ('5642','5','Salgar','2');
Insert into SALUDMP.VDIR_MUNICIPIO (COD_MUNICIPIO,COD_DEPARTAMENTO,DES_MUNICIPIO,COD_ESTADO) values ('5647','5','San Andrés de Cuerquía','2');
Insert into SALUDMP.VDIR_MUNICIPIO (COD_MUNICIPIO,COD_DEPARTAMENTO,DES_MUNICIPIO,COD_ESTADO) values ('5649','5','San Carlos','2');
Insert into SALUDMP.VDIR_MUNICIPIO (COD_MUNICIPIO,COD_DEPARTAMENTO,DES_MUNICIPIO,COD_ESTADO) values ('5652','5','San Francisco','2');
Insert into SALUDMP.VDIR_MUNICIPIO (COD_MUNICIPIO,COD_DEPARTAMENTO,DES_MUNICIPIO,COD_ESTADO) values ('5656','5','San Jerónimo','2');
Insert into SALUDMP.VDIR_MUNICIPIO (COD_MUNICIPIO,COD_DEPARTAMENTO,DES_MUNICIPIO,COD_ESTADO) values ('5658','5','San José de La Montaña','2');
Insert into SALUDMP.VDIR_MUNICIPIO (COD_MUNICIPIO,COD_DEPARTAMENTO,DES_MUNICIPIO,COD_ESTADO) values ('5659','5','San Juan de Urabá','2');
Insert into SALUDMP.VDIR_MUNICIPIO (COD_MUNICIPIO,COD_DEPARTAMENTO,DES_MUNICIPIO,COD_ESTADO) values ('5660','5','San Luis','2');
Insert into SALUDMP.VDIR_MUNICIPIO (COD_MUNICIPIO,COD_DEPARTAMENTO,DES_MUNICIPIO,COD_ESTADO) values ('5664','5','San Pedro','2');
Insert into SALUDMP.VDIR_MUNICIPIO (COD_MUNICIPIO,COD_DEPARTAMENTO,DES_MUNICIPIO,COD_ESTADO) values ('5665','5','San Pedro de Uraba','2');
Insert into SALUDMP.VDIR_MUNICIPIO (COD_MUNICIPIO,COD_DEPARTAMENTO,DES_MUNICIPIO,COD_ESTADO) values ('5667','5','San Rafael','2');
Insert into SALUDMP.VDIR_MUNICIPIO (COD_MUNICIPIO,COD_DEPARTAMENTO,DES_MUNICIPIO,COD_ESTADO) values ('5670','5','San Roque','2');
Insert into SALUDMP.VDIR_MUNICIPIO (COD_MUNICIPIO,COD_DEPARTAMENTO,DES_MUNICIPIO,COD_ESTADO) values ('5674','5','San Vicente','2');
Insert into SALUDMP.VDIR_MUNICIPIO (COD_MUNICIPIO,COD_DEPARTAMENTO,DES_MUNICIPIO,COD_ESTADO) values ('5679','5','Santa Bárbara','2');
Insert into SALUDMP.VDIR_MUNICIPIO (COD_MUNICIPIO,COD_DEPARTAMENTO,DES_MUNICIPIO,COD_ESTADO) values ('5686','5','Santa Rosa de Osos','2');
Insert into SALUDMP.VDIR_MUNICIPIO (COD_MUNICIPIO,COD_DEPARTAMENTO,DES_MUNICIPIO,COD_ESTADO) values ('5042','5','Santafé de Antioquia','2');
Insert into SALUDMP.VDIR_MUNICIPIO (COD_MUNICIPIO,COD_DEPARTAMENTO,DES_MUNICIPIO,COD_ESTADO) values ('5690','5','Santo Domingo','2');
Insert into SALUDMP.VDIR_MUNICIPIO (COD_MUNICIPIO,COD_DEPARTAMENTO,DES_MUNICIPIO,COD_ESTADO) values ('5736','5','Segovia','2');
Insert into SALUDMP.VDIR_MUNICIPIO (COD_MUNICIPIO,COD_DEPARTAMENTO,DES_MUNICIPIO,COD_ESTADO) values ('5756','5','Sonsón','2');
Insert into SALUDMP.VDIR_MUNICIPIO (COD_MUNICIPIO,COD_DEPARTAMENTO,DES_MUNICIPIO,COD_ESTADO) values ('5761','5','Sopetrán','2');
Insert into SALUDMP.VDIR_MUNICIPIO (COD_MUNICIPIO,COD_DEPARTAMENTO,DES_MUNICIPIO,COD_ESTADO) values ('5789','5','Támesis','2');
Insert into SALUDMP.VDIR_MUNICIPIO (COD_MUNICIPIO,COD_DEPARTAMENTO,DES_MUNICIPIO,COD_ESTADO) values ('5790','5','Tarazá','2');
Insert into SALUDMP.VDIR_MUNICIPIO (COD_MUNICIPIO,COD_DEPARTAMENTO,DES_MUNICIPIO,COD_ESTADO) values ('5792','5','Tarso','2');
Insert into SALUDMP.VDIR_MUNICIPIO (COD_MUNICIPIO,COD_DEPARTAMENTO,DES_MUNICIPIO,COD_ESTADO) values ('5809','5','Titiribí','2');
Insert into SALUDMP.VDIR_MUNICIPIO (COD_MUNICIPIO,COD_DEPARTAMENTO,DES_MUNICIPIO,COD_ESTADO) values ('5819','5','Toledo','2');
Insert into SALUDMP.VDIR_MUNICIPIO (COD_MUNICIPIO,COD_DEPARTAMENTO,DES_MUNICIPIO,COD_ESTADO) values ('5837','5','Turbo','2');
Insert into SALUDMP.VDIR_MUNICIPIO (COD_MUNICIPIO,COD_DEPARTAMENTO,DES_MUNICIPIO,COD_ESTADO) values ('5842','5','Uramita','2');
Insert into SALUDMP.VDIR_MUNICIPIO (COD_MUNICIPIO,COD_DEPARTAMENTO,DES_MUNICIPIO,COD_ESTADO) values ('5847','5','Urrao','2');
Insert into SALUDMP.VDIR_MUNICIPIO (COD_MUNICIPIO,COD_DEPARTAMENTO,DES_MUNICIPIO,COD_ESTADO) values ('5854','5','Valdivia','2');
Insert into SALUDMP.VDIR_MUNICIPIO (COD_MUNICIPIO,COD_DEPARTAMENTO,DES_MUNICIPIO,COD_ESTADO) values ('5856','5','Valparaíso','2');
Insert into SALUDMP.VDIR_MUNICIPIO (COD_MUNICIPIO,COD_DEPARTAMENTO,DES_MUNICIPIO,COD_ESTADO) values ('5858','5','Vegachí','2');
Insert into SALUDMP.VDIR_MUNICIPIO (COD_MUNICIPIO,COD_DEPARTAMENTO,DES_MUNICIPIO,COD_ESTADO) values ('5861','5','Venecia','2');
Insert into SALUDMP.VDIR_MUNICIPIO (COD_MUNICIPIO,COD_DEPARTAMENTO,DES_MUNICIPIO,COD_ESTADO) values ('5873','5','Vigía del Fuerte','2');
Insert into SALUDMP.VDIR_MUNICIPIO (COD_MUNICIPIO,COD_DEPARTAMENTO,DES_MUNICIPIO,COD_ESTADO) values ('5885','5','Yalí','2');
Insert into SALUDMP.VDIR_MUNICIPIO (COD_MUNICIPIO,COD_DEPARTAMENTO,DES_MUNICIPIO,COD_ESTADO) values ('5887','5','Yarumal','2');
Insert into SALUDMP.VDIR_MUNICIPIO (COD_MUNICIPIO,COD_DEPARTAMENTO,DES_MUNICIPIO,COD_ESTADO) values ('5890','5','Yolombó','2');
Insert into SALUDMP.VDIR_MUNICIPIO (COD_MUNICIPIO,COD_DEPARTAMENTO,DES_MUNICIPIO,COD_ESTADO) values ('5893','5','Yondó','2');
Insert into SALUDMP.VDIR_MUNICIPIO (COD_MUNICIPIO,COD_DEPARTAMENTO,DES_MUNICIPIO,COD_ESTADO) values ('5895','5','Zaragoza','2');
Insert into SALUDMP.VDIR_MUNICIPIO (COD_MUNICIPIO,COD_DEPARTAMENTO,DES_MUNICIPIO,COD_ESTADO) values ('8078','8','Baranoa','2');
Insert into SALUDMP.VDIR_MUNICIPIO (COD_MUNICIPIO,COD_DEPARTAMENTO,DES_MUNICIPIO,COD_ESTADO) values ('8001','8','Barranquilla','2');
Insert into SALUDMP.VDIR_MUNICIPIO (COD_MUNICIPIO,COD_DEPARTAMENTO,DES_MUNICIPIO,COD_ESTADO) values ('8137','8','Campo de La Cruz','2');
Insert into SALUDMP.VDIR_MUNICIPIO (COD_MUNICIPIO,COD_DEPARTAMENTO,DES_MUNICIPIO,COD_ESTADO) values ('8141','8','Candelaria','2');
Insert into SALUDMP.VDIR_MUNICIPIO (COD_MUNICIPIO,COD_DEPARTAMENTO,DES_MUNICIPIO,COD_ESTADO) values ('8296','8','Galapa','2');
Insert into SALUDMP.VDIR_MUNICIPIO (COD_MUNICIPIO,COD_DEPARTAMENTO,DES_MUNICIPIO,COD_ESTADO) values ('8372','8','Juan de Acosta','2');
Insert into SALUDMP.VDIR_MUNICIPIO (COD_MUNICIPIO,COD_DEPARTAMENTO,DES_MUNICIPIO,COD_ESTADO) values ('8421','8','Luruaco','2');
Insert into SALUDMP.VDIR_MUNICIPIO (COD_MUNICIPIO,COD_DEPARTAMENTO,DES_MUNICIPIO,COD_ESTADO) values ('8433','8','Malambo','2');
Insert into SALUDMP.VDIR_MUNICIPIO (COD_MUNICIPIO,COD_DEPARTAMENTO,DES_MUNICIPIO,COD_ESTADO) values ('8436','8','Manatí','2');
Insert into SALUDMP.VDIR_MUNICIPIO (COD_MUNICIPIO,COD_DEPARTAMENTO,DES_MUNICIPIO,COD_ESTADO) values ('8520','8','Palmar de Varela','2');
Insert into SALUDMP.VDIR_MUNICIPIO (COD_MUNICIPIO,COD_DEPARTAMENTO,DES_MUNICIPIO,COD_ESTADO) values ('8549','8','Piojó','2');
Insert into SALUDMP.VDIR_MUNICIPIO (COD_MUNICIPIO,COD_DEPARTAMENTO,DES_MUNICIPIO,COD_ESTADO) values ('8558','8','Polonuevo','2');
Insert into SALUDMP.VDIR_MUNICIPIO (COD_MUNICIPIO,COD_DEPARTAMENTO,DES_MUNICIPIO,COD_ESTADO) values ('8560','8','Ponedera','2');
Insert into SALUDMP.VDIR_MUNICIPIO (COD_MUNICIPIO,COD_DEPARTAMENTO,DES_MUNICIPIO,COD_ESTADO) values ('8573','8','Puerto Colombia','2');
Insert into SALUDMP.VDIR_MUNICIPIO (COD_MUNICIPIO,COD_DEPARTAMENTO,DES_MUNICIPIO,COD_ESTADO) values ('8606','8','Repelón','2');
Insert into SALUDMP.VDIR_MUNICIPIO (COD_MUNICIPIO,COD_DEPARTAMENTO,DES_MUNICIPIO,COD_ESTADO) values ('8634','8','Sabanagrande','2');
Insert into SALUDMP.VDIR_MUNICIPIO (COD_MUNICIPIO,COD_DEPARTAMENTO,DES_MUNICIPIO,COD_ESTADO) values ('8638','8','Sabanalarga','2');
Insert into SALUDMP.VDIR_MUNICIPIO (COD_MUNICIPIO,COD_DEPARTAMENTO,DES_MUNICIPIO,COD_ESTADO) values ('8675','8','Santa Lucía','2');
Insert into SALUDMP.VDIR_MUNICIPIO (COD_MUNICIPIO,COD_DEPARTAMENTO,DES_MUNICIPIO,COD_ESTADO) values ('8685','8','Santo Tomás','2');
Insert into SALUDMP.VDIR_MUNICIPIO (COD_MUNICIPIO,COD_DEPARTAMENTO,DES_MUNICIPIO,COD_ESTADO) values ('8758','8','Soledad','2');
Insert into SALUDMP.VDIR_MUNICIPIO (COD_MUNICIPIO,COD_DEPARTAMENTO,DES_MUNICIPIO,COD_ESTADO) values ('8770','8','Suan','2');
Insert into SALUDMP.VDIR_MUNICIPIO (COD_MUNICIPIO,COD_DEPARTAMENTO,DES_MUNICIPIO,COD_ESTADO) values ('8832','8','Tubará','2');
Insert into SALUDMP.VDIR_MUNICIPIO (COD_MUNICIPIO,COD_DEPARTAMENTO,DES_MUNICIPIO,COD_ESTADO) values ('8849','8','Usiacurí','2');
Insert into SALUDMP.VDIR_MUNICIPIO (COD_MUNICIPIO,COD_DEPARTAMENTO,DES_MUNICIPIO,COD_ESTADO) values ('11001','11','Bogotá D.C.','2');
Insert into SALUDMP.VDIR_MUNICIPIO (COD_MUNICIPIO,COD_DEPARTAMENTO,DES_MUNICIPIO,COD_ESTADO) values ('13006','13','Achí','2');
Insert into SALUDMP.VDIR_MUNICIPIO (COD_MUNICIPIO,COD_DEPARTAMENTO,DES_MUNICIPIO,COD_ESTADO) values ('13030','13','Altos del Rosario','2');
Insert into SALUDMP.VDIR_MUNICIPIO (COD_MUNICIPIO,COD_DEPARTAMENTO,DES_MUNICIPIO,COD_ESTADO) values ('13042','13','Arenal','2');
Insert into SALUDMP.VDIR_MUNICIPIO (COD_MUNICIPIO,COD_DEPARTAMENTO,DES_MUNICIPIO,COD_ESTADO) values ('13052','13','Arjona','2');
Insert into SALUDMP.VDIR_MUNICIPIO (COD_MUNICIPIO,COD_DEPARTAMENTO,DES_MUNICIPIO,COD_ESTADO) values ('13062','13','Arroyohondo','2');
Insert into SALUDMP.VDIR_MUNICIPIO (COD_MUNICIPIO,COD_DEPARTAMENTO,DES_MUNICIPIO,COD_ESTADO) values ('13074','13','Barranco de Loba','2');
Insert into SALUDMP.VDIR_MUNICIPIO (COD_MUNICIPIO,COD_DEPARTAMENTO,DES_MUNICIPIO,COD_ESTADO) values ('13140','13','Calamar','2');
Insert into SALUDMP.VDIR_MUNICIPIO (COD_MUNICIPIO,COD_DEPARTAMENTO,DES_MUNICIPIO,COD_ESTADO) values ('13160','13','Cantagallo','2');
Insert into SALUDMP.VDIR_MUNICIPIO (COD_MUNICIPIO,COD_DEPARTAMENTO,DES_MUNICIPIO,COD_ESTADO) values ('13001','13','Cartagena','2');
Insert into SALUDMP.VDIR_MUNICIPIO (COD_MUNICIPIO,COD_DEPARTAMENTO,DES_MUNICIPIO,COD_ESTADO) values ('13188','13','Cicuco','2');
Insert into SALUDMP.VDIR_MUNICIPIO (COD_MUNICIPIO,COD_DEPARTAMENTO,DES_MUNICIPIO,COD_ESTADO) values ('13222','13','Clemencia','2');
Insert into SALUDMP.VDIR_MUNICIPIO (COD_MUNICIPIO,COD_DEPARTAMENTO,DES_MUNICIPIO,COD_ESTADO) values ('13212','13','Córdoba','2');
Insert into SALUDMP.VDIR_MUNICIPIO (COD_MUNICIPIO,COD_DEPARTAMENTO,DES_MUNICIPIO,COD_ESTADO) values ('13244','13','El Carmen de Bolívar','2');
Insert into SALUDMP.VDIR_MUNICIPIO (COD_MUNICIPIO,COD_DEPARTAMENTO,DES_MUNICIPIO,COD_ESTADO) values ('13248','13','El Guamo','2');
Insert into SALUDMP.VDIR_MUNICIPIO (COD_MUNICIPIO,COD_DEPARTAMENTO,DES_MUNICIPIO,COD_ESTADO) values ('13268','13','El Peñón','2');
Insert into SALUDMP.VDIR_MUNICIPIO (COD_MUNICIPIO,COD_DEPARTAMENTO,DES_MUNICIPIO,COD_ESTADO) values ('13300','13','Hatillo de Loba','2');
Insert into SALUDMP.VDIR_MUNICIPIO (COD_MUNICIPIO,COD_DEPARTAMENTO,DES_MUNICIPIO,COD_ESTADO) values ('13430','13','Magangué','2');
Insert into SALUDMP.VDIR_MUNICIPIO (COD_MUNICIPIO,COD_DEPARTAMENTO,DES_MUNICIPIO,COD_ESTADO) values ('13433','13','Mahates','2');
Insert into SALUDMP.VDIR_MUNICIPIO (COD_MUNICIPIO,COD_DEPARTAMENTO,DES_MUNICIPIO,COD_ESTADO) values ('13440','13','Margarita','2');
Insert into SALUDMP.VDIR_MUNICIPIO (COD_MUNICIPIO,COD_DEPARTAMENTO,DES_MUNICIPIO,COD_ESTADO) values ('13442','13','María la Baja','2');
Insert into SALUDMP.VDIR_MUNICIPIO (COD_MUNICIPIO,COD_DEPARTAMENTO,DES_MUNICIPIO,COD_ESTADO) values ('13468','13','Mompós','2');
Insert into SALUDMP.VDIR_MUNICIPIO (COD_MUNICIPIO,COD_DEPARTAMENTO,DES_MUNICIPIO,COD_ESTADO) values ('13458','13','Montecristo','2');
Insert into SALUDMP.VDIR_MUNICIPIO (COD_MUNICIPIO,COD_DEPARTAMENTO,DES_MUNICIPIO,COD_ESTADO) values ('13473','13','Morales','2');
Insert into SALUDMP.VDIR_MUNICIPIO (COD_MUNICIPIO,COD_DEPARTAMENTO,DES_MUNICIPIO,COD_ESTADO) values ('13490','13','Norosí','2');
Insert into SALUDMP.VDIR_MUNICIPIO (COD_MUNICIPIO,COD_DEPARTAMENTO,DES_MUNICIPIO,COD_ESTADO) values ('13549','13','Pinillos','2');
Insert into SALUDMP.VDIR_MUNICIPIO (COD_MUNICIPIO,COD_DEPARTAMENTO,DES_MUNICIPIO,COD_ESTADO) values ('13580','13','Regidor','2');
Insert into SALUDMP.VDIR_MUNICIPIO (COD_MUNICIPIO,COD_DEPARTAMENTO,DES_MUNICIPIO,COD_ESTADO) values ('13600','13','Río Viejo','2');
Insert into SALUDMP.VDIR_MUNICIPIO (COD_MUNICIPIO,COD_DEPARTAMENTO,DES_MUNICIPIO,COD_ESTADO) values ('13620','13','San Cristóbal','2');
Insert into SALUDMP.VDIR_MUNICIPIO (COD_MUNICIPIO,COD_DEPARTAMENTO,DES_MUNICIPIO,COD_ESTADO) values ('13647','13','San Estanislao','2');
Insert into SALUDMP.VDIR_MUNICIPIO (COD_MUNICIPIO,COD_DEPARTAMENTO,DES_MUNICIPIO,COD_ESTADO) values ('13650','13','San Fernando','2');
Insert into SALUDMP.VDIR_MUNICIPIO (COD_MUNICIPIO,COD_DEPARTAMENTO,DES_MUNICIPIO,COD_ESTADO) values ('13654','13','San Jacinto','2');
Insert into SALUDMP.VDIR_MUNICIPIO (COD_MUNICIPIO,COD_DEPARTAMENTO,DES_MUNICIPIO,COD_ESTADO) values ('13655','13','San Jacinto del Cauca','2');
Insert into SALUDMP.VDIR_MUNICIPIO (COD_MUNICIPIO,COD_DEPARTAMENTO,DES_MUNICIPIO,COD_ESTADO) values ('13657','13','San Juan Nepomuceno','2');
Insert into SALUDMP.VDIR_MUNICIPIO (COD_MUNICIPIO,COD_DEPARTAMENTO,DES_MUNICIPIO,COD_ESTADO) values ('13667','13','San Martín de Loba','2');
Insert into SALUDMP.VDIR_MUNICIPIO (COD_MUNICIPIO,COD_DEPARTAMENTO,DES_MUNICIPIO,COD_ESTADO) values ('13670','13','San Pablo de Borbur','2');
Insert into SALUDMP.VDIR_MUNICIPIO (COD_MUNICIPIO,COD_DEPARTAMENTO,DES_MUNICIPIO,COD_ESTADO) values ('13673','13','Santa Catalina','2');
Insert into SALUDMP.VDIR_MUNICIPIO (COD_MUNICIPIO,COD_DEPARTAMENTO,DES_MUNICIPIO,COD_ESTADO) values ('13683','13','Santa Rosa','2');
Insert into SALUDMP.VDIR_MUNICIPIO (COD_MUNICIPIO,COD_DEPARTAMENTO,DES_MUNICIPIO,COD_ESTADO) values ('13688','13','Santa Rosa del Sur','2');
Insert into SALUDMP.VDIR_MUNICIPIO (COD_MUNICIPIO,COD_DEPARTAMENTO,DES_MUNICIPIO,COD_ESTADO) values ('13744','13','Simití','2');
Insert into SALUDMP.VDIR_MUNICIPIO (COD_MUNICIPIO,COD_DEPARTAMENTO,DES_MUNICIPIO,COD_ESTADO) values ('13760','13','Soplaviento','2');
Insert into SALUDMP.VDIR_MUNICIPIO (COD_MUNICIPIO,COD_DEPARTAMENTO,DES_MUNICIPIO,COD_ESTADO) values ('13780','13','Talaigua Nuevo','2');
Insert into SALUDMP.VDIR_MUNICIPIO (COD_MUNICIPIO,COD_DEPARTAMENTO,DES_MUNICIPIO,COD_ESTADO) values ('13810','13','Tiquisio','2');
Insert into SALUDMP.VDIR_MUNICIPIO (COD_MUNICIPIO,COD_DEPARTAMENTO,DES_MUNICIPIO,COD_ESTADO) values ('13836','13','Turbaco','2');
Insert into SALUDMP.VDIR_MUNICIPIO (COD_MUNICIPIO,COD_DEPARTAMENTO,DES_MUNICIPIO,COD_ESTADO) values ('13838','13','Turbaná','2');
Insert into SALUDMP.VDIR_MUNICIPIO (COD_MUNICIPIO,COD_DEPARTAMENTO,DES_MUNICIPIO,COD_ESTADO) values ('13873','13','Villanueva','2');
Insert into SALUDMP.VDIR_MUNICIPIO (COD_MUNICIPIO,COD_DEPARTAMENTO,DES_MUNICIPIO,COD_ESTADO) values ('13894','13','Zambrano','2');
Insert into SALUDMP.VDIR_MUNICIPIO (COD_MUNICIPIO,COD_DEPARTAMENTO,DES_MUNICIPIO,COD_ESTADO) values ('15022','15','Almeida','2');
Insert into SALUDMP.VDIR_MUNICIPIO (COD_MUNICIPIO,COD_DEPARTAMENTO,DES_MUNICIPIO,COD_ESTADO) values ('15047','15','Aquitania','2');
Insert into SALUDMP.VDIR_MUNICIPIO (COD_MUNICIPIO,COD_DEPARTAMENTO,DES_MUNICIPIO,COD_ESTADO) values ('15051','15','Arcabuco','2');
Insert into SALUDMP.VDIR_MUNICIPIO (COD_MUNICIPIO,COD_DEPARTAMENTO,DES_MUNICIPIO,COD_ESTADO) values ('15087','15','Belén','2');
Insert into SALUDMP.VDIR_MUNICIPIO (COD_MUNICIPIO,COD_DEPARTAMENTO,DES_MUNICIPIO,COD_ESTADO) values ('15090','15','Berbeo','2');
Insert into SALUDMP.VDIR_MUNICIPIO (COD_MUNICIPIO,COD_DEPARTAMENTO,DES_MUNICIPIO,COD_ESTADO) values ('15092','15','Betéitiva','2');
Insert into SALUDMP.VDIR_MUNICIPIO (COD_MUNICIPIO,COD_DEPARTAMENTO,DES_MUNICIPIO,COD_ESTADO) values ('15097','15','Boavita','2');
Insert into SALUDMP.VDIR_MUNICIPIO (COD_MUNICIPIO,COD_DEPARTAMENTO,DES_MUNICIPIO,COD_ESTADO) values ('15104','15','Boyacá','2');
Insert into SALUDMP.VDIR_MUNICIPIO (COD_MUNICIPIO,COD_DEPARTAMENTO,DES_MUNICIPIO,COD_ESTADO) values ('15106','15','Briceño','2');
Insert into SALUDMP.VDIR_MUNICIPIO (COD_MUNICIPIO,COD_DEPARTAMENTO,DES_MUNICIPIO,COD_ESTADO) values ('15109','15','Buena Vista','2');
Insert into SALUDMP.VDIR_MUNICIPIO (COD_MUNICIPIO,COD_DEPARTAMENTO,DES_MUNICIPIO,COD_ESTADO) values ('15114','15','Busbanzá','2');
Insert into SALUDMP.VDIR_MUNICIPIO (COD_MUNICIPIO,COD_DEPARTAMENTO,DES_MUNICIPIO,COD_ESTADO) values ('15131','15','Caldas','2');
Insert into SALUDMP.VDIR_MUNICIPIO (COD_MUNICIPIO,COD_DEPARTAMENTO,DES_MUNICIPIO,COD_ESTADO) values ('15135','15','Campohermoso','2');
Insert into SALUDMP.VDIR_MUNICIPIO (COD_MUNICIPIO,COD_DEPARTAMENTO,DES_MUNICIPIO,COD_ESTADO) values ('15162','15','Cerinza','2');
Insert into SALUDMP.VDIR_MUNICIPIO (COD_MUNICIPIO,COD_DEPARTAMENTO,DES_MUNICIPIO,COD_ESTADO) values ('15172','15','Chinavita','2');
Insert into SALUDMP.VDIR_MUNICIPIO (COD_MUNICIPIO,COD_DEPARTAMENTO,DES_MUNICIPIO,COD_ESTADO) values ('15176','15','Chiquinquirá','2');
Insert into SALUDMP.VDIR_MUNICIPIO (COD_MUNICIPIO,COD_DEPARTAMENTO,DES_MUNICIPIO,COD_ESTADO) values ('15232','15','Chíquiza','2');
Insert into SALUDMP.VDIR_MUNICIPIO (COD_MUNICIPIO,COD_DEPARTAMENTO,DES_MUNICIPIO,COD_ESTADO) values ('15180','15','Chiscas','2');
Insert into SALUDMP.VDIR_MUNICIPIO (COD_MUNICIPIO,COD_DEPARTAMENTO,DES_MUNICIPIO,COD_ESTADO) values ('15183','15','Chita','2');
Insert into SALUDMP.VDIR_MUNICIPIO (COD_MUNICIPIO,COD_DEPARTAMENTO,DES_MUNICIPIO,COD_ESTADO) values ('15185','15','Chitaraque','2');
Insert into SALUDMP.VDIR_MUNICIPIO (COD_MUNICIPIO,COD_DEPARTAMENTO,DES_MUNICIPIO,COD_ESTADO) values ('15187','15','Chivatá','2');
Insert into SALUDMP.VDIR_MUNICIPIO (COD_MUNICIPIO,COD_DEPARTAMENTO,DES_MUNICIPIO,COD_ESTADO) values ('15236','15','Chivor','2');
Insert into SALUDMP.VDIR_MUNICIPIO (COD_MUNICIPIO,COD_DEPARTAMENTO,DES_MUNICIPIO,COD_ESTADO) values ('15189','15','Ciénega','2');
Insert into SALUDMP.VDIR_MUNICIPIO (COD_MUNICIPIO,COD_DEPARTAMENTO,DES_MUNICIPIO,COD_ESTADO) values ('15204','15','Cómbita','2');
Insert into SALUDMP.VDIR_MUNICIPIO (COD_MUNICIPIO,COD_DEPARTAMENTO,DES_MUNICIPIO,COD_ESTADO) values ('15212','15','Coper','2');
Insert into SALUDMP.VDIR_MUNICIPIO (COD_MUNICIPIO,COD_DEPARTAMENTO,DES_MUNICIPIO,COD_ESTADO) values ('15215','15','Corrales','2');
Insert into SALUDMP.VDIR_MUNICIPIO (COD_MUNICIPIO,COD_DEPARTAMENTO,DES_MUNICIPIO,COD_ESTADO) values ('15218','15','Covarachía','2');
Insert into SALUDMP.VDIR_MUNICIPIO (COD_MUNICIPIO,COD_DEPARTAMENTO,DES_MUNICIPIO,COD_ESTADO) values ('15223','15','Cubará','2');
Insert into SALUDMP.VDIR_MUNICIPIO (COD_MUNICIPIO,COD_DEPARTAMENTO,DES_MUNICIPIO,COD_ESTADO) values ('15224','15','Cucaita','2');
Insert into SALUDMP.VDIR_MUNICIPIO (COD_MUNICIPIO,COD_DEPARTAMENTO,DES_MUNICIPIO,COD_ESTADO) values ('15226','15','Cuítiva','2');
Insert into SALUDMP.VDIR_MUNICIPIO (COD_MUNICIPIO,COD_DEPARTAMENTO,DES_MUNICIPIO,COD_ESTADO) values ('15238','15','Duitama','2');
Insert into SALUDMP.VDIR_MUNICIPIO (COD_MUNICIPIO,COD_DEPARTAMENTO,DES_MUNICIPIO,COD_ESTADO) values ('15244','15','El Cocuy','2');
Insert into SALUDMP.VDIR_MUNICIPIO (COD_MUNICIPIO,COD_DEPARTAMENTO,DES_MUNICIPIO,COD_ESTADO) values ('15248','15','El Espino','2');
Insert into SALUDMP.VDIR_MUNICIPIO (COD_MUNICIPIO,COD_DEPARTAMENTO,DES_MUNICIPIO,COD_ESTADO) values ('15272','15','Firavitoba','2');
Insert into SALUDMP.VDIR_MUNICIPIO (COD_MUNICIPIO,COD_DEPARTAMENTO,DES_MUNICIPIO,COD_ESTADO) values ('15276','15','Floresta','2');
Insert into SALUDMP.VDIR_MUNICIPIO (COD_MUNICIPIO,COD_DEPARTAMENTO,DES_MUNICIPIO,COD_ESTADO) values ('15293','15','Gachantivá','2');
Insert into SALUDMP.VDIR_MUNICIPIO (COD_MUNICIPIO,COD_DEPARTAMENTO,DES_MUNICIPIO,COD_ESTADO) values ('15296','15','Gameza','2');
Insert into SALUDMP.VDIR_MUNICIPIO (COD_MUNICIPIO,COD_DEPARTAMENTO,DES_MUNICIPIO,COD_ESTADO) values ('15299','15','Garagoa','2');
Insert into SALUDMP.VDIR_MUNICIPIO (COD_MUNICIPIO,COD_DEPARTAMENTO,DES_MUNICIPIO,COD_ESTADO) values ('15317','15','Guacamayas','2');
Insert into SALUDMP.VDIR_MUNICIPIO (COD_MUNICIPIO,COD_DEPARTAMENTO,DES_MUNICIPIO,COD_ESTADO) values ('15322','15','Guateque','2');
Insert into SALUDMP.VDIR_MUNICIPIO (COD_MUNICIPIO,COD_DEPARTAMENTO,DES_MUNICIPIO,COD_ESTADO) values ('15325','15','Guayatá','2');
Insert into SALUDMP.VDIR_MUNICIPIO (COD_MUNICIPIO,COD_DEPARTAMENTO,DES_MUNICIPIO,COD_ESTADO) values ('15332','15','Güicán','2');
Insert into SALUDMP.VDIR_MUNICIPIO (COD_MUNICIPIO,COD_DEPARTAMENTO,DES_MUNICIPIO,COD_ESTADO) values ('15362','15','Iza','2');
Insert into SALUDMP.VDIR_MUNICIPIO (COD_MUNICIPIO,COD_DEPARTAMENTO,DES_MUNICIPIO,COD_ESTADO) values ('15367','15','Jenesano','2');
Insert into SALUDMP.VDIR_MUNICIPIO (COD_MUNICIPIO,COD_DEPARTAMENTO,DES_MUNICIPIO,COD_ESTADO) values ('15368','15','Jericó','2');
Insert into SALUDMP.VDIR_MUNICIPIO (COD_MUNICIPIO,COD_DEPARTAMENTO,DES_MUNICIPIO,COD_ESTADO) values ('15380','15','La Capilla','2');
Insert into SALUDMP.VDIR_MUNICIPIO (COD_MUNICIPIO,COD_DEPARTAMENTO,DES_MUNICIPIO,COD_ESTADO) values ('15403','15','La Uvita','2');
Insert into SALUDMP.VDIR_MUNICIPIO (COD_MUNICIPIO,COD_DEPARTAMENTO,DES_MUNICIPIO,COD_ESTADO) values ('15401','15','La Victoria','2');
Insert into SALUDMP.VDIR_MUNICIPIO (COD_MUNICIPIO,COD_DEPARTAMENTO,DES_MUNICIPIO,COD_ESTADO) values ('15377','15','Labranzagrande','2');
Insert into SALUDMP.VDIR_MUNICIPIO (COD_MUNICIPIO,COD_DEPARTAMENTO,DES_MUNICIPIO,COD_ESTADO) values ('15425','15','Macanal','2');
Insert into SALUDMP.VDIR_MUNICIPIO (COD_MUNICIPIO,COD_DEPARTAMENTO,DES_MUNICIPIO,COD_ESTADO) values ('15442','15','Maripí','2');
Insert into SALUDMP.VDIR_MUNICIPIO (COD_MUNICIPIO,COD_DEPARTAMENTO,DES_MUNICIPIO,COD_ESTADO) values ('15455','15','Miraflores','2');
Insert into SALUDMP.VDIR_MUNICIPIO (COD_MUNICIPIO,COD_DEPARTAMENTO,DES_MUNICIPIO,COD_ESTADO) values ('15464','15','Mongua','2');
Insert into SALUDMP.VDIR_MUNICIPIO (COD_MUNICIPIO,COD_DEPARTAMENTO,DES_MUNICIPIO,COD_ESTADO) values ('15466','15','Monguí','2');
Insert into SALUDMP.VDIR_MUNICIPIO (COD_MUNICIPIO,COD_DEPARTAMENTO,DES_MUNICIPIO,COD_ESTADO) values ('15469','15','Moniquirá','2');
Insert into SALUDMP.VDIR_MUNICIPIO (COD_MUNICIPIO,COD_DEPARTAMENTO,DES_MUNICIPIO,COD_ESTADO) values ('15476','15','Motavita','2');
Insert into SALUDMP.VDIR_MUNICIPIO (COD_MUNICIPIO,COD_DEPARTAMENTO,DES_MUNICIPIO,COD_ESTADO) values ('15480','15','Muzo','2');
Insert into SALUDMP.VDIR_MUNICIPIO (COD_MUNICIPIO,COD_DEPARTAMENTO,DES_MUNICIPIO,COD_ESTADO) values ('15491','15','Nobsa','2');
Insert into SALUDMP.VDIR_MUNICIPIO (COD_MUNICIPIO,COD_DEPARTAMENTO,DES_MUNICIPIO,COD_ESTADO) values ('15494','15','Nuevo Colón','2');
Insert into SALUDMP.VDIR_MUNICIPIO (COD_MUNICIPIO,COD_DEPARTAMENTO,DES_MUNICIPIO,COD_ESTADO) values ('15500','15','Oicatá','2');
Insert into SALUDMP.VDIR_MUNICIPIO (COD_MUNICIPIO,COD_DEPARTAMENTO,DES_MUNICIPIO,COD_ESTADO) values ('15507','15','Otanche','2');
Insert into SALUDMP.VDIR_MUNICIPIO (COD_MUNICIPIO,COD_DEPARTAMENTO,DES_MUNICIPIO,COD_ESTADO) values ('15511','15','Pachavita','2');
Insert into SALUDMP.VDIR_MUNICIPIO (COD_MUNICIPIO,COD_DEPARTAMENTO,DES_MUNICIPIO,COD_ESTADO) values ('15514','15','Páez','2');
Insert into SALUDMP.VDIR_MUNICIPIO (COD_MUNICIPIO,COD_DEPARTAMENTO,DES_MUNICIPIO,COD_ESTADO) values ('15516','15','Paipa','2');
Insert into SALUDMP.VDIR_MUNICIPIO (COD_MUNICIPIO,COD_DEPARTAMENTO,DES_MUNICIPIO,COD_ESTADO) values ('15518','15','Pajarito','2');
Insert into SALUDMP.VDIR_MUNICIPIO (COD_MUNICIPIO,COD_DEPARTAMENTO,DES_MUNICIPIO,COD_ESTADO) values ('15522','15','Panqueba','2');
Insert into SALUDMP.VDIR_MUNICIPIO (COD_MUNICIPIO,COD_DEPARTAMENTO,DES_MUNICIPIO,COD_ESTADO) values ('15531','15','Pauna','2');
Insert into SALUDMP.VDIR_MUNICIPIO (COD_MUNICIPIO,COD_DEPARTAMENTO,DES_MUNICIPIO,COD_ESTADO) values ('15533','15','Paya','2');
Insert into SALUDMP.VDIR_MUNICIPIO (COD_MUNICIPIO,COD_DEPARTAMENTO,DES_MUNICIPIO,COD_ESTADO) values ('15537','15','Paz de Río','2');
Insert into SALUDMP.VDIR_MUNICIPIO (COD_MUNICIPIO,COD_DEPARTAMENTO,DES_MUNICIPIO,COD_ESTADO) values ('15542','15','Pesca','2');
Insert into SALUDMP.VDIR_MUNICIPIO (COD_MUNICIPIO,COD_DEPARTAMENTO,DES_MUNICIPIO,COD_ESTADO) values ('15550','15','Pisba','2');
Insert into SALUDMP.VDIR_MUNICIPIO (COD_MUNICIPIO,COD_DEPARTAMENTO,DES_MUNICIPIO,COD_ESTADO) values ('15572','15','Puerto Boyacá','2');
Insert into SALUDMP.VDIR_MUNICIPIO (COD_MUNICIPIO,COD_DEPARTAMENTO,DES_MUNICIPIO,COD_ESTADO) values ('15580','15','Quípama','2');
Insert into SALUDMP.VDIR_MUNICIPIO (COD_MUNICIPIO,COD_DEPARTAMENTO,DES_MUNICIPIO,COD_ESTADO) values ('15599','15','Ramiriquí','2');
Insert into SALUDMP.VDIR_MUNICIPIO (COD_MUNICIPIO,COD_DEPARTAMENTO,DES_MUNICIPIO,COD_ESTADO) values ('15600','15','Ráquira','2');
Insert into SALUDMP.VDIR_MUNICIPIO (COD_MUNICIPIO,COD_DEPARTAMENTO,DES_MUNICIPIO,COD_ESTADO) values ('15621','15','Rondón','2');
Insert into SALUDMP.VDIR_MUNICIPIO (COD_MUNICIPIO,COD_DEPARTAMENTO,DES_MUNICIPIO,COD_ESTADO) values ('15632','15','Saboyá','2');
Insert into SALUDMP.VDIR_MUNICIPIO (COD_MUNICIPIO,COD_DEPARTAMENTO,DES_MUNICIPIO,COD_ESTADO) values ('15638','15','Sáchica','2');
Insert into SALUDMP.VDIR_MUNICIPIO (COD_MUNICIPIO,COD_DEPARTAMENTO,DES_MUNICIPIO,COD_ESTADO) values ('15646','15','Samacá','2');
Insert into SALUDMP.VDIR_MUNICIPIO (COD_MUNICIPIO,COD_DEPARTAMENTO,DES_MUNICIPIO,COD_ESTADO) values ('15660','15','San Eduardo','2');
Insert into SALUDMP.VDIR_MUNICIPIO (COD_MUNICIPIO,COD_DEPARTAMENTO,DES_MUNICIPIO,COD_ESTADO) values ('15664','15','San José de Pare','2');
Insert into SALUDMP.VDIR_MUNICIPIO (COD_MUNICIPIO,COD_DEPARTAMENTO,DES_MUNICIPIO,COD_ESTADO) values ('15667','15','San Luis de Gaceno','2');
Insert into SALUDMP.VDIR_MUNICIPIO (COD_MUNICIPIO,COD_DEPARTAMENTO,DES_MUNICIPIO,COD_ESTADO) values ('15673','15','San Mateo','2');
Insert into SALUDMP.VDIR_MUNICIPIO (COD_MUNICIPIO,COD_DEPARTAMENTO,DES_MUNICIPIO,COD_ESTADO) values ('15676','15','San Miguel de Sema','2');
Insert into SALUDMP.VDIR_MUNICIPIO (COD_MUNICIPIO,COD_DEPARTAMENTO,DES_MUNICIPIO,COD_ESTADO) values ('15681','15','San Pablo de Borbur','2');
Insert into SALUDMP.VDIR_MUNICIPIO (COD_MUNICIPIO,COD_DEPARTAMENTO,DES_MUNICIPIO,COD_ESTADO) values ('15757','15','Socha','2');
Insert into SALUDMP.VDIR_MUNICIPIO (COD_MUNICIPIO,COD_DEPARTAMENTO,DES_MUNICIPIO,COD_ESTADO) values ('15690','15','Santa María','2');
Insert into SALUDMP.VDIR_MUNICIPIO (COD_MUNICIPIO,COD_DEPARTAMENTO,DES_MUNICIPIO,COD_ESTADO) values ('15693','15','Santa Rosa de Viterbo','2');
Insert into SALUDMP.VDIR_MUNICIPIO (COD_MUNICIPIO,COD_DEPARTAMENTO,DES_MUNICIPIO,COD_ESTADO) values ('15696','15','Santa Sofía','2');
Insert into SALUDMP.VDIR_MUNICIPIO (COD_MUNICIPIO,COD_DEPARTAMENTO,DES_MUNICIPIO,COD_ESTADO) values ('15686','15','Santana','2');
Insert into SALUDMP.VDIR_MUNICIPIO (COD_MUNICIPIO,COD_DEPARTAMENTO,DES_MUNICIPIO,COD_ESTADO) values ('15720','15','Sativanorte','2');
Insert into SALUDMP.VDIR_MUNICIPIO (COD_MUNICIPIO,COD_DEPARTAMENTO,DES_MUNICIPIO,COD_ESTADO) values ('15723','15','Sativasur','2');
Insert into SALUDMP.VDIR_MUNICIPIO (COD_MUNICIPIO,COD_DEPARTAMENTO,DES_MUNICIPIO,COD_ESTADO) values ('15740','15','Siachoque','2');
Insert into SALUDMP.VDIR_MUNICIPIO (COD_MUNICIPIO,COD_DEPARTAMENTO,DES_MUNICIPIO,COD_ESTADO) values ('15753','15','Soatá','2');
Insert into SALUDMP.VDIR_MUNICIPIO (COD_MUNICIPIO,COD_DEPARTAMENTO,DES_MUNICIPIO,COD_ESTADO) values ('15755','15','Socotá','2');
Insert into SALUDMP.VDIR_MUNICIPIO (COD_MUNICIPIO,COD_DEPARTAMENTO,DES_MUNICIPIO,COD_ESTADO) values ('15759','15','Sogamoso','2');
Insert into SALUDMP.VDIR_MUNICIPIO (COD_MUNICIPIO,COD_DEPARTAMENTO,DES_MUNICIPIO,COD_ESTADO) values ('15761','15','Somondoco','2');
Insert into SALUDMP.VDIR_MUNICIPIO (COD_MUNICIPIO,COD_DEPARTAMENTO,DES_MUNICIPIO,COD_ESTADO) values ('15762','15','Sora','2');
Insert into SALUDMP.VDIR_MUNICIPIO (COD_MUNICIPIO,COD_DEPARTAMENTO,DES_MUNICIPIO,COD_ESTADO) values ('15764','15','Soracá','2');
Insert into SALUDMP.VDIR_MUNICIPIO (COD_MUNICIPIO,COD_DEPARTAMENTO,DES_MUNICIPIO,COD_ESTADO) values ('15763','15','Sotaquirá','2');
Insert into SALUDMP.VDIR_MUNICIPIO (COD_MUNICIPIO,COD_DEPARTAMENTO,DES_MUNICIPIO,COD_ESTADO) values ('15774','15','Susacón','2');
Insert into SALUDMP.VDIR_MUNICIPIO (COD_MUNICIPIO,COD_DEPARTAMENTO,DES_MUNICIPIO,COD_ESTADO) values ('15776','15','Sutamarchán','2');
Insert into SALUDMP.VDIR_MUNICIPIO (COD_MUNICIPIO,COD_DEPARTAMENTO,DES_MUNICIPIO,COD_ESTADO) values ('15778','15','Sutatenza','2');
Insert into SALUDMP.VDIR_MUNICIPIO (COD_MUNICIPIO,COD_DEPARTAMENTO,DES_MUNICIPIO,COD_ESTADO) values ('15790','15','Tasco','2');
Insert into SALUDMP.VDIR_MUNICIPIO (COD_MUNICIPIO,COD_DEPARTAMENTO,DES_MUNICIPIO,COD_ESTADO) values ('15798','15','Tenza','2');
Insert into SALUDMP.VDIR_MUNICIPIO (COD_MUNICIPIO,COD_DEPARTAMENTO,DES_MUNICIPIO,COD_ESTADO) values ('15804','15','Tibaná','2');
Insert into SALUDMP.VDIR_MUNICIPIO (COD_MUNICIPIO,COD_DEPARTAMENTO,DES_MUNICIPIO,COD_ESTADO) values ('15806','15','Tibasosa','2');
Insert into SALUDMP.VDIR_MUNICIPIO (COD_MUNICIPIO,COD_DEPARTAMENTO,DES_MUNICIPIO,COD_ESTADO) values ('15808','15','Tinjacá','2');
Insert into SALUDMP.VDIR_MUNICIPIO (COD_MUNICIPIO,COD_DEPARTAMENTO,DES_MUNICIPIO,COD_ESTADO) values ('15810','15','Tipacoque','2');
Insert into SALUDMP.VDIR_MUNICIPIO (COD_MUNICIPIO,COD_DEPARTAMENTO,DES_MUNICIPIO,COD_ESTADO) values ('15814','15','Toca','2');
Insert into SALUDMP.VDIR_MUNICIPIO (COD_MUNICIPIO,COD_DEPARTAMENTO,DES_MUNICIPIO,COD_ESTADO) values ('15816','15','Togüí','2');
Insert into SALUDMP.VDIR_MUNICIPIO (COD_MUNICIPIO,COD_DEPARTAMENTO,DES_MUNICIPIO,COD_ESTADO) values ('15820','15','Tópaga','2');
Insert into SALUDMP.VDIR_MUNICIPIO (COD_MUNICIPIO,COD_DEPARTAMENTO,DES_MUNICIPIO,COD_ESTADO) values ('15822','15','Tota','2');
Insert into SALUDMP.VDIR_MUNICIPIO (COD_MUNICIPIO,COD_DEPARTAMENTO,DES_MUNICIPIO,COD_ESTADO) values ('15001','15','Tunja','2');
Insert into SALUDMP.VDIR_MUNICIPIO (COD_MUNICIPIO,COD_DEPARTAMENTO,DES_MUNICIPIO,COD_ESTADO) values ('15832','15','Tununguá','2');
Insert into SALUDMP.VDIR_MUNICIPIO (COD_MUNICIPIO,COD_DEPARTAMENTO,DES_MUNICIPIO,COD_ESTADO) values ('15835','15','Turmequé','2');
Insert into SALUDMP.VDIR_MUNICIPIO (COD_MUNICIPIO,COD_DEPARTAMENTO,DES_MUNICIPIO,COD_ESTADO) values ('15837','15','Tuta','2');
Insert into SALUDMP.VDIR_MUNICIPIO (COD_MUNICIPIO,COD_DEPARTAMENTO,DES_MUNICIPIO,COD_ESTADO) values ('15839','15','Tutazá','2');
Insert into SALUDMP.VDIR_MUNICIPIO (COD_MUNICIPIO,COD_DEPARTAMENTO,DES_MUNICIPIO,COD_ESTADO) values ('15842','15','Umbita','2');
Insert into SALUDMP.VDIR_MUNICIPIO (COD_MUNICIPIO,COD_DEPARTAMENTO,DES_MUNICIPIO,COD_ESTADO) values ('15861','15','Ventaquemada','2');
Insert into SALUDMP.VDIR_MUNICIPIO (COD_MUNICIPIO,COD_DEPARTAMENTO,DES_MUNICIPIO,COD_ESTADO) values ('15407','15','Villa de Leyva','2');
Insert into SALUDMP.VDIR_MUNICIPIO (COD_MUNICIPIO,COD_DEPARTAMENTO,DES_MUNICIPIO,COD_ESTADO) values ('15879','15','Viracachá','2');
Insert into SALUDMP.VDIR_MUNICIPIO (COD_MUNICIPIO,COD_DEPARTAMENTO,DES_MUNICIPIO,COD_ESTADO) values ('15897','15','Zetaquira','2');
Insert into SALUDMP.VDIR_MUNICIPIO (COD_MUNICIPIO,COD_DEPARTAMENTO,DES_MUNICIPIO,COD_ESTADO) values ('17013','17','Aguadas','2');
Insert into SALUDMP.VDIR_MUNICIPIO (COD_MUNICIPIO,COD_DEPARTAMENTO,DES_MUNICIPIO,COD_ESTADO) values ('17042','17','Anserma','2');
Insert into SALUDMP.VDIR_MUNICIPIO (COD_MUNICIPIO,COD_DEPARTAMENTO,DES_MUNICIPIO,COD_ESTADO) values ('17050','17','Aranzazu','2');
Insert into SALUDMP.VDIR_MUNICIPIO (COD_MUNICIPIO,COD_DEPARTAMENTO,DES_MUNICIPIO,COD_ESTADO) values ('17088','17','Belalcázar','2');
Insert into SALUDMP.VDIR_MUNICIPIO (COD_MUNICIPIO,COD_DEPARTAMENTO,DES_MUNICIPIO,COD_ESTADO) values ('17174','17','Chinchiná','2');
Insert into SALUDMP.VDIR_MUNICIPIO (COD_MUNICIPIO,COD_DEPARTAMENTO,DES_MUNICIPIO,COD_ESTADO) values ('17272','17','Filadelfia','2');
Insert into SALUDMP.VDIR_MUNICIPIO (COD_MUNICIPIO,COD_DEPARTAMENTO,DES_MUNICIPIO,COD_ESTADO) values ('17380','17','La Dorada','2');
Insert into SALUDMP.VDIR_MUNICIPIO (COD_MUNICIPIO,COD_DEPARTAMENTO,DES_MUNICIPIO,COD_ESTADO) values ('17388','17','La Merced','2');
Insert into SALUDMP.VDIR_MUNICIPIO (COD_MUNICIPIO,COD_DEPARTAMENTO,DES_MUNICIPIO,COD_ESTADO) values ('17001','17','Manizales','2');
Insert into SALUDMP.VDIR_MUNICIPIO (COD_MUNICIPIO,COD_DEPARTAMENTO,DES_MUNICIPIO,COD_ESTADO) values ('17433','17','Manzanares','2');
Insert into SALUDMP.VDIR_MUNICIPIO (COD_MUNICIPIO,COD_DEPARTAMENTO,DES_MUNICIPIO,COD_ESTADO) values ('17442','17','Marmato','2');
Insert into SALUDMP.VDIR_MUNICIPIO (COD_MUNICIPIO,COD_DEPARTAMENTO,DES_MUNICIPIO,COD_ESTADO) values ('17444','17','Marquetalia','2');
Insert into SALUDMP.VDIR_MUNICIPIO (COD_MUNICIPIO,COD_DEPARTAMENTO,DES_MUNICIPIO,COD_ESTADO) values ('17446','17','Marulanda','2');
Insert into SALUDMP.VDIR_MUNICIPIO (COD_MUNICIPIO,COD_DEPARTAMENTO,DES_MUNICIPIO,COD_ESTADO) values ('17486','17','Neira','2');
Insert into SALUDMP.VDIR_MUNICIPIO (COD_MUNICIPIO,COD_DEPARTAMENTO,DES_MUNICIPIO,COD_ESTADO) values ('17495','17','Norcasia','2');
Insert into SALUDMP.VDIR_MUNICIPIO (COD_MUNICIPIO,COD_DEPARTAMENTO,DES_MUNICIPIO,COD_ESTADO) values ('17513','17','Pácora','2');
Insert into SALUDMP.VDIR_MUNICIPIO (COD_MUNICIPIO,COD_DEPARTAMENTO,DES_MUNICIPIO,COD_ESTADO) values ('17524','17','Palestina','2');
Insert into SALUDMP.VDIR_MUNICIPIO (COD_MUNICIPIO,COD_DEPARTAMENTO,DES_MUNICIPIO,COD_ESTADO) values ('17541','17','Pensilvania','2');
Insert into SALUDMP.VDIR_MUNICIPIO (COD_MUNICIPIO,COD_DEPARTAMENTO,DES_MUNICIPIO,COD_ESTADO) values ('17614','17','Riosucio','2');
Insert into SALUDMP.VDIR_MUNICIPIO (COD_MUNICIPIO,COD_DEPARTAMENTO,DES_MUNICIPIO,COD_ESTADO) values ('17616','17','Risaralda','2');
Insert into SALUDMP.VDIR_MUNICIPIO (COD_MUNICIPIO,COD_DEPARTAMENTO,DES_MUNICIPIO,COD_ESTADO) values ('17653','17','Salamina','2');
Insert into SALUDMP.VDIR_MUNICIPIO (COD_MUNICIPIO,COD_DEPARTAMENTO,DES_MUNICIPIO,COD_ESTADO) values ('17662','17','Samaná','2');
Insert into SALUDMP.VDIR_MUNICIPIO (COD_MUNICIPIO,COD_DEPARTAMENTO,DES_MUNICIPIO,COD_ESTADO) values ('17665','17','San José','2');
Insert into SALUDMP.VDIR_MUNICIPIO (COD_MUNICIPIO,COD_DEPARTAMENTO,DES_MUNICIPIO,COD_ESTADO) values ('17777','17','Supía','2');
Insert into SALUDMP.VDIR_MUNICIPIO (COD_MUNICIPIO,COD_DEPARTAMENTO,DES_MUNICIPIO,COD_ESTADO) values ('17867','17','Victoria','2');
Insert into SALUDMP.VDIR_MUNICIPIO (COD_MUNICIPIO,COD_DEPARTAMENTO,DES_MUNICIPIO,COD_ESTADO) values ('17873','17','Villamaría','2');
Insert into SALUDMP.VDIR_MUNICIPIO (COD_MUNICIPIO,COD_DEPARTAMENTO,DES_MUNICIPIO,COD_ESTADO) values ('17877','17','Viterbo','2');
Insert into SALUDMP.VDIR_MUNICIPIO (COD_MUNICIPIO,COD_DEPARTAMENTO,DES_MUNICIPIO,COD_ESTADO) values ('18029','18','Albania','2');
Insert into SALUDMP.VDIR_MUNICIPIO (COD_MUNICIPIO,COD_DEPARTAMENTO,DES_MUNICIPIO,COD_ESTADO) values ('18094','18','Belén de Los Andaquies','2');
Insert into SALUDMP.VDIR_MUNICIPIO (COD_MUNICIPIO,COD_DEPARTAMENTO,DES_MUNICIPIO,COD_ESTADO) values ('18150','18','Cartagena del Chairá','2');
Insert into SALUDMP.VDIR_MUNICIPIO (COD_MUNICIPIO,COD_DEPARTAMENTO,DES_MUNICIPIO,COD_ESTADO) values ('18205','18','Curillo','2');
Insert into SALUDMP.VDIR_MUNICIPIO (COD_MUNICIPIO,COD_DEPARTAMENTO,DES_MUNICIPIO,COD_ESTADO) values ('18247','18','El Doncello','2');
Insert into SALUDMP.VDIR_MUNICIPIO (COD_MUNICIPIO,COD_DEPARTAMENTO,DES_MUNICIPIO,COD_ESTADO) values ('18256','18','El Paujil','2');
Insert into SALUDMP.VDIR_MUNICIPIO (COD_MUNICIPIO,COD_DEPARTAMENTO,DES_MUNICIPIO,COD_ESTADO) values ('18001','18','Florencia','2');
Insert into SALUDMP.VDIR_MUNICIPIO (COD_MUNICIPIO,COD_DEPARTAMENTO,DES_MUNICIPIO,COD_ESTADO) values ('18410','18','La Montañita','2');
Insert into SALUDMP.VDIR_MUNICIPIO (COD_MUNICIPIO,COD_DEPARTAMENTO,DES_MUNICIPIO,COD_ESTADO) values ('18460','18','Milán','2');
Insert into SALUDMP.VDIR_MUNICIPIO (COD_MUNICIPIO,COD_DEPARTAMENTO,DES_MUNICIPIO,COD_ESTADO) values ('18479','18','Morelia','2');
Insert into SALUDMP.VDIR_MUNICIPIO (COD_MUNICIPIO,COD_DEPARTAMENTO,DES_MUNICIPIO,COD_ESTADO) values ('18592','18','Puerto Rico','2');
Insert into SALUDMP.VDIR_MUNICIPIO (COD_MUNICIPIO,COD_DEPARTAMENTO,DES_MUNICIPIO,COD_ESTADO) values ('18610','18','San José del Fragua','2');
Insert into SALUDMP.VDIR_MUNICIPIO (COD_MUNICIPIO,COD_DEPARTAMENTO,DES_MUNICIPIO,COD_ESTADO) values ('18753','18','San Vicente del Caguán','2');
Insert into SALUDMP.VDIR_MUNICIPIO (COD_MUNICIPIO,COD_DEPARTAMENTO,DES_MUNICIPIO,COD_ESTADO) values ('18756','18','Solano','2');
Insert into SALUDMP.VDIR_MUNICIPIO (COD_MUNICIPIO,COD_DEPARTAMENTO,DES_MUNICIPIO,COD_ESTADO) values ('18785','18','Solita','2');
Insert into SALUDMP.VDIR_MUNICIPIO (COD_MUNICIPIO,COD_DEPARTAMENTO,DES_MUNICIPIO,COD_ESTADO) values ('18860','18','Valparaíso','2');
Insert into SALUDMP.VDIR_MUNICIPIO (COD_MUNICIPIO,COD_DEPARTAMENTO,DES_MUNICIPIO,COD_ESTADO) values ('19022','19','Almaguer','2');
Insert into SALUDMP.VDIR_MUNICIPIO (COD_MUNICIPIO,COD_DEPARTAMENTO,DES_MUNICIPIO,COD_ESTADO) values ('19050','19','Argelia','2');
Insert into SALUDMP.VDIR_MUNICIPIO (COD_MUNICIPIO,COD_DEPARTAMENTO,DES_MUNICIPIO,COD_ESTADO) values ('19075','19','Balboa','2');
Insert into SALUDMP.VDIR_MUNICIPIO (COD_MUNICIPIO,COD_DEPARTAMENTO,DES_MUNICIPIO,COD_ESTADO) values ('19100','19','Bolívar','2');
Insert into SALUDMP.VDIR_MUNICIPIO (COD_MUNICIPIO,COD_DEPARTAMENTO,DES_MUNICIPIO,COD_ESTADO) values ('19110','19','Buenos Aires','2');
Insert into SALUDMP.VDIR_MUNICIPIO (COD_MUNICIPIO,COD_DEPARTAMENTO,DES_MUNICIPIO,COD_ESTADO) values ('19130','19','Cajibío','2');
Insert into SALUDMP.VDIR_MUNICIPIO (COD_MUNICIPIO,COD_DEPARTAMENTO,DES_MUNICIPIO,COD_ESTADO) values ('19137','19','Caldono','2');
Insert into SALUDMP.VDIR_MUNICIPIO (COD_MUNICIPIO,COD_DEPARTAMENTO,DES_MUNICIPIO,COD_ESTADO) values ('19142','19','Caloto','2');
Insert into SALUDMP.VDIR_MUNICIPIO (COD_MUNICIPIO,COD_DEPARTAMENTO,DES_MUNICIPIO,COD_ESTADO) values ('19212','19','Corinto','2');
Insert into SALUDMP.VDIR_MUNICIPIO (COD_MUNICIPIO,COD_DEPARTAMENTO,DES_MUNICIPIO,COD_ESTADO) values ('19256','19','El Tambo','2');
Insert into SALUDMP.VDIR_MUNICIPIO (COD_MUNICIPIO,COD_DEPARTAMENTO,DES_MUNICIPIO,COD_ESTADO) values ('19290','19','Florencia','2');
Insert into SALUDMP.VDIR_MUNICIPIO (COD_MUNICIPIO,COD_DEPARTAMENTO,DES_MUNICIPIO,COD_ESTADO) values ('19300','19','Guachené','2');
Insert into SALUDMP.VDIR_MUNICIPIO (COD_MUNICIPIO,COD_DEPARTAMENTO,DES_MUNICIPIO,COD_ESTADO) values ('19318','19','Guapi','2');
Insert into SALUDMP.VDIR_MUNICIPIO (COD_MUNICIPIO,COD_DEPARTAMENTO,DES_MUNICIPIO,COD_ESTADO) values ('19355','19','Inzá','2');
Insert into SALUDMP.VDIR_MUNICIPIO (COD_MUNICIPIO,COD_DEPARTAMENTO,DES_MUNICIPIO,COD_ESTADO) values ('19364','19','Jambaló','2');
Insert into SALUDMP.VDIR_MUNICIPIO (COD_MUNICIPIO,COD_DEPARTAMENTO,DES_MUNICIPIO,COD_ESTADO) values ('19392','19','La Sierra','2');
Insert into SALUDMP.VDIR_MUNICIPIO (COD_MUNICIPIO,COD_DEPARTAMENTO,DES_MUNICIPIO,COD_ESTADO) values ('19397','19','La Vega','2');
Insert into SALUDMP.VDIR_MUNICIPIO (COD_MUNICIPIO,COD_DEPARTAMENTO,DES_MUNICIPIO,COD_ESTADO) values ('19418','19','López','2');
Insert into SALUDMP.VDIR_MUNICIPIO (COD_MUNICIPIO,COD_DEPARTAMENTO,DES_MUNICIPIO,COD_ESTADO) values ('19450','19','Mercaderes','2');
Insert into SALUDMP.VDIR_MUNICIPIO (COD_MUNICIPIO,COD_DEPARTAMENTO,DES_MUNICIPIO,COD_ESTADO) values ('19455','19','Miranda','2');
Insert into SALUDMP.VDIR_MUNICIPIO (COD_MUNICIPIO,COD_DEPARTAMENTO,DES_MUNICIPIO,COD_ESTADO) values ('19473','19','Morales','2');
Insert into SALUDMP.VDIR_MUNICIPIO (COD_MUNICIPIO,COD_DEPARTAMENTO,DES_MUNICIPIO,COD_ESTADO) values ('19513','19','Padilla','2');
Insert into SALUDMP.VDIR_MUNICIPIO (COD_MUNICIPIO,COD_DEPARTAMENTO,DES_MUNICIPIO,COD_ESTADO) values ('19517','19','Páez','2');
Insert into SALUDMP.VDIR_MUNICIPIO (COD_MUNICIPIO,COD_DEPARTAMENTO,DES_MUNICIPIO,COD_ESTADO) values ('19532','19','Patía','2');
Insert into SALUDMP.VDIR_MUNICIPIO (COD_MUNICIPIO,COD_DEPARTAMENTO,DES_MUNICIPIO,COD_ESTADO) values ('19533','19','Piamonte','2');
Insert into SALUDMP.VDIR_MUNICIPIO (COD_MUNICIPIO,COD_DEPARTAMENTO,DES_MUNICIPIO,COD_ESTADO) values ('19548','19','Piendamó','2');
Insert into SALUDMP.VDIR_MUNICIPIO (COD_MUNICIPIO,COD_DEPARTAMENTO,DES_MUNICIPIO,COD_ESTADO) values ('19001','19','Popayán','2');
Insert into SALUDMP.VDIR_MUNICIPIO (COD_MUNICIPIO,COD_DEPARTAMENTO,DES_MUNICIPIO,COD_ESTADO) values ('19573','19','Puerto Tejada','2');
Insert into SALUDMP.VDIR_MUNICIPIO (COD_MUNICIPIO,COD_DEPARTAMENTO,DES_MUNICIPIO,COD_ESTADO) values ('19585','19','Puracé','2');
Insert into SALUDMP.VDIR_MUNICIPIO (COD_MUNICIPIO,COD_DEPARTAMENTO,DES_MUNICIPIO,COD_ESTADO) values ('19622','19','Rosas','2');
Insert into SALUDMP.VDIR_MUNICIPIO (COD_MUNICIPIO,COD_DEPARTAMENTO,DES_MUNICIPIO,COD_ESTADO) values ('19693','19','San Sebastián','2');
Insert into SALUDMP.VDIR_MUNICIPIO (COD_MUNICIPIO,COD_DEPARTAMENTO,DES_MUNICIPIO,COD_ESTADO) values ('19701','19','Santa Rosa','2');
Insert into SALUDMP.VDIR_MUNICIPIO (COD_MUNICIPIO,COD_DEPARTAMENTO,DES_MUNICIPIO,COD_ESTADO) values ('19698','19','Santander de Quilichao','2');
Insert into SALUDMP.VDIR_MUNICIPIO (COD_MUNICIPIO,COD_DEPARTAMENTO,DES_MUNICIPIO,COD_ESTADO) values ('19743','19','Silvia','2');
Insert into SALUDMP.VDIR_MUNICIPIO (COD_MUNICIPIO,COD_DEPARTAMENTO,DES_MUNICIPIO,COD_ESTADO) values ('19760','19','Sotara','2');
Insert into SALUDMP.VDIR_MUNICIPIO (COD_MUNICIPIO,COD_DEPARTAMENTO,DES_MUNICIPIO,COD_ESTADO) values ('19780','19','Suárez','2');
Insert into SALUDMP.VDIR_MUNICIPIO (COD_MUNICIPIO,COD_DEPARTAMENTO,DES_MUNICIPIO,COD_ESTADO) values ('19785','19','Sucre','2');
Insert into SALUDMP.VDIR_MUNICIPIO (COD_MUNICIPIO,COD_DEPARTAMENTO,DES_MUNICIPIO,COD_ESTADO) values ('19807','19','Timbío','2');
Insert into SALUDMP.VDIR_MUNICIPIO (COD_MUNICIPIO,COD_DEPARTAMENTO,DES_MUNICIPIO,COD_ESTADO) values ('19809','19','Timbiquí','2');
Insert into SALUDMP.VDIR_MUNICIPIO (COD_MUNICIPIO,COD_DEPARTAMENTO,DES_MUNICIPIO,COD_ESTADO) values ('19821','19','Toribio','2');
Insert into SALUDMP.VDIR_MUNICIPIO (COD_MUNICIPIO,COD_DEPARTAMENTO,DES_MUNICIPIO,COD_ESTADO) values ('19824','19','Totoró','2');
Insert into SALUDMP.VDIR_MUNICIPIO (COD_MUNICIPIO,COD_DEPARTAMENTO,DES_MUNICIPIO,COD_ESTADO) values ('19845','19','Villa Rica','2');
Insert into SALUDMP.VDIR_MUNICIPIO (COD_MUNICIPIO,COD_DEPARTAMENTO,DES_MUNICIPIO,COD_ESTADO) values ('20011','20','Aguachica','2');
Insert into SALUDMP.VDIR_MUNICIPIO (COD_MUNICIPIO,COD_DEPARTAMENTO,DES_MUNICIPIO,COD_ESTADO) values ('20013','20','Agustín Codazzi','2');
Insert into SALUDMP.VDIR_MUNICIPIO (COD_MUNICIPIO,COD_DEPARTAMENTO,DES_MUNICIPIO,COD_ESTADO) values ('20032','20','Astrea','2');
Insert into SALUDMP.VDIR_MUNICIPIO (COD_MUNICIPIO,COD_DEPARTAMENTO,DES_MUNICIPIO,COD_ESTADO) values ('20045','20','Becerril','2');
Insert into SALUDMP.VDIR_MUNICIPIO (COD_MUNICIPIO,COD_DEPARTAMENTO,DES_MUNICIPIO,COD_ESTADO) values ('20060','20','Bosconia','2');
Insert into SALUDMP.VDIR_MUNICIPIO (COD_MUNICIPIO,COD_DEPARTAMENTO,DES_MUNICIPIO,COD_ESTADO) values ('20175','20','Chimichagua','2');
Insert into SALUDMP.VDIR_MUNICIPIO (COD_MUNICIPIO,COD_DEPARTAMENTO,DES_MUNICIPIO,COD_ESTADO) values ('20178','20','Chiriguaná','2');
Insert into SALUDMP.VDIR_MUNICIPIO (COD_MUNICIPIO,COD_DEPARTAMENTO,DES_MUNICIPIO,COD_ESTADO) values ('20228','20','Curumaní','2');
Insert into SALUDMP.VDIR_MUNICIPIO (COD_MUNICIPIO,COD_DEPARTAMENTO,DES_MUNICIPIO,COD_ESTADO) values ('20238','20','El Copey','2');
Insert into SALUDMP.VDIR_MUNICIPIO (COD_MUNICIPIO,COD_DEPARTAMENTO,DES_MUNICIPIO,COD_ESTADO) values ('20250','20','El Paso','2');
Insert into SALUDMP.VDIR_MUNICIPIO (COD_MUNICIPIO,COD_DEPARTAMENTO,DES_MUNICIPIO,COD_ESTADO) values ('20295','20','Gamarra','2');
Insert into SALUDMP.VDIR_MUNICIPIO (COD_MUNICIPIO,COD_DEPARTAMENTO,DES_MUNICIPIO,COD_ESTADO) values ('20310','20','González','2');
Insert into SALUDMP.VDIR_MUNICIPIO (COD_MUNICIPIO,COD_DEPARTAMENTO,DES_MUNICIPIO,COD_ESTADO) values ('20383','20','La Gloria','2');
Insert into SALUDMP.VDIR_MUNICIPIO (COD_MUNICIPIO,COD_DEPARTAMENTO,DES_MUNICIPIO,COD_ESTADO) values ('20400','20','La Jagua de Ibirico','2');
Insert into SALUDMP.VDIR_MUNICIPIO (COD_MUNICIPIO,COD_DEPARTAMENTO,DES_MUNICIPIO,COD_ESTADO) values ('20621','20','La Paz','2');
Insert into SALUDMP.VDIR_MUNICIPIO (COD_MUNICIPIO,COD_DEPARTAMENTO,DES_MUNICIPIO,COD_ESTADO) values ('20443','20','Manaure','2');
Insert into SALUDMP.VDIR_MUNICIPIO (COD_MUNICIPIO,COD_DEPARTAMENTO,DES_MUNICIPIO,COD_ESTADO) values ('20517','20','Pailitas','2');
Insert into SALUDMP.VDIR_MUNICIPIO (COD_MUNICIPIO,COD_DEPARTAMENTO,DES_MUNICIPIO,COD_ESTADO) values ('20550','20','Pelaya','2');
Insert into SALUDMP.VDIR_MUNICIPIO (COD_MUNICIPIO,COD_DEPARTAMENTO,DES_MUNICIPIO,COD_ESTADO) values ('20570','20','Pueblo Bello','2');
Insert into SALUDMP.VDIR_MUNICIPIO (COD_MUNICIPIO,COD_DEPARTAMENTO,DES_MUNICIPIO,COD_ESTADO) values ('20614','20','Río de Oro','2');
Insert into SALUDMP.VDIR_MUNICIPIO (COD_MUNICIPIO,COD_DEPARTAMENTO,DES_MUNICIPIO,COD_ESTADO) values ('20710','20','San Alberto','2');
Insert into SALUDMP.VDIR_MUNICIPIO (COD_MUNICIPIO,COD_DEPARTAMENTO,DES_MUNICIPIO,COD_ESTADO) values ('20750','20','San Diego','2');
Insert into SALUDMP.VDIR_MUNICIPIO (COD_MUNICIPIO,COD_DEPARTAMENTO,DES_MUNICIPIO,COD_ESTADO) values ('20770','20','San Martín','2');
Insert into SALUDMP.VDIR_MUNICIPIO (COD_MUNICIPIO,COD_DEPARTAMENTO,DES_MUNICIPIO,COD_ESTADO) values ('20787','20','Tamalameque','2');
Insert into SALUDMP.VDIR_MUNICIPIO (COD_MUNICIPIO,COD_DEPARTAMENTO,DES_MUNICIPIO,COD_ESTADO) values ('20001','20','Valledupar','2');
Insert into SALUDMP.VDIR_MUNICIPIO (COD_MUNICIPIO,COD_DEPARTAMENTO,DES_MUNICIPIO,COD_ESTADO) values ('23068','23','Ayapel','2');
Insert into SALUDMP.VDIR_MUNICIPIO (COD_MUNICIPIO,COD_DEPARTAMENTO,DES_MUNICIPIO,COD_ESTADO) values ('23079','23','Buenavista','2');
Insert into SALUDMP.VDIR_MUNICIPIO (COD_MUNICIPIO,COD_DEPARTAMENTO,DES_MUNICIPIO,COD_ESTADO) values ('23090','23','Canalete','2');
Insert into SALUDMP.VDIR_MUNICIPIO (COD_MUNICIPIO,COD_DEPARTAMENTO,DES_MUNICIPIO,COD_ESTADO) values ('23162','23','Cereté','2');
Insert into SALUDMP.VDIR_MUNICIPIO (COD_MUNICIPIO,COD_DEPARTAMENTO,DES_MUNICIPIO,COD_ESTADO) values ('23168','23','Chimá','2');
Insert into SALUDMP.VDIR_MUNICIPIO (COD_MUNICIPIO,COD_DEPARTAMENTO,DES_MUNICIPIO,COD_ESTADO) values ('23182','23','Chinú','2');
Insert into SALUDMP.VDIR_MUNICIPIO (COD_MUNICIPIO,COD_DEPARTAMENTO,DES_MUNICIPIO,COD_ESTADO) values ('23189','23','Ciénaga de Oro','2');
Insert into SALUDMP.VDIR_MUNICIPIO (COD_MUNICIPIO,COD_DEPARTAMENTO,DES_MUNICIPIO,COD_ESTADO) values ('23300','23','Cotorra','2');
Insert into SALUDMP.VDIR_MUNICIPIO (COD_MUNICIPIO,COD_DEPARTAMENTO,DES_MUNICIPIO,COD_ESTADO) values ('23350','23','La Apartada','2');
Insert into SALUDMP.VDIR_MUNICIPIO (COD_MUNICIPIO,COD_DEPARTAMENTO,DES_MUNICIPIO,COD_ESTADO) values ('23417','23','Lorica','2');
Insert into SALUDMP.VDIR_MUNICIPIO (COD_MUNICIPIO,COD_DEPARTAMENTO,DES_MUNICIPIO,COD_ESTADO) values ('23419','23','Los Córdobas','2');
Insert into SALUDMP.VDIR_MUNICIPIO (COD_MUNICIPIO,COD_DEPARTAMENTO,DES_MUNICIPIO,COD_ESTADO) values ('23464','23','Momil','2');
Insert into SALUDMP.VDIR_MUNICIPIO (COD_MUNICIPIO,COD_DEPARTAMENTO,DES_MUNICIPIO,COD_ESTADO) values ('23466','23','Montelíbano','2');
Insert into SALUDMP.VDIR_MUNICIPIO (COD_MUNICIPIO,COD_DEPARTAMENTO,DES_MUNICIPIO,COD_ESTADO) values ('23001','23','Montería','2');
Insert into SALUDMP.VDIR_MUNICIPIO (COD_MUNICIPIO,COD_DEPARTAMENTO,DES_MUNICIPIO,COD_ESTADO) values ('23500','23','Moñitos','2');
Insert into SALUDMP.VDIR_MUNICIPIO (COD_MUNICIPIO,COD_DEPARTAMENTO,DES_MUNICIPIO,COD_ESTADO) values ('23555','23','Planeta Rica','2');
Insert into SALUDMP.VDIR_MUNICIPIO (COD_MUNICIPIO,COD_DEPARTAMENTO,DES_MUNICIPIO,COD_ESTADO) values ('23570','23','Pueblo Nuevo','2');
Insert into SALUDMP.VDIR_MUNICIPIO (COD_MUNICIPIO,COD_DEPARTAMENTO,DES_MUNICIPIO,COD_ESTADO) values ('23574','23','Puerto Escondido','2');
Insert into SALUDMP.VDIR_MUNICIPIO (COD_MUNICIPIO,COD_DEPARTAMENTO,DES_MUNICIPIO,COD_ESTADO) values ('23580','23','Puerto Libertador','2');
Insert into SALUDMP.VDIR_MUNICIPIO (COD_MUNICIPIO,COD_DEPARTAMENTO,DES_MUNICIPIO,COD_ESTADO) values ('23586','23','Purísima','2');
Insert into SALUDMP.VDIR_MUNICIPIO (COD_MUNICIPIO,COD_DEPARTAMENTO,DES_MUNICIPIO,COD_ESTADO) values ('23660','23','Sahagún','2');
Insert into SALUDMP.VDIR_MUNICIPIO (COD_MUNICIPIO,COD_DEPARTAMENTO,DES_MUNICIPIO,COD_ESTADO) values ('23670','23','San Andrés Sotavento','2');
Insert into SALUDMP.VDIR_MUNICIPIO (COD_MUNICIPIO,COD_DEPARTAMENTO,DES_MUNICIPIO,COD_ESTADO) values ('23672','23','San Antero','2');
Insert into SALUDMP.VDIR_MUNICIPIO (COD_MUNICIPIO,COD_DEPARTAMENTO,DES_MUNICIPIO,COD_ESTADO) values ('23675','23','San Bernardo del Viento','2');
Insert into SALUDMP.VDIR_MUNICIPIO (COD_MUNICIPIO,COD_DEPARTAMENTO,DES_MUNICIPIO,COD_ESTADO) values ('23678','23','San Carlos','2');
Insert into SALUDMP.VDIR_MUNICIPIO (COD_MUNICIPIO,COD_DEPARTAMENTO,DES_MUNICIPIO,COD_ESTADO) values ('23682','23','San José de Uré','2');
Insert into SALUDMP.VDIR_MUNICIPIO (COD_MUNICIPIO,COD_DEPARTAMENTO,DES_MUNICIPIO,COD_ESTADO) values ('23686','23','San Pelayo','2');
Insert into SALUDMP.VDIR_MUNICIPIO (COD_MUNICIPIO,COD_DEPARTAMENTO,DES_MUNICIPIO,COD_ESTADO) values ('23807','23','Tierralta','2');
Insert into SALUDMP.VDIR_MUNICIPIO (COD_MUNICIPIO,COD_DEPARTAMENTO,DES_MUNICIPIO,COD_ESTADO) values ('23815','23','Tuchín','2');
Insert into SALUDMP.VDIR_MUNICIPIO (COD_MUNICIPIO,COD_DEPARTAMENTO,DES_MUNICIPIO,COD_ESTADO) values ('23855','23','Valencia','2');
Insert into SALUDMP.VDIR_MUNICIPIO (COD_MUNICIPIO,COD_DEPARTAMENTO,DES_MUNICIPIO,COD_ESTADO) values ('25001','25','Agua de Dios','2');
Insert into SALUDMP.VDIR_MUNICIPIO (COD_MUNICIPIO,COD_DEPARTAMENTO,DES_MUNICIPIO,COD_ESTADO) values ('25019','25','Albán','2');
Insert into SALUDMP.VDIR_MUNICIPIO (COD_MUNICIPIO,COD_DEPARTAMENTO,DES_MUNICIPIO,COD_ESTADO) values ('25035','25','Anapoima','2');
Insert into SALUDMP.VDIR_MUNICIPIO (COD_MUNICIPIO,COD_DEPARTAMENTO,DES_MUNICIPIO,COD_ESTADO) values ('25040','25','Anolaima','2');
Insert into SALUDMP.VDIR_MUNICIPIO (COD_MUNICIPIO,COD_DEPARTAMENTO,DES_MUNICIPIO,COD_ESTADO) values ('25599','25','Apulo','2');
Insert into SALUDMP.VDIR_MUNICIPIO (COD_MUNICIPIO,COD_DEPARTAMENTO,DES_MUNICIPIO,COD_ESTADO) values ('25053','25','Arbeláez','2');
Insert into SALUDMP.VDIR_MUNICIPIO (COD_MUNICIPIO,COD_DEPARTAMENTO,DES_MUNICIPIO,COD_ESTADO) values ('25086','25','Beltrán','2');
Insert into SALUDMP.VDIR_MUNICIPIO (COD_MUNICIPIO,COD_DEPARTAMENTO,DES_MUNICIPIO,COD_ESTADO) values ('25095','25','Bituima','2');
Insert into SALUDMP.VDIR_MUNICIPIO (COD_MUNICIPIO,COD_DEPARTAMENTO,DES_MUNICIPIO,COD_ESTADO) values ('25099','25','Bojacá','2');
Insert into SALUDMP.VDIR_MUNICIPIO (COD_MUNICIPIO,COD_DEPARTAMENTO,DES_MUNICIPIO,COD_ESTADO) values ('25120','25','Cabrera','2');
Insert into SALUDMP.VDIR_MUNICIPIO (COD_MUNICIPIO,COD_DEPARTAMENTO,DES_MUNICIPIO,COD_ESTADO) values ('25123','25','Cachipay','2');
Insert into SALUDMP.VDIR_MUNICIPIO (COD_MUNICIPIO,COD_DEPARTAMENTO,DES_MUNICIPIO,COD_ESTADO) values ('25126','25','Cajicá','2');
Insert into SALUDMP.VDIR_MUNICIPIO (COD_MUNICIPIO,COD_DEPARTAMENTO,DES_MUNICIPIO,COD_ESTADO) values ('25148','25','Caparrapí','2');
Insert into SALUDMP.VDIR_MUNICIPIO (COD_MUNICIPIO,COD_DEPARTAMENTO,DES_MUNICIPIO,COD_ESTADO) values ('25151','25','Caqueza','2');
Insert into SALUDMP.VDIR_MUNICIPIO (COD_MUNICIPIO,COD_DEPARTAMENTO,DES_MUNICIPIO,COD_ESTADO) values ('25154','25','Carmen de Carupa','2');
Insert into SALUDMP.VDIR_MUNICIPIO (COD_MUNICIPIO,COD_DEPARTAMENTO,DES_MUNICIPIO,COD_ESTADO) values ('25168','25','Chaguaní','2');
Insert into SALUDMP.VDIR_MUNICIPIO (COD_MUNICIPIO,COD_DEPARTAMENTO,DES_MUNICIPIO,COD_ESTADO) values ('25175','25','Chía','2');
Insert into SALUDMP.VDIR_MUNICIPIO (COD_MUNICIPIO,COD_DEPARTAMENTO,DES_MUNICIPIO,COD_ESTADO) values ('25178','25','Chipaque','2');
Insert into SALUDMP.VDIR_MUNICIPIO (COD_MUNICIPIO,COD_DEPARTAMENTO,DES_MUNICIPIO,COD_ESTADO) values ('25181','25','Choachí','2');
Insert into SALUDMP.VDIR_MUNICIPIO (COD_MUNICIPIO,COD_DEPARTAMENTO,DES_MUNICIPIO,COD_ESTADO) values ('25183','25','Chocontá','2');
Insert into SALUDMP.VDIR_MUNICIPIO (COD_MUNICIPIO,COD_DEPARTAMENTO,DES_MUNICIPIO,COD_ESTADO) values ('25200','25','Cogua','2');
Insert into SALUDMP.VDIR_MUNICIPIO (COD_MUNICIPIO,COD_DEPARTAMENTO,DES_MUNICIPIO,COD_ESTADO) values ('25214','25','Cota','2');
Insert into SALUDMP.VDIR_MUNICIPIO (COD_MUNICIPIO,COD_DEPARTAMENTO,DES_MUNICIPIO,COD_ESTADO) values ('25224','25','Cucunubá','2');
Insert into SALUDMP.VDIR_MUNICIPIO (COD_MUNICIPIO,COD_DEPARTAMENTO,DES_MUNICIPIO,COD_ESTADO) values ('25245','25','El Colegio','2');
Insert into SALUDMP.VDIR_MUNICIPIO (COD_MUNICIPIO,COD_DEPARTAMENTO,DES_MUNICIPIO,COD_ESTADO) values ('25258','25','El Peñón','2');
Insert into SALUDMP.VDIR_MUNICIPIO (COD_MUNICIPIO,COD_DEPARTAMENTO,DES_MUNICIPIO,COD_ESTADO) values ('25260','25','El Rosal','2');
Insert into SALUDMP.VDIR_MUNICIPIO (COD_MUNICIPIO,COD_DEPARTAMENTO,DES_MUNICIPIO,COD_ESTADO) values ('25269','25','Facatativá','2');
Insert into SALUDMP.VDIR_MUNICIPIO (COD_MUNICIPIO,COD_DEPARTAMENTO,DES_MUNICIPIO,COD_ESTADO) values ('25279','25','Fomeque','2');
Insert into SALUDMP.VDIR_MUNICIPIO (COD_MUNICIPIO,COD_DEPARTAMENTO,DES_MUNICIPIO,COD_ESTADO) values ('25281','25','Fosca','2');
Insert into SALUDMP.VDIR_MUNICIPIO (COD_MUNICIPIO,COD_DEPARTAMENTO,DES_MUNICIPIO,COD_ESTADO) values ('25286','25','Funza','2');
Insert into SALUDMP.VDIR_MUNICIPIO (COD_MUNICIPIO,COD_DEPARTAMENTO,DES_MUNICIPIO,COD_ESTADO) values ('25288','25','Fúquene','2');
Insert into SALUDMP.VDIR_MUNICIPIO (COD_MUNICIPIO,COD_DEPARTAMENTO,DES_MUNICIPIO,COD_ESTADO) values ('25290','25','Fusagasugá','2');
Insert into SALUDMP.VDIR_MUNICIPIO (COD_MUNICIPIO,COD_DEPARTAMENTO,DES_MUNICIPIO,COD_ESTADO) values ('25293','25','Gachala','2');
Insert into SALUDMP.VDIR_MUNICIPIO (COD_MUNICIPIO,COD_DEPARTAMENTO,DES_MUNICIPIO,COD_ESTADO) values ('25295','25','Gachancipá','2');
Insert into SALUDMP.VDIR_MUNICIPIO (COD_MUNICIPIO,COD_DEPARTAMENTO,DES_MUNICIPIO,COD_ESTADO) values ('25297','25','Gachetá','2');
Insert into SALUDMP.VDIR_MUNICIPIO (COD_MUNICIPIO,COD_DEPARTAMENTO,DES_MUNICIPIO,COD_ESTADO) values ('25299','25','Gama','2');
Insert into SALUDMP.VDIR_MUNICIPIO (COD_MUNICIPIO,COD_DEPARTAMENTO,DES_MUNICIPIO,COD_ESTADO) values ('25307','25','Girardot','2');
Insert into SALUDMP.VDIR_MUNICIPIO (COD_MUNICIPIO,COD_DEPARTAMENTO,DES_MUNICIPIO,COD_ESTADO) values ('25312','25','Granada','2');
Insert into SALUDMP.VDIR_MUNICIPIO (COD_MUNICIPIO,COD_DEPARTAMENTO,DES_MUNICIPIO,COD_ESTADO) values ('25317','25','Guachetá','2');
Insert into SALUDMP.VDIR_MUNICIPIO (COD_MUNICIPIO,COD_DEPARTAMENTO,DES_MUNICIPIO,COD_ESTADO) values ('25320','25','Guaduas','2');
Insert into SALUDMP.VDIR_MUNICIPIO (COD_MUNICIPIO,COD_DEPARTAMENTO,DES_MUNICIPIO,COD_ESTADO) values ('25322','25','Guasca','2');
Insert into SALUDMP.VDIR_MUNICIPIO (COD_MUNICIPIO,COD_DEPARTAMENTO,DES_MUNICIPIO,COD_ESTADO) values ('25324','25','Guataquí','2');
Insert into SALUDMP.VDIR_MUNICIPIO (COD_MUNICIPIO,COD_DEPARTAMENTO,DES_MUNICIPIO,COD_ESTADO) values ('25326','25','Guatavita','2');
Insert into SALUDMP.VDIR_MUNICIPIO (COD_MUNICIPIO,COD_DEPARTAMENTO,DES_MUNICIPIO,COD_ESTADO) values ('25328','25','Guayabal de Siquima','2');
Insert into SALUDMP.VDIR_MUNICIPIO (COD_MUNICIPIO,COD_DEPARTAMENTO,DES_MUNICIPIO,COD_ESTADO) values ('25335','25','Guayabetal','2');
Insert into SALUDMP.VDIR_MUNICIPIO (COD_MUNICIPIO,COD_DEPARTAMENTO,DES_MUNICIPIO,COD_ESTADO) values ('25339','25','Gutiérrez','2');
Insert into SALUDMP.VDIR_MUNICIPIO (COD_MUNICIPIO,COD_DEPARTAMENTO,DES_MUNICIPIO,COD_ESTADO) values ('25368','25','Jerusalén','2');
Insert into SALUDMP.VDIR_MUNICIPIO (COD_MUNICIPIO,COD_DEPARTAMENTO,DES_MUNICIPIO,COD_ESTADO) values ('25372','25','Junín','2');
Insert into SALUDMP.VDIR_MUNICIPIO (COD_MUNICIPIO,COD_DEPARTAMENTO,DES_MUNICIPIO,COD_ESTADO) values ('25377','25','La Calera','2');
Insert into SALUDMP.VDIR_MUNICIPIO (COD_MUNICIPIO,COD_DEPARTAMENTO,DES_MUNICIPIO,COD_ESTADO) values ('25386','25','La Mesa','2');
Insert into SALUDMP.VDIR_MUNICIPIO (COD_MUNICIPIO,COD_DEPARTAMENTO,DES_MUNICIPIO,COD_ESTADO) values ('25394','25','La Palma','2');
Insert into SALUDMP.VDIR_MUNICIPIO (COD_MUNICIPIO,COD_DEPARTAMENTO,DES_MUNICIPIO,COD_ESTADO) values ('25398','25','La Peña','2');
Insert into SALUDMP.VDIR_MUNICIPIO (COD_MUNICIPIO,COD_DEPARTAMENTO,DES_MUNICIPIO,COD_ESTADO) values ('25402','25','La Vega','2');
Insert into SALUDMP.VDIR_MUNICIPIO (COD_MUNICIPIO,COD_DEPARTAMENTO,DES_MUNICIPIO,COD_ESTADO) values ('25407','25','Lenguazaque','2');
Insert into SALUDMP.VDIR_MUNICIPIO (COD_MUNICIPIO,COD_DEPARTAMENTO,DES_MUNICIPIO,COD_ESTADO) values ('25426','25','Macheta','2');
Insert into SALUDMP.VDIR_MUNICIPIO (COD_MUNICIPIO,COD_DEPARTAMENTO,DES_MUNICIPIO,COD_ESTADO) values ('25430','25','Madrid','2');
Insert into SALUDMP.VDIR_MUNICIPIO (COD_MUNICIPIO,COD_DEPARTAMENTO,DES_MUNICIPIO,COD_ESTADO) values ('25436','25','Manta','2');
Insert into SALUDMP.VDIR_MUNICIPIO (COD_MUNICIPIO,COD_DEPARTAMENTO,DES_MUNICIPIO,COD_ESTADO) values ('25438','25','Medina','2');
Insert into SALUDMP.VDIR_MUNICIPIO (COD_MUNICIPIO,COD_DEPARTAMENTO,DES_MUNICIPIO,COD_ESTADO) values ('25473','25','Mosquera','2');
Insert into SALUDMP.VDIR_MUNICIPIO (COD_MUNICIPIO,COD_DEPARTAMENTO,DES_MUNICIPIO,COD_ESTADO) values ('25483','25','Nariño','2');
Insert into SALUDMP.VDIR_MUNICIPIO (COD_MUNICIPIO,COD_DEPARTAMENTO,DES_MUNICIPIO,COD_ESTADO) values ('25486','25','Nemocón','2');
Insert into SALUDMP.VDIR_MUNICIPIO (COD_MUNICIPIO,COD_DEPARTAMENTO,DES_MUNICIPIO,COD_ESTADO) values ('25488','25','Nilo','2');
Insert into SALUDMP.VDIR_MUNICIPIO (COD_MUNICIPIO,COD_DEPARTAMENTO,DES_MUNICIPIO,COD_ESTADO) values ('25489','25','Nimaima','2');
Insert into SALUDMP.VDIR_MUNICIPIO (COD_MUNICIPIO,COD_DEPARTAMENTO,DES_MUNICIPIO,COD_ESTADO) values ('25491','25','Nocaima','2');
Insert into SALUDMP.VDIR_MUNICIPIO (COD_MUNICIPIO,COD_DEPARTAMENTO,DES_MUNICIPIO,COD_ESTADO) values ('25513','25','Pacho','2');
Insert into SALUDMP.VDIR_MUNICIPIO (COD_MUNICIPIO,COD_DEPARTAMENTO,DES_MUNICIPIO,COD_ESTADO) values ('25518','25','Paime','2');
Insert into SALUDMP.VDIR_MUNICIPIO (COD_MUNICIPIO,COD_DEPARTAMENTO,DES_MUNICIPIO,COD_ESTADO) values ('25524','25','Pandi','2');
Insert into SALUDMP.VDIR_MUNICIPIO (COD_MUNICIPIO,COD_DEPARTAMENTO,DES_MUNICIPIO,COD_ESTADO) values ('25530','25','Paratebueno','2');
Insert into SALUDMP.VDIR_MUNICIPIO (COD_MUNICIPIO,COD_DEPARTAMENTO,DES_MUNICIPIO,COD_ESTADO) values ('25535','25','Pasca','2');
Insert into SALUDMP.VDIR_MUNICIPIO (COD_MUNICIPIO,COD_DEPARTAMENTO,DES_MUNICIPIO,COD_ESTADO) values ('25572','25','Puerto Salgar','2');
Insert into SALUDMP.VDIR_MUNICIPIO (COD_MUNICIPIO,COD_DEPARTAMENTO,DES_MUNICIPIO,COD_ESTADO) values ('25580','25','Pulí','2');
Insert into SALUDMP.VDIR_MUNICIPIO (COD_MUNICIPIO,COD_DEPARTAMENTO,DES_MUNICIPIO,COD_ESTADO) values ('25592','25','Quebradanegra','2');
Insert into SALUDMP.VDIR_MUNICIPIO (COD_MUNICIPIO,COD_DEPARTAMENTO,DES_MUNICIPIO,COD_ESTADO) values ('25594','25','Quetame','2');
Insert into SALUDMP.VDIR_MUNICIPIO (COD_MUNICIPIO,COD_DEPARTAMENTO,DES_MUNICIPIO,COD_ESTADO) values ('25596','25','Quipile','2');
Insert into SALUDMP.VDIR_MUNICIPIO (COD_MUNICIPIO,COD_DEPARTAMENTO,DES_MUNICIPIO,COD_ESTADO) values ('25612','25','Ricaurte','2');
Insert into SALUDMP.VDIR_MUNICIPIO (COD_MUNICIPIO,COD_DEPARTAMENTO,DES_MUNICIPIO,COD_ESTADO) values ('25645','25','San Antonio del Tequendama','2');
Insert into SALUDMP.VDIR_MUNICIPIO (COD_MUNICIPIO,COD_DEPARTAMENTO,DES_MUNICIPIO,COD_ESTADO) values ('25649','25','San Bernardo','2');
Insert into SALUDMP.VDIR_MUNICIPIO (COD_MUNICIPIO,COD_DEPARTAMENTO,DES_MUNICIPIO,COD_ESTADO) values ('25653','25','San Cayetano','2');
Insert into SALUDMP.VDIR_MUNICIPIO (COD_MUNICIPIO,COD_DEPARTAMENTO,DES_MUNICIPIO,COD_ESTADO) values ('25658','25','San Francisco','2');
Insert into SALUDMP.VDIR_MUNICIPIO (COD_MUNICIPIO,COD_DEPARTAMENTO,DES_MUNICIPIO,COD_ESTADO) values ('25662','25','San Juan de Río Seco','2');
Insert into SALUDMP.VDIR_MUNICIPIO (COD_MUNICIPIO,COD_DEPARTAMENTO,DES_MUNICIPIO,COD_ESTADO) values ('25718','25','Sasaima','2');
Insert into SALUDMP.VDIR_MUNICIPIO (COD_MUNICIPIO,COD_DEPARTAMENTO,DES_MUNICIPIO,COD_ESTADO) values ('25736','25','Sesquilé','2');
Insert into SALUDMP.VDIR_MUNICIPIO (COD_MUNICIPIO,COD_DEPARTAMENTO,DES_MUNICIPIO,COD_ESTADO) values ('25740','25','Sibaté','2');
Insert into SALUDMP.VDIR_MUNICIPIO (COD_MUNICIPIO,COD_DEPARTAMENTO,DES_MUNICIPIO,COD_ESTADO) values ('25743','25','Silvania','2');
Insert into SALUDMP.VDIR_MUNICIPIO (COD_MUNICIPIO,COD_DEPARTAMENTO,DES_MUNICIPIO,COD_ESTADO) values ('25745','25','Simijaca','2');
Insert into SALUDMP.VDIR_MUNICIPIO (COD_MUNICIPIO,COD_DEPARTAMENTO,DES_MUNICIPIO,COD_ESTADO) values ('25754','25','Soacha','2');
Insert into SALUDMP.VDIR_MUNICIPIO (COD_MUNICIPIO,COD_DEPARTAMENTO,DES_MUNICIPIO,COD_ESTADO) values ('25758','25','Sopó','2');
Insert into SALUDMP.VDIR_MUNICIPIO (COD_MUNICIPIO,COD_DEPARTAMENTO,DES_MUNICIPIO,COD_ESTADO) values ('25769','25','Subachoque','2');
Insert into SALUDMP.VDIR_MUNICIPIO (COD_MUNICIPIO,COD_DEPARTAMENTO,DES_MUNICIPIO,COD_ESTADO) values ('25772','25','Suesca','2');
Insert into SALUDMP.VDIR_MUNICIPIO (COD_MUNICIPIO,COD_DEPARTAMENTO,DES_MUNICIPIO,COD_ESTADO) values ('25777','25','Supatá','2');
Insert into SALUDMP.VDIR_MUNICIPIO (COD_MUNICIPIO,COD_DEPARTAMENTO,DES_MUNICIPIO,COD_ESTADO) values ('25779','25','Susa','2');
Insert into SALUDMP.VDIR_MUNICIPIO (COD_MUNICIPIO,COD_DEPARTAMENTO,DES_MUNICIPIO,COD_ESTADO) values ('25781','25','Sutatausa','2');
Insert into SALUDMP.VDIR_MUNICIPIO (COD_MUNICIPIO,COD_DEPARTAMENTO,DES_MUNICIPIO,COD_ESTADO) values ('25785','25','Tabio','2');
Insert into SALUDMP.VDIR_MUNICIPIO (COD_MUNICIPIO,COD_DEPARTAMENTO,DES_MUNICIPIO,COD_ESTADO) values ('25793','25','Tausa','2');
Insert into SALUDMP.VDIR_MUNICIPIO (COD_MUNICIPIO,COD_DEPARTAMENTO,DES_MUNICIPIO,COD_ESTADO) values ('25797','25','Tena','2');
Insert into SALUDMP.VDIR_MUNICIPIO (COD_MUNICIPIO,COD_DEPARTAMENTO,DES_MUNICIPIO,COD_ESTADO) values ('25799','25','Tenjo','2');
Insert into SALUDMP.VDIR_MUNICIPIO (COD_MUNICIPIO,COD_DEPARTAMENTO,DES_MUNICIPIO,COD_ESTADO) values ('25805','25','Tibacuy','2');
Insert into SALUDMP.VDIR_MUNICIPIO (COD_MUNICIPIO,COD_DEPARTAMENTO,DES_MUNICIPIO,COD_ESTADO) values ('25807','25','Tibirita','2');
Insert into SALUDMP.VDIR_MUNICIPIO (COD_MUNICIPIO,COD_DEPARTAMENTO,DES_MUNICIPIO,COD_ESTADO) values ('25815','25','Tocaima','2');
Insert into SALUDMP.VDIR_MUNICIPIO (COD_MUNICIPIO,COD_DEPARTAMENTO,DES_MUNICIPIO,COD_ESTADO) values ('25817','25','Tocancipá','2');
Insert into SALUDMP.VDIR_MUNICIPIO (COD_MUNICIPIO,COD_DEPARTAMENTO,DES_MUNICIPIO,COD_ESTADO) values ('25823','25','Topaipí','2');
Insert into SALUDMP.VDIR_MUNICIPIO (COD_MUNICIPIO,COD_DEPARTAMENTO,DES_MUNICIPIO,COD_ESTADO) values ('25839','25','Ubalá','2');
Insert into SALUDMP.VDIR_MUNICIPIO (COD_MUNICIPIO,COD_DEPARTAMENTO,DES_MUNICIPIO,COD_ESTADO) values ('25841','25','Ubaque','2');
Insert into SALUDMP.VDIR_MUNICIPIO (COD_MUNICIPIO,COD_DEPARTAMENTO,DES_MUNICIPIO,COD_ESTADO) values ('25845','25','Une','2');
Insert into SALUDMP.VDIR_MUNICIPIO (COD_MUNICIPIO,COD_DEPARTAMENTO,DES_MUNICIPIO,COD_ESTADO) values ('25851','25','Útica','2');
Insert into SALUDMP.VDIR_MUNICIPIO (COD_MUNICIPIO,COD_DEPARTAMENTO,DES_MUNICIPIO,COD_ESTADO) values ('25506','25','Venecia','2');
Insert into SALUDMP.VDIR_MUNICIPIO (COD_MUNICIPIO,COD_DEPARTAMENTO,DES_MUNICIPIO,COD_ESTADO) values ('25862','25','Vergara','2');
Insert into SALUDMP.VDIR_MUNICIPIO (COD_MUNICIPIO,COD_DEPARTAMENTO,DES_MUNICIPIO,COD_ESTADO) values ('25867','25','Vianí','2');
Insert into SALUDMP.VDIR_MUNICIPIO (COD_MUNICIPIO,COD_DEPARTAMENTO,DES_MUNICIPIO,COD_ESTADO) values ('25843','25','Villa de San Diego de Ubate','2');
Insert into SALUDMP.VDIR_MUNICIPIO (COD_MUNICIPIO,COD_DEPARTAMENTO,DES_MUNICIPIO,COD_ESTADO) values ('68013','68','Aguada','2');
Insert into SALUDMP.VDIR_MUNICIPIO (COD_MUNICIPIO,COD_DEPARTAMENTO,DES_MUNICIPIO,COD_ESTADO) values ('68020','68','Albania','2');
Insert into SALUDMP.VDIR_MUNICIPIO (COD_MUNICIPIO,COD_DEPARTAMENTO,DES_MUNICIPIO,COD_ESTADO) values ('68051','68','Aratoca','2');
Insert into SALUDMP.VDIR_MUNICIPIO (COD_MUNICIPIO,COD_DEPARTAMENTO,DES_MUNICIPIO,COD_ESTADO) values ('68077','68','Barbosa','2');
Insert into SALUDMP.VDIR_MUNICIPIO (COD_MUNICIPIO,COD_DEPARTAMENTO,DES_MUNICIPIO,COD_ESTADO) values ('68079','68','Barichara','2');
Insert into SALUDMP.VDIR_MUNICIPIO (COD_MUNICIPIO,COD_DEPARTAMENTO,DES_MUNICIPIO,COD_ESTADO) values ('68081','68','Barrancabermeja','2');
Insert into SALUDMP.VDIR_MUNICIPIO (COD_MUNICIPIO,COD_DEPARTAMENTO,DES_MUNICIPIO,COD_ESTADO) values ('68092','68','Betulia','2');
Insert into SALUDMP.VDIR_MUNICIPIO (COD_MUNICIPIO,COD_DEPARTAMENTO,DES_MUNICIPIO,COD_ESTADO) values ('68101','68','Bolívar','2');
Insert into SALUDMP.VDIR_MUNICIPIO (COD_MUNICIPIO,COD_DEPARTAMENTO,DES_MUNICIPIO,COD_ESTADO) values ('68001','68','Bucaramanga','2');
Insert into SALUDMP.VDIR_MUNICIPIO (COD_MUNICIPIO,COD_DEPARTAMENTO,DES_MUNICIPIO,COD_ESTADO) values ('68121','68','Cabrera','2');
Insert into SALUDMP.VDIR_MUNICIPIO (COD_MUNICIPIO,COD_DEPARTAMENTO,DES_MUNICIPIO,COD_ESTADO) values ('68132','68','California','2');
Insert into SALUDMP.VDIR_MUNICIPIO (COD_MUNICIPIO,COD_DEPARTAMENTO,DES_MUNICIPIO,COD_ESTADO) values ('68147','68','Capitanejo','2');
Insert into SALUDMP.VDIR_MUNICIPIO (COD_MUNICIPIO,COD_DEPARTAMENTO,DES_MUNICIPIO,COD_ESTADO) values ('68152','68','Carcasí','2');
Insert into SALUDMP.VDIR_MUNICIPIO (COD_MUNICIPIO,COD_DEPARTAMENTO,DES_MUNICIPIO,COD_ESTADO) values ('68160','68','Cepitá','2');
Insert into SALUDMP.VDIR_MUNICIPIO (COD_MUNICIPIO,COD_DEPARTAMENTO,DES_MUNICIPIO,COD_ESTADO) values ('68162','68','Cerrito','2');
Insert into SALUDMP.VDIR_MUNICIPIO (COD_MUNICIPIO,COD_DEPARTAMENTO,DES_MUNICIPIO,COD_ESTADO) values ('68167','68','Charalá','2');
Insert into SALUDMP.VDIR_MUNICIPIO (COD_MUNICIPIO,COD_DEPARTAMENTO,DES_MUNICIPIO,COD_ESTADO) values ('68169','68','Charta','2');
Insert into SALUDMP.VDIR_MUNICIPIO (COD_MUNICIPIO,COD_DEPARTAMENTO,DES_MUNICIPIO,COD_ESTADO) values ('68176','68','Chimá','2');
Insert into SALUDMP.VDIR_MUNICIPIO (COD_MUNICIPIO,COD_DEPARTAMENTO,DES_MUNICIPIO,COD_ESTADO) values ('68179','68','Chipatá','2');
Insert into SALUDMP.VDIR_MUNICIPIO (COD_MUNICIPIO,COD_DEPARTAMENTO,DES_MUNICIPIO,COD_ESTADO) values ('68190','68','Cimitarra','2');
Insert into SALUDMP.VDIR_MUNICIPIO (COD_MUNICIPIO,COD_DEPARTAMENTO,DES_MUNICIPIO,COD_ESTADO) values ('68207','68','Concepción','2');
Insert into SALUDMP.VDIR_MUNICIPIO (COD_MUNICIPIO,COD_DEPARTAMENTO,DES_MUNICIPIO,COD_ESTADO) values ('68209','68','Confines','2');
Insert into SALUDMP.VDIR_MUNICIPIO (COD_MUNICIPIO,COD_DEPARTAMENTO,DES_MUNICIPIO,COD_ESTADO) values ('68211','68','Contratación','2');
Insert into SALUDMP.VDIR_MUNICIPIO (COD_MUNICIPIO,COD_DEPARTAMENTO,DES_MUNICIPIO,COD_ESTADO) values ('68217','68','Coromoro','2');
Insert into SALUDMP.VDIR_MUNICIPIO (COD_MUNICIPIO,COD_DEPARTAMENTO,DES_MUNICIPIO,COD_ESTADO) values ('68229','68','Curití','2');
Insert into SALUDMP.VDIR_MUNICIPIO (COD_MUNICIPIO,COD_DEPARTAMENTO,DES_MUNICIPIO,COD_ESTADO) values ('68235','68','El Carmen de Chucurí','2');
Insert into SALUDMP.VDIR_MUNICIPIO (COD_MUNICIPIO,COD_DEPARTAMENTO,DES_MUNICIPIO,COD_ESTADO) values ('68245','68','El Guacamayo','2');
Insert into SALUDMP.VDIR_MUNICIPIO (COD_MUNICIPIO,COD_DEPARTAMENTO,DES_MUNICIPIO,COD_ESTADO) values ('68250','68','El Peñón','2');
Insert into SALUDMP.VDIR_MUNICIPIO (COD_MUNICIPIO,COD_DEPARTAMENTO,DES_MUNICIPIO,COD_ESTADO) values ('68255','68','El Playón','2');
Insert into SALUDMP.VDIR_MUNICIPIO (COD_MUNICIPIO,COD_DEPARTAMENTO,DES_MUNICIPIO,COD_ESTADO) values ('68264','68','Encino','2');
Insert into SALUDMP.VDIR_MUNICIPIO (COD_MUNICIPIO,COD_DEPARTAMENTO,DES_MUNICIPIO,COD_ESTADO) values ('68266','68','Enciso','2');
Insert into SALUDMP.VDIR_MUNICIPIO (COD_MUNICIPIO,COD_DEPARTAMENTO,DES_MUNICIPIO,COD_ESTADO) values ('68271','68','Florián','2');
Insert into SALUDMP.VDIR_MUNICIPIO (COD_MUNICIPIO,COD_DEPARTAMENTO,DES_MUNICIPIO,COD_ESTADO) values ('68276','68','Floridablanca','2');
Insert into SALUDMP.VDIR_MUNICIPIO (COD_MUNICIPIO,COD_DEPARTAMENTO,DES_MUNICIPIO,COD_ESTADO) values ('68296','68','Galán','2');
Insert into SALUDMP.VDIR_MUNICIPIO (COD_MUNICIPIO,COD_DEPARTAMENTO,DES_MUNICIPIO,COD_ESTADO) values ('68298','68','Gambita','2');
Insert into SALUDMP.VDIR_MUNICIPIO (COD_MUNICIPIO,COD_DEPARTAMENTO,DES_MUNICIPIO,COD_ESTADO) values ('68307','68','Girón','2');
Insert into SALUDMP.VDIR_MUNICIPIO (COD_MUNICIPIO,COD_DEPARTAMENTO,DES_MUNICIPIO,COD_ESTADO) values ('68318','68','Guaca','2');
Insert into SALUDMP.VDIR_MUNICIPIO (COD_MUNICIPIO,COD_DEPARTAMENTO,DES_MUNICIPIO,COD_ESTADO) values ('68320','68','Guadalupe','2');
Insert into SALUDMP.VDIR_MUNICIPIO (COD_MUNICIPIO,COD_DEPARTAMENTO,DES_MUNICIPIO,COD_ESTADO) values ('68322','68','Guapotá','2');
Insert into SALUDMP.VDIR_MUNICIPIO (COD_MUNICIPIO,COD_DEPARTAMENTO,DES_MUNICIPIO,COD_ESTADO) values ('68324','68','Guavatá','2');
Insert into SALUDMP.VDIR_MUNICIPIO (COD_MUNICIPIO,COD_DEPARTAMENTO,DES_MUNICIPIO,COD_ESTADO) values ('68327','68','Güepsa','2');
Insert into SALUDMP.VDIR_MUNICIPIO (COD_MUNICIPIO,COD_DEPARTAMENTO,DES_MUNICIPIO,COD_ESTADO) values ('68344','68','Hato','2');
Insert into SALUDMP.VDIR_MUNICIPIO (COD_MUNICIPIO,COD_DEPARTAMENTO,DES_MUNICIPIO,COD_ESTADO) values ('68368','68','Jesús María','2');
Insert into SALUDMP.VDIR_MUNICIPIO (COD_MUNICIPIO,COD_DEPARTAMENTO,DES_MUNICIPIO,COD_ESTADO) values ('68370','68','Jordán','2');
Insert into SALUDMP.VDIR_MUNICIPIO (COD_MUNICIPIO,COD_DEPARTAMENTO,DES_MUNICIPIO,COD_ESTADO) values ('68377','68','La Belleza','2');
Insert into SALUDMP.VDIR_MUNICIPIO (COD_MUNICIPIO,COD_DEPARTAMENTO,DES_MUNICIPIO,COD_ESTADO) values ('68397','68','La Paz','2');
Insert into SALUDMP.VDIR_MUNICIPIO (COD_MUNICIPIO,COD_DEPARTAMENTO,DES_MUNICIPIO,COD_ESTADO) values ('68385','68','Landázuri','2');
Insert into SALUDMP.VDIR_MUNICIPIO (COD_MUNICIPIO,COD_DEPARTAMENTO,DES_MUNICIPIO,COD_ESTADO) values ('68406','68','Lebríja','2');
Insert into SALUDMP.VDIR_MUNICIPIO (COD_MUNICIPIO,COD_DEPARTAMENTO,DES_MUNICIPIO,COD_ESTADO) values ('68418','68','Los Santos','2');
Insert into SALUDMP.VDIR_MUNICIPIO (COD_MUNICIPIO,COD_DEPARTAMENTO,DES_MUNICIPIO,COD_ESTADO) values ('68425','68','Macaravita','2');
Insert into SALUDMP.VDIR_MUNICIPIO (COD_MUNICIPIO,COD_DEPARTAMENTO,DES_MUNICIPIO,COD_ESTADO) values ('68432','68','Málaga','2');
Insert into SALUDMP.VDIR_MUNICIPIO (COD_MUNICIPIO,COD_DEPARTAMENTO,DES_MUNICIPIO,COD_ESTADO) values ('68444','68','Matanza','2');
Insert into SALUDMP.VDIR_MUNICIPIO (COD_MUNICIPIO,COD_DEPARTAMENTO,DES_MUNICIPIO,COD_ESTADO) values ('68464','68','Mogotes','2');
Insert into SALUDMP.VDIR_MUNICIPIO (COD_MUNICIPIO,COD_DEPARTAMENTO,DES_MUNICIPIO,COD_ESTADO) values ('68468','68','Molagavita','2');
Insert into SALUDMP.VDIR_MUNICIPIO (COD_MUNICIPIO,COD_DEPARTAMENTO,DES_MUNICIPIO,COD_ESTADO) values ('68498','68','Ocamonte','2');
Insert into SALUDMP.VDIR_MUNICIPIO (COD_MUNICIPIO,COD_DEPARTAMENTO,DES_MUNICIPIO,COD_ESTADO) values ('68500','68','Oiba','2');
Insert into SALUDMP.VDIR_MUNICIPIO (COD_MUNICIPIO,COD_DEPARTAMENTO,DES_MUNICIPIO,COD_ESTADO) values ('68502','68','Onzaga','2');
Insert into SALUDMP.VDIR_MUNICIPIO (COD_MUNICIPIO,COD_DEPARTAMENTO,DES_MUNICIPIO,COD_ESTADO) values ('68522','68','Palmar','2');
Insert into SALUDMP.VDIR_MUNICIPIO (COD_MUNICIPIO,COD_DEPARTAMENTO,DES_MUNICIPIO,COD_ESTADO) values ('68524','68','Palmas del Socorro','2');
Insert into SALUDMP.VDIR_MUNICIPIO (COD_MUNICIPIO,COD_DEPARTAMENTO,DES_MUNICIPIO,COD_ESTADO) values ('68533','68','Páramo','2');
Insert into SALUDMP.VDIR_MUNICIPIO (COD_MUNICIPIO,COD_DEPARTAMENTO,DES_MUNICIPIO,COD_ESTADO) values ('68547','68','Piedecuesta','2');
Insert into SALUDMP.VDIR_MUNICIPIO (COD_MUNICIPIO,COD_DEPARTAMENTO,DES_MUNICIPIO,COD_ESTADO) values ('68549','68','Pinchote','2');
Insert into SALUDMP.VDIR_MUNICIPIO (COD_MUNICIPIO,COD_DEPARTAMENTO,DES_MUNICIPIO,COD_ESTADO) values ('68572','68','Puente Nacional','2');
Insert into SALUDMP.VDIR_MUNICIPIO (COD_MUNICIPIO,COD_DEPARTAMENTO,DES_MUNICIPIO,COD_ESTADO) values ('68573','68','Puerto Parra','2');
Insert into SALUDMP.VDIR_MUNICIPIO (COD_MUNICIPIO,COD_DEPARTAMENTO,DES_MUNICIPIO,COD_ESTADO) values ('68575','68','Puerto Wilches','2');
Insert into SALUDMP.VDIR_MUNICIPIO (COD_MUNICIPIO,COD_DEPARTAMENTO,DES_MUNICIPIO,COD_ESTADO) values ('68615','68','Rionegro','2');
Insert into SALUDMP.VDIR_MUNICIPIO (COD_MUNICIPIO,COD_DEPARTAMENTO,DES_MUNICIPIO,COD_ESTADO) values ('68655','68','Sabana de Torres','2');
Insert into SALUDMP.VDIR_MUNICIPIO (COD_MUNICIPIO,COD_DEPARTAMENTO,DES_MUNICIPIO,COD_ESTADO) values ('68669','68','San Andrés','2');
Insert into SALUDMP.VDIR_MUNICIPIO (COD_MUNICIPIO,COD_DEPARTAMENTO,DES_MUNICIPIO,COD_ESTADO) values ('68673','68','San Benito','2');
Insert into SALUDMP.VDIR_MUNICIPIO (COD_MUNICIPIO,COD_DEPARTAMENTO,DES_MUNICIPIO,COD_ESTADO) values ('68679','68','San Gil','2');
Insert into SALUDMP.VDIR_MUNICIPIO (COD_MUNICIPIO,COD_DEPARTAMENTO,DES_MUNICIPIO,COD_ESTADO) values ('68682','68','San Joaquín','2');
Insert into SALUDMP.VDIR_MUNICIPIO (COD_MUNICIPIO,COD_DEPARTAMENTO,DES_MUNICIPIO,COD_ESTADO) values ('68684','68','San José de Miranda','2');
Insert into SALUDMP.VDIR_MUNICIPIO (COD_MUNICIPIO,COD_DEPARTAMENTO,DES_MUNICIPIO,COD_ESTADO) values ('68686','68','San Miguel','2');
Insert into SALUDMP.VDIR_MUNICIPIO (COD_MUNICIPIO,COD_DEPARTAMENTO,DES_MUNICIPIO,COD_ESTADO) values ('68689','68','San Vicente de Chucurí','2');
Insert into SALUDMP.VDIR_MUNICIPIO (COD_MUNICIPIO,COD_DEPARTAMENTO,DES_MUNICIPIO,COD_ESTADO) values ('68705','68','Santa Bárbara','2');
Insert into SALUDMP.VDIR_MUNICIPIO (COD_MUNICIPIO,COD_DEPARTAMENTO,DES_MUNICIPIO,COD_ESTADO) values ('68720','68','Santa Helena del Opón','2');
Insert into SALUDMP.VDIR_MUNICIPIO (COD_MUNICIPIO,COD_DEPARTAMENTO,DES_MUNICIPIO,COD_ESTADO) values ('68745','68','Simacota','2');
Insert into SALUDMP.VDIR_MUNICIPIO (COD_MUNICIPIO,COD_DEPARTAMENTO,DES_MUNICIPIO,COD_ESTADO) values ('68755','68','Socorro','2');
Insert into SALUDMP.VDIR_MUNICIPIO (COD_MUNICIPIO,COD_DEPARTAMENTO,DES_MUNICIPIO,COD_ESTADO) values ('68770','68','Suaita','2');
Insert into SALUDMP.VDIR_MUNICIPIO (COD_MUNICIPIO,COD_DEPARTAMENTO,DES_MUNICIPIO,COD_ESTADO) values ('68773','68','Sucre','2');
Insert into SALUDMP.VDIR_MUNICIPIO (COD_MUNICIPIO,COD_DEPARTAMENTO,DES_MUNICIPIO,COD_ESTADO) values ('68780','68','Suratá','2');
Insert into SALUDMP.VDIR_MUNICIPIO (COD_MUNICIPIO,COD_DEPARTAMENTO,DES_MUNICIPIO,COD_ESTADO) values ('68820','68','Tona','2');
Insert into SALUDMP.VDIR_MUNICIPIO (COD_MUNICIPIO,COD_DEPARTAMENTO,DES_MUNICIPIO,COD_ESTADO) values ('68855','68','Valle de San José','2');
Insert into SALUDMP.VDIR_MUNICIPIO (COD_MUNICIPIO,COD_DEPARTAMENTO,DES_MUNICIPIO,COD_ESTADO) values ('68861','68','Vélez','2');
Insert into SALUDMP.VDIR_MUNICIPIO (COD_MUNICIPIO,COD_DEPARTAMENTO,DES_MUNICIPIO,COD_ESTADO) values ('68867','68','Vetas','2');
Insert into SALUDMP.VDIR_MUNICIPIO (COD_MUNICIPIO,COD_DEPARTAMENTO,DES_MUNICIPIO,COD_ESTADO) values ('68872','68','Villanueva','2');
Insert into SALUDMP.VDIR_MUNICIPIO (COD_MUNICIPIO,COD_DEPARTAMENTO,DES_MUNICIPIO,COD_ESTADO) values ('68895','68','Zapatoca','2');
Insert into SALUDMP.VDIR_MUNICIPIO (COD_MUNICIPIO,COD_DEPARTAMENTO,DES_MUNICIPIO,COD_ESTADO) values ('70110','70','Buenavista','2');
Insert into SALUDMP.VDIR_MUNICIPIO (COD_MUNICIPIO,COD_DEPARTAMENTO,DES_MUNICIPIO,COD_ESTADO) values ('70124','70','Caimito','2');
Insert into SALUDMP.VDIR_MUNICIPIO (COD_MUNICIPIO,COD_DEPARTAMENTO,DES_MUNICIPIO,COD_ESTADO) values ('70230','70','Chalán','2');
Insert into SALUDMP.VDIR_MUNICIPIO (COD_MUNICIPIO,COD_DEPARTAMENTO,DES_MUNICIPIO,COD_ESTADO) values ('70204','70','Coloso','2');
Insert into SALUDMP.VDIR_MUNICIPIO (COD_MUNICIPIO,COD_DEPARTAMENTO,DES_MUNICIPIO,COD_ESTADO) values ('70215','70','Corozal','2');
Insert into SALUDMP.VDIR_MUNICIPIO (COD_MUNICIPIO,COD_DEPARTAMENTO,DES_MUNICIPIO,COD_ESTADO) values ('70221','70','Coveñas','2');
Insert into SALUDMP.VDIR_MUNICIPIO (COD_MUNICIPIO,COD_DEPARTAMENTO,DES_MUNICIPIO,COD_ESTADO) values ('70233','70','El Roble','2');
Insert into SALUDMP.VDIR_MUNICIPIO (COD_MUNICIPIO,COD_DEPARTAMENTO,DES_MUNICIPIO,COD_ESTADO) values ('70235','70','Galeras','2');
Insert into SALUDMP.VDIR_MUNICIPIO (COD_MUNICIPIO,COD_DEPARTAMENTO,DES_MUNICIPIO,COD_ESTADO) values ('70265','70','Guaranda','2');
Insert into SALUDMP.VDIR_MUNICIPIO (COD_MUNICIPIO,COD_DEPARTAMENTO,DES_MUNICIPIO,COD_ESTADO) values ('70400','70','La Unión','2');
Insert into SALUDMP.VDIR_MUNICIPIO (COD_MUNICIPIO,COD_DEPARTAMENTO,DES_MUNICIPIO,COD_ESTADO) values ('70418','70','Los Palmitos','2');
Insert into SALUDMP.VDIR_MUNICIPIO (COD_MUNICIPIO,COD_DEPARTAMENTO,DES_MUNICIPIO,COD_ESTADO) values ('70429','70','Majagual','2');
Insert into SALUDMP.VDIR_MUNICIPIO (COD_MUNICIPIO,COD_DEPARTAMENTO,DES_MUNICIPIO,COD_ESTADO) values ('70473','70','Morroa','2');
Insert into SALUDMP.VDIR_MUNICIPIO (COD_MUNICIPIO,COD_DEPARTAMENTO,DES_MUNICIPIO,COD_ESTADO) values ('70508','70','Ovejas','2');
Insert into SALUDMP.VDIR_MUNICIPIO (COD_MUNICIPIO,COD_DEPARTAMENTO,DES_MUNICIPIO,COD_ESTADO) values ('70523','70','Palmito','2');
Insert into SALUDMP.VDIR_MUNICIPIO (COD_MUNICIPIO,COD_DEPARTAMENTO,DES_MUNICIPIO,COD_ESTADO) values ('70670','70','Sampués','2');
Insert into SALUDMP.VDIR_MUNICIPIO (COD_MUNICIPIO,COD_DEPARTAMENTO,DES_MUNICIPIO,COD_ESTADO) values ('70678','70','San Benito Abad','2');
Insert into SALUDMP.VDIR_MUNICIPIO (COD_MUNICIPIO,COD_DEPARTAMENTO,DES_MUNICIPIO,COD_ESTADO) values ('70702','70','San Juan de Betulia','2');
Insert into SALUDMP.VDIR_MUNICIPIO (COD_MUNICIPIO,COD_DEPARTAMENTO,DES_MUNICIPIO,COD_ESTADO) values ('70742','70','San Luis de Sincé','2');
Insert into SALUDMP.VDIR_MUNICIPIO (COD_MUNICIPIO,COD_DEPARTAMENTO,DES_MUNICIPIO,COD_ESTADO) values ('70708','70','San Marcos','2');
Insert into SALUDMP.VDIR_MUNICIPIO (COD_MUNICIPIO,COD_DEPARTAMENTO,DES_MUNICIPIO,COD_ESTADO) values ('70713','70','San Onofre','2');
Insert into SALUDMP.VDIR_MUNICIPIO (COD_MUNICIPIO,COD_DEPARTAMENTO,DES_MUNICIPIO,COD_ESTADO) values ('70717','70','San Pedro','2');
Insert into SALUDMP.VDIR_MUNICIPIO (COD_MUNICIPIO,COD_DEPARTAMENTO,DES_MUNICIPIO,COD_ESTADO) values ('70820','70','Santiago de Tolú','2');
Insert into SALUDMP.VDIR_MUNICIPIO (COD_MUNICIPIO,COD_DEPARTAMENTO,DES_MUNICIPIO,COD_ESTADO) values ('70001','70','Sincelejo','2');
Insert into SALUDMP.VDIR_MUNICIPIO (COD_MUNICIPIO,COD_DEPARTAMENTO,DES_MUNICIPIO,COD_ESTADO) values ('70771','70','Sucre','2');
Insert into SALUDMP.VDIR_MUNICIPIO (COD_MUNICIPIO,COD_DEPARTAMENTO,DES_MUNICIPIO,COD_ESTADO) values ('70823','70','Tolú Viejo','2');
Insert into SALUDMP.VDIR_MUNICIPIO (COD_MUNICIPIO,COD_DEPARTAMENTO,DES_MUNICIPIO,COD_ESTADO) values ('73024','73','Alpujarra','2');
Insert into SALUDMP.VDIR_MUNICIPIO (COD_MUNICIPIO,COD_DEPARTAMENTO,DES_MUNICIPIO,COD_ESTADO) values ('73026','73','Alvarado','2');
Insert into SALUDMP.VDIR_MUNICIPIO (COD_MUNICIPIO,COD_DEPARTAMENTO,DES_MUNICIPIO,COD_ESTADO) values ('73030','73','Ambalema','2');
Insert into SALUDMP.VDIR_MUNICIPIO (COD_MUNICIPIO,COD_DEPARTAMENTO,DES_MUNICIPIO,COD_ESTADO) values ('73043','73','Anzoátegui','2');
Insert into SALUDMP.VDIR_MUNICIPIO (COD_MUNICIPIO,COD_DEPARTAMENTO,DES_MUNICIPIO,COD_ESTADO) values ('73055','73','Armero','2');
Insert into SALUDMP.VDIR_MUNICIPIO (COD_MUNICIPIO,COD_DEPARTAMENTO,DES_MUNICIPIO,COD_ESTADO) values ('73067','73','Ataco','2');
Insert into SALUDMP.VDIR_MUNICIPIO (COD_MUNICIPIO,COD_DEPARTAMENTO,DES_MUNICIPIO,COD_ESTADO) values ('73124','73','Cajamarca','2');
Insert into SALUDMP.VDIR_MUNICIPIO (COD_MUNICIPIO,COD_DEPARTAMENTO,DES_MUNICIPIO,COD_ESTADO) values ('73148','73','Carmen de Apicala','2');
Insert into SALUDMP.VDIR_MUNICIPIO (COD_MUNICIPIO,COD_DEPARTAMENTO,DES_MUNICIPIO,COD_ESTADO) values ('73152','73','Casabianca','2');
Insert into SALUDMP.VDIR_MUNICIPIO (COD_MUNICIPIO,COD_DEPARTAMENTO,DES_MUNICIPIO,COD_ESTADO) values ('73168','73','Chaparral','2');
Insert into SALUDMP.VDIR_MUNICIPIO (COD_MUNICIPIO,COD_DEPARTAMENTO,DES_MUNICIPIO,COD_ESTADO) values ('73200','73','Coello','2');
Insert into SALUDMP.VDIR_MUNICIPIO (COD_MUNICIPIO,COD_DEPARTAMENTO,DES_MUNICIPIO,COD_ESTADO) values ('73217','73','Coyaima','2');
Insert into SALUDMP.VDIR_MUNICIPIO (COD_MUNICIPIO,COD_DEPARTAMENTO,DES_MUNICIPIO,COD_ESTADO) values ('73226','73','Cunday','2');
Insert into SALUDMP.VDIR_MUNICIPIO (COD_MUNICIPIO,COD_DEPARTAMENTO,DES_MUNICIPIO,COD_ESTADO) values ('73236','73','Dolores','2');
Insert into SALUDMP.VDIR_MUNICIPIO (COD_MUNICIPIO,COD_DEPARTAMENTO,DES_MUNICIPIO,COD_ESTADO) values ('73268','73','Espinal','2');
Insert into SALUDMP.VDIR_MUNICIPIO (COD_MUNICIPIO,COD_DEPARTAMENTO,DES_MUNICIPIO,COD_ESTADO) values ('73270','73','Falan','2');
Insert into SALUDMP.VDIR_MUNICIPIO (COD_MUNICIPIO,COD_DEPARTAMENTO,DES_MUNICIPIO,COD_ESTADO) values ('73275','73','Flandes','2');
Insert into SALUDMP.VDIR_MUNICIPIO (COD_MUNICIPIO,COD_DEPARTAMENTO,DES_MUNICIPIO,COD_ESTADO) values ('73283','73','Fresno','2');
Insert into SALUDMP.VDIR_MUNICIPIO (COD_MUNICIPIO,COD_DEPARTAMENTO,DES_MUNICIPIO,COD_ESTADO) values ('73319','73','Guamo','2');
Insert into SALUDMP.VDIR_MUNICIPIO (COD_MUNICIPIO,COD_DEPARTAMENTO,DES_MUNICIPIO,COD_ESTADO) values ('73347','73','Herveo','2');
Insert into SALUDMP.VDIR_MUNICIPIO (COD_MUNICIPIO,COD_DEPARTAMENTO,DES_MUNICIPIO,COD_ESTADO) values ('73349','73','Honda','2');
Insert into SALUDMP.VDIR_MUNICIPIO (COD_MUNICIPIO,COD_DEPARTAMENTO,DES_MUNICIPIO,COD_ESTADO) values ('73001','73','Ibagué','2');
Insert into SALUDMP.VDIR_MUNICIPIO (COD_MUNICIPIO,COD_DEPARTAMENTO,DES_MUNICIPIO,COD_ESTADO) values ('73352','73','Icononzo','2');
Insert into SALUDMP.VDIR_MUNICIPIO (COD_MUNICIPIO,COD_DEPARTAMENTO,DES_MUNICIPIO,COD_ESTADO) values ('73408','73','Lérida','2');
Insert into SALUDMP.VDIR_MUNICIPIO (COD_MUNICIPIO,COD_DEPARTAMENTO,DES_MUNICIPIO,COD_ESTADO) values ('73411','73','Líbano','2');
Insert into SALUDMP.VDIR_MUNICIPIO (COD_MUNICIPIO,COD_DEPARTAMENTO,DES_MUNICIPIO,COD_ESTADO) values ('73443','73','Mariquita','2');
Insert into SALUDMP.VDIR_MUNICIPIO (COD_MUNICIPIO,COD_DEPARTAMENTO,DES_MUNICIPIO,COD_ESTADO) values ('73449','73','Melgar','2');
Insert into SALUDMP.VDIR_MUNICIPIO (COD_MUNICIPIO,COD_DEPARTAMENTO,DES_MUNICIPIO,COD_ESTADO) values ('73461','73','Murillo','2');
Insert into SALUDMP.VDIR_MUNICIPIO (COD_MUNICIPIO,COD_DEPARTAMENTO,DES_MUNICIPIO,COD_ESTADO) values ('73483','73','Natagaima','2');
Insert into SALUDMP.VDIR_MUNICIPIO (COD_MUNICIPIO,COD_DEPARTAMENTO,DES_MUNICIPIO,COD_ESTADO) values ('73504','73','Ortega','2');
Insert into SALUDMP.VDIR_MUNICIPIO (COD_MUNICIPIO,COD_DEPARTAMENTO,DES_MUNICIPIO,COD_ESTADO) values ('73520','73','Palocabildo','2');
Insert into SALUDMP.VDIR_MUNICIPIO (COD_MUNICIPIO,COD_DEPARTAMENTO,DES_MUNICIPIO,COD_ESTADO) values ('73547','73','Piedras','2');
Insert into SALUDMP.VDIR_MUNICIPIO (COD_MUNICIPIO,COD_DEPARTAMENTO,DES_MUNICIPIO,COD_ESTADO) values ('73555','73','Planadas','2');
Insert into SALUDMP.VDIR_MUNICIPIO (COD_MUNICIPIO,COD_DEPARTAMENTO,DES_MUNICIPIO,COD_ESTADO) values ('73563','73','Prado','2');
Insert into SALUDMP.VDIR_MUNICIPIO (COD_MUNICIPIO,COD_DEPARTAMENTO,DES_MUNICIPIO,COD_ESTADO) values ('73585','73','Purificación','2');
Insert into SALUDMP.VDIR_MUNICIPIO (COD_MUNICIPIO,COD_DEPARTAMENTO,DES_MUNICIPIO,COD_ESTADO) values ('73616','73','Rio Blanco','2');
Insert into SALUDMP.VDIR_MUNICIPIO (COD_MUNICIPIO,COD_DEPARTAMENTO,DES_MUNICIPIO,COD_ESTADO) values ('73622','73','Roncesvalles','2');
Insert into SALUDMP.VDIR_MUNICIPIO (COD_MUNICIPIO,COD_DEPARTAMENTO,DES_MUNICIPIO,COD_ESTADO) values ('73624','73','Rovira','2');
Insert into SALUDMP.VDIR_MUNICIPIO (COD_MUNICIPIO,COD_DEPARTAMENTO,DES_MUNICIPIO,COD_ESTADO) values ('73671','73','Saldaña','2');
Insert into SALUDMP.VDIR_MUNICIPIO (COD_MUNICIPIO,COD_DEPARTAMENTO,DES_MUNICIPIO,COD_ESTADO) values ('73675','73','San Antonio','2');
Insert into SALUDMP.VDIR_MUNICIPIO (COD_MUNICIPIO,COD_DEPARTAMENTO,DES_MUNICIPIO,COD_ESTADO) values ('73678','73','San Luis','2');
Insert into SALUDMP.VDIR_MUNICIPIO (COD_MUNICIPIO,COD_DEPARTAMENTO,DES_MUNICIPIO,COD_ESTADO) values ('73686','73','Santa Isabel','2');
Insert into SALUDMP.VDIR_MUNICIPIO (COD_MUNICIPIO,COD_DEPARTAMENTO,DES_MUNICIPIO,COD_ESTADO) values ('73770','73','Suárez','2');
Insert into SALUDMP.VDIR_MUNICIPIO (COD_MUNICIPIO,COD_DEPARTAMENTO,DES_MUNICIPIO,COD_ESTADO) values ('73854','73','Valle de San Juan','2');
Insert into SALUDMP.VDIR_MUNICIPIO (COD_MUNICIPIO,COD_DEPARTAMENTO,DES_MUNICIPIO,COD_ESTADO) values ('73861','73','Venadillo','2');
Insert into SALUDMP.VDIR_MUNICIPIO (COD_MUNICIPIO,COD_DEPARTAMENTO,DES_MUNICIPIO,COD_ESTADO) values ('73870','73','Villahermosa','2');
Insert into SALUDMP.VDIR_MUNICIPIO (COD_MUNICIPIO,COD_DEPARTAMENTO,DES_MUNICIPIO,COD_ESTADO) values ('73873','73','Villarrica','2');
Insert into SALUDMP.VDIR_MUNICIPIO (COD_MUNICIPIO,COD_DEPARTAMENTO,DES_MUNICIPIO,COD_ESTADO) values ('76020','76','Alcalá','1');
Insert into SALUDMP.VDIR_MUNICIPIO (COD_MUNICIPIO,COD_DEPARTAMENTO,DES_MUNICIPIO,COD_ESTADO) values ('76036','76','Andalucía','1');
Insert into SALUDMP.VDIR_MUNICIPIO (COD_MUNICIPIO,COD_DEPARTAMENTO,DES_MUNICIPIO,COD_ESTADO) values ('76041','76','Ansermanuevo','1');
Insert into SALUDMP.VDIR_MUNICIPIO (COD_MUNICIPIO,COD_DEPARTAMENTO,DES_MUNICIPIO,COD_ESTADO) values ('76054','76','Argelia','1');
Insert into SALUDMP.VDIR_MUNICIPIO (COD_MUNICIPIO,COD_DEPARTAMENTO,DES_MUNICIPIO,COD_ESTADO) values ('76100','76','Bolívar','1');
Insert into SALUDMP.VDIR_MUNICIPIO (COD_MUNICIPIO,COD_DEPARTAMENTO,DES_MUNICIPIO,COD_ESTADO) values ('76109','76','Buenaventura','1');
Insert into SALUDMP.VDIR_MUNICIPIO (COD_MUNICIPIO,COD_DEPARTAMENTO,DES_MUNICIPIO,COD_ESTADO) values ('76113','76','Bugalagrande','1');
Insert into SALUDMP.VDIR_MUNICIPIO (COD_MUNICIPIO,COD_DEPARTAMENTO,DES_MUNICIPIO,COD_ESTADO) values ('76122','76','Caicedonia','1');
Insert into SALUDMP.VDIR_MUNICIPIO (COD_MUNICIPIO,COD_DEPARTAMENTO,DES_MUNICIPIO,COD_ESTADO) values ('76001','76','Cali','1');
Insert into SALUDMP.VDIR_MUNICIPIO (COD_MUNICIPIO,COD_DEPARTAMENTO,DES_MUNICIPIO,COD_ESTADO) values ('76126','76','Calima','1');
Insert into SALUDMP.VDIR_MUNICIPIO (COD_MUNICIPIO,COD_DEPARTAMENTO,DES_MUNICIPIO,COD_ESTADO) values ('76130','76','Candelaria','1');
Insert into SALUDMP.VDIR_MUNICIPIO (COD_MUNICIPIO,COD_DEPARTAMENTO,DES_MUNICIPIO,COD_ESTADO) values ('76147','76','Cartago','1');
Insert into SALUDMP.VDIR_MUNICIPIO (COD_MUNICIPIO,COD_DEPARTAMENTO,DES_MUNICIPIO,COD_ESTADO) values ('76233','76','Dagua','1');
Insert into SALUDMP.VDIR_MUNICIPIO (COD_MUNICIPIO,COD_DEPARTAMENTO,DES_MUNICIPIO,COD_ESTADO) values ('76243','76','El Águila','1');
Insert into SALUDMP.VDIR_MUNICIPIO (COD_MUNICIPIO,COD_DEPARTAMENTO,DES_MUNICIPIO,COD_ESTADO) values ('76246','76','El Cairo','1');
Insert into SALUDMP.VDIR_MUNICIPIO (COD_MUNICIPIO,COD_DEPARTAMENTO,DES_MUNICIPIO,COD_ESTADO) values ('76248','76','El Cerrito','1');
Insert into SALUDMP.VDIR_MUNICIPIO (COD_MUNICIPIO,COD_DEPARTAMENTO,DES_MUNICIPIO,COD_ESTADO) values ('76250','76','El Dovio','1');
Insert into SALUDMP.VDIR_MUNICIPIO (COD_MUNICIPIO,COD_DEPARTAMENTO,DES_MUNICIPIO,COD_ESTADO) values ('76275','76','Florida','1');
Insert into SALUDMP.VDIR_MUNICIPIO (COD_MUNICIPIO,COD_DEPARTAMENTO,DES_MUNICIPIO,COD_ESTADO) values ('76306','76','Ginebra','1');
Insert into SALUDMP.VDIR_MUNICIPIO (COD_MUNICIPIO,COD_DEPARTAMENTO,DES_MUNICIPIO,COD_ESTADO) values ('76318','76','Guacarí','1');
Insert into SALUDMP.VDIR_MUNICIPIO (COD_MUNICIPIO,COD_DEPARTAMENTO,DES_MUNICIPIO,COD_ESTADO) values ('76111','76','Guadalajara de Buga','1');
Insert into SALUDMP.VDIR_MUNICIPIO (COD_MUNICIPIO,COD_DEPARTAMENTO,DES_MUNICIPIO,COD_ESTADO) values ('76364','76','Jamundí','1');
Insert into SALUDMP.VDIR_MUNICIPIO (COD_MUNICIPIO,COD_DEPARTAMENTO,DES_MUNICIPIO,COD_ESTADO) values ('76377','76','La Cumbre','1');
Insert into SALUDMP.VDIR_MUNICIPIO (COD_MUNICIPIO,COD_DEPARTAMENTO,DES_MUNICIPIO,COD_ESTADO) values ('76400','76','La Unión','1');
Insert into SALUDMP.VDIR_MUNICIPIO (COD_MUNICIPIO,COD_DEPARTAMENTO,DES_MUNICIPIO,COD_ESTADO) values ('76403','76','La Victoria','1');
Insert into SALUDMP.VDIR_MUNICIPIO (COD_MUNICIPIO,COD_DEPARTAMENTO,DES_MUNICIPIO,COD_ESTADO) values ('76497','76','Obando','1');
Insert into SALUDMP.VDIR_MUNICIPIO (COD_MUNICIPIO,COD_DEPARTAMENTO,DES_MUNICIPIO,COD_ESTADO) values ('76520','76','Palmira','1');
Insert into SALUDMP.VDIR_MUNICIPIO (COD_MUNICIPIO,COD_DEPARTAMENTO,DES_MUNICIPIO,COD_ESTADO) values ('76563','76','Pradera','1');
Insert into SALUDMP.VDIR_MUNICIPIO (COD_MUNICIPIO,COD_DEPARTAMENTO,DES_MUNICIPIO,COD_ESTADO) values ('76606','76','Restrepo','1');
Insert into SALUDMP.VDIR_MUNICIPIO (COD_MUNICIPIO,COD_DEPARTAMENTO,DES_MUNICIPIO,COD_ESTADO) values ('76616','76','Riofrío','1');
Insert into SALUDMP.VDIR_MUNICIPIO (COD_MUNICIPIO,COD_DEPARTAMENTO,DES_MUNICIPIO,COD_ESTADO) values ('76622','76','Roldanillo','1');
Insert into SALUDMP.VDIR_MUNICIPIO (COD_MUNICIPIO,COD_DEPARTAMENTO,DES_MUNICIPIO,COD_ESTADO) values ('76670','76','San Pedro','1');
Insert into SALUDMP.VDIR_MUNICIPIO (COD_MUNICIPIO,COD_DEPARTAMENTO,DES_MUNICIPIO,COD_ESTADO) values ('76736','76','Sevilla','1');
Insert into SALUDMP.VDIR_MUNICIPIO (COD_MUNICIPIO,COD_DEPARTAMENTO,DES_MUNICIPIO,COD_ESTADO) values ('76823','76','Toro','1');
Insert into SALUDMP.VDIR_MUNICIPIO (COD_MUNICIPIO,COD_DEPARTAMENTO,DES_MUNICIPIO,COD_ESTADO) values ('76828','76','Trujillo','1');
Insert into SALUDMP.VDIR_MUNICIPIO (COD_MUNICIPIO,COD_DEPARTAMENTO,DES_MUNICIPIO,COD_ESTADO) values ('76834','76','Tuluá','1');
Insert into SALUDMP.VDIR_MUNICIPIO (COD_MUNICIPIO,COD_DEPARTAMENTO,DES_MUNICIPIO,COD_ESTADO) values ('76845','76','Ulloa','1');
Insert into SALUDMP.VDIR_MUNICIPIO (COD_MUNICIPIO,COD_DEPARTAMENTO,DES_MUNICIPIO,COD_ESTADO) values ('76863','76','Versalles','1');
Insert into SALUDMP.VDIR_MUNICIPIO (COD_MUNICIPIO,COD_DEPARTAMENTO,DES_MUNICIPIO,COD_ESTADO) values ('76869','76','Vijes','1');
Insert into SALUDMP.VDIR_MUNICIPIO (COD_MUNICIPIO,COD_DEPARTAMENTO,DES_MUNICIPIO,COD_ESTADO) values ('76890','76','Yotoco','1');
Insert into SALUDMP.VDIR_MUNICIPIO (COD_MUNICIPIO,COD_DEPARTAMENTO,DES_MUNICIPIO,COD_ESTADO) values ('76892','76','Yumbo','1');
Insert into SALUDMP.VDIR_MUNICIPIO (COD_MUNICIPIO,COD_DEPARTAMENTO,DES_MUNICIPIO,COD_ESTADO) values ('76895','76','Zarzal','1');
Insert into SALUDMP.VDIR_MUNICIPIO (COD_MUNICIPIO,COD_DEPARTAMENTO,DES_MUNICIPIO,COD_ESTADO) values ('81001','81','Arauca','1');
Insert into SALUDMP.VDIR_MUNICIPIO (COD_MUNICIPIO,COD_DEPARTAMENTO,DES_MUNICIPIO,COD_ESTADO) values ('81065','81','Arauquita','1');
Insert into SALUDMP.VDIR_MUNICIPIO (COD_MUNICIPIO,COD_DEPARTAMENTO,DES_MUNICIPIO,COD_ESTADO) values ('81220','81','Cravo Norte','1');
Insert into SALUDMP.VDIR_MUNICIPIO (COD_MUNICIPIO,COD_DEPARTAMENTO,DES_MUNICIPIO,COD_ESTADO) values ('81300','81','Fortul','1');
Insert into SALUDMP.VDIR_MUNICIPIO (COD_MUNICIPIO,COD_DEPARTAMENTO,DES_MUNICIPIO,COD_ESTADO) values ('81591','81','Puerto Rondón','1');
Insert into SALUDMP.VDIR_MUNICIPIO (COD_MUNICIPIO,COD_DEPARTAMENTO,DES_MUNICIPIO,COD_ESTADO) values ('81736','81','Saravena','1');
Insert into SALUDMP.VDIR_MUNICIPIO (COD_MUNICIPIO,COD_DEPARTAMENTO,DES_MUNICIPIO,COD_ESTADO) values ('81794','81','Tame','1');
Insert into SALUDMP.VDIR_MUNICIPIO (COD_MUNICIPIO,COD_DEPARTAMENTO,DES_MUNICIPIO,COD_ESTADO) values ('85010','85','Aguazul','1');
Insert into SALUDMP.VDIR_MUNICIPIO (COD_MUNICIPIO,COD_DEPARTAMENTO,DES_MUNICIPIO,COD_ESTADO) values ('85015','85','Chámeza','1');
Insert into SALUDMP.VDIR_MUNICIPIO (COD_MUNICIPIO,COD_DEPARTAMENTO,DES_MUNICIPIO,COD_ESTADO) values ('85125','85','Hato Corozal','1');
Insert into SALUDMP.VDIR_MUNICIPIO (COD_MUNICIPIO,COD_DEPARTAMENTO,DES_MUNICIPIO,COD_ESTADO) values ('85136','85','La Salina','1');
Insert into SALUDMP.VDIR_MUNICIPIO (COD_MUNICIPIO,COD_DEPARTAMENTO,DES_MUNICIPIO,COD_ESTADO) values ('85139','85','Maní','1');
Insert into SALUDMP.VDIR_MUNICIPIO (COD_MUNICIPIO,COD_DEPARTAMENTO,DES_MUNICIPIO,COD_ESTADO) values ('85162','85','Monterrey','1');
Insert into SALUDMP.VDIR_MUNICIPIO (COD_MUNICIPIO,COD_DEPARTAMENTO,DES_MUNICIPIO,COD_ESTADO) values ('85225','85','Nunchía','1');
Insert into SALUDMP.VDIR_MUNICIPIO (COD_MUNICIPIO,COD_DEPARTAMENTO,DES_MUNICIPIO,COD_ESTADO) values ('85230','85','Orocué','1');
Insert into SALUDMP.VDIR_MUNICIPIO (COD_MUNICIPIO,COD_DEPARTAMENTO,DES_MUNICIPIO,COD_ESTADO) values ('85250','85','Paz de Ariporo','1');
Insert into SALUDMP.VDIR_MUNICIPIO (COD_MUNICIPIO,COD_DEPARTAMENTO,DES_MUNICIPIO,COD_ESTADO) values ('85263','85','Pore','1');
Insert into SALUDMP.VDIR_MUNICIPIO (COD_MUNICIPIO,COD_DEPARTAMENTO,DES_MUNICIPIO,COD_ESTADO) values ('85279','85','Recetor','1');
Insert into SALUDMP.VDIR_MUNICIPIO (COD_MUNICIPIO,COD_DEPARTAMENTO,DES_MUNICIPIO,COD_ESTADO) values ('85300','85','Sabanalarga','1');
Insert into SALUDMP.VDIR_MUNICIPIO (COD_MUNICIPIO,COD_DEPARTAMENTO,DES_MUNICIPIO,COD_ESTADO) values ('85315','85','Sácama','1');
Insert into SALUDMP.VDIR_MUNICIPIO (COD_MUNICIPIO,COD_DEPARTAMENTO,DES_MUNICIPIO,COD_ESTADO) values ('85325','85','San Luis de Gaceno','1');
Insert into SALUDMP.VDIR_MUNICIPIO (COD_MUNICIPIO,COD_DEPARTAMENTO,DES_MUNICIPIO,COD_ESTADO) values ('85400','85','Támara','1');
Insert into SALUDMP.VDIR_MUNICIPIO (COD_MUNICIPIO,COD_DEPARTAMENTO,DES_MUNICIPIO,COD_ESTADO) values ('85410','85','Tauramena','1');
Insert into SALUDMP.VDIR_MUNICIPIO (COD_MUNICIPIO,COD_DEPARTAMENTO,DES_MUNICIPIO,COD_ESTADO) values ('85430','85','Trinidad','1');
Insert into SALUDMP.VDIR_MUNICIPIO (COD_MUNICIPIO,COD_DEPARTAMENTO,DES_MUNICIPIO,COD_ESTADO) values ('85440','85','Villanueva','1');
Insert into SALUDMP.VDIR_MUNICIPIO (COD_MUNICIPIO,COD_DEPARTAMENTO,DES_MUNICIPIO,COD_ESTADO) values ('85001','85','Yopal','1');
Insert into SALUDMP.VDIR_MUNICIPIO (COD_MUNICIPIO,COD_DEPARTAMENTO,DES_MUNICIPIO,COD_ESTADO) values ('86219','86','Colón','1');
Insert into SALUDMP.VDIR_MUNICIPIO (COD_MUNICIPIO,COD_DEPARTAMENTO,DES_MUNICIPIO,COD_ESTADO) values ('86573','86','Leguízamo','1');
Insert into SALUDMP.VDIR_MUNICIPIO (COD_MUNICIPIO,COD_DEPARTAMENTO,DES_MUNICIPIO,COD_ESTADO) values ('86001','86','Mocoa','1');
Insert into SALUDMP.VDIR_MUNICIPIO (COD_MUNICIPIO,COD_DEPARTAMENTO,DES_MUNICIPIO,COD_ESTADO) values ('86320','86','Orito','1');
Insert into SALUDMP.VDIR_MUNICIPIO (COD_MUNICIPIO,COD_DEPARTAMENTO,DES_MUNICIPIO,COD_ESTADO) values ('86568','86','Puerto Asís','1');
Insert into SALUDMP.VDIR_MUNICIPIO (COD_MUNICIPIO,COD_DEPARTAMENTO,DES_MUNICIPIO,COD_ESTADO) values ('86569','86','Puerto Caicedo','1');
Insert into SALUDMP.VDIR_MUNICIPIO (COD_MUNICIPIO,COD_DEPARTAMENTO,DES_MUNICIPIO,COD_ESTADO) values ('86571','86','Puerto Guzmán','1');
Insert into SALUDMP.VDIR_MUNICIPIO (COD_MUNICIPIO,COD_DEPARTAMENTO,DES_MUNICIPIO,COD_ESTADO) values ('86755','86','San Francisco','1');
Insert into SALUDMP.VDIR_MUNICIPIO (COD_MUNICIPIO,COD_DEPARTAMENTO,DES_MUNICIPIO,COD_ESTADO) values ('86757','86','San Miguel','1');
Insert into SALUDMP.VDIR_MUNICIPIO (COD_MUNICIPIO,COD_DEPARTAMENTO,DES_MUNICIPIO,COD_ESTADO) values ('86760','86','Santiago','1');
Insert into SALUDMP.VDIR_MUNICIPIO (COD_MUNICIPIO,COD_DEPARTAMENTO,DES_MUNICIPIO,COD_ESTADO) values ('86749','86','Sibundoy','1');
Insert into SALUDMP.VDIR_MUNICIPIO (COD_MUNICIPIO,COD_DEPARTAMENTO,DES_MUNICIPIO,COD_ESTADO) values ('86865','86','Valle de Guamez','1');
Insert into SALUDMP.VDIR_MUNICIPIO (COD_MUNICIPIO,COD_DEPARTAMENTO,DES_MUNICIPIO,COD_ESTADO) values ('86885','86','Villagarzón','1');
Insert into SALUDMP.VDIR_MUNICIPIO (COD_MUNICIPIO,COD_DEPARTAMENTO,DES_MUNICIPIO,COD_ESTADO) values ('91263','91','El Encanto','1');
Insert into SALUDMP.VDIR_MUNICIPIO (COD_MUNICIPIO,COD_DEPARTAMENTO,DES_MUNICIPIO,COD_ESTADO) values ('91405','91','La Chorrera','1');
Insert into SALUDMP.VDIR_MUNICIPIO (COD_MUNICIPIO,COD_DEPARTAMENTO,DES_MUNICIPIO,COD_ESTADO) values ('91407','91','La Pedrera','1');
Insert into SALUDMP.VDIR_MUNICIPIO (COD_MUNICIPIO,COD_DEPARTAMENTO,DES_MUNICIPIO,COD_ESTADO) values ('91430','91','La Victoria','1');
Insert into SALUDMP.VDIR_MUNICIPIO (COD_MUNICIPIO,COD_DEPARTAMENTO,DES_MUNICIPIO,COD_ESTADO) values ('91001','91','Leticia','1');
Insert into SALUDMP.VDIR_MUNICIPIO (COD_MUNICIPIO,COD_DEPARTAMENTO,DES_MUNICIPIO,COD_ESTADO) values ('91460','91','Miriti Paraná','1');
Insert into SALUDMP.VDIR_MUNICIPIO (COD_MUNICIPIO,COD_DEPARTAMENTO,DES_MUNICIPIO,COD_ESTADO) values ('91530','91','Puerto Alegría','1');
Insert into SALUDMP.VDIR_MUNICIPIO (COD_MUNICIPIO,COD_DEPARTAMENTO,DES_MUNICIPIO,COD_ESTADO) values ('91536','91','Puerto Arica','1');
Insert into SALUDMP.VDIR_MUNICIPIO (COD_MUNICIPIO,COD_DEPARTAMENTO,DES_MUNICIPIO,COD_ESTADO) values ('91540','91','Puerto Nariño','1');
Insert into SALUDMP.VDIR_MUNICIPIO (COD_MUNICIPIO,COD_DEPARTAMENTO,DES_MUNICIPIO,COD_ESTADO) values ('91669','91','Puerto Santander','1');
Insert into SALUDMP.VDIR_MUNICIPIO (COD_MUNICIPIO,COD_DEPARTAMENTO,DES_MUNICIPIO,COD_ESTADO) values ('91798','91','Tarapacá','1');
Insert into SALUDMP.VDIR_MUNICIPIO (COD_MUNICIPIO,COD_DEPARTAMENTO,DES_MUNICIPIO,COD_ESTADO) values ('94343','94','Barranco Minas','1');
Insert into SALUDMP.VDIR_MUNICIPIO (COD_MUNICIPIO,COD_DEPARTAMENTO,DES_MUNICIPIO,COD_ESTADO) values ('94886','94','Cacahual','1');
Insert into SALUDMP.VDIR_MUNICIPIO (COD_MUNICIPIO,COD_DEPARTAMENTO,DES_MUNICIPIO,COD_ESTADO) values ('94001','94','Inírida','1');
Insert into SALUDMP.VDIR_MUNICIPIO (COD_MUNICIPIO,COD_DEPARTAMENTO,DES_MUNICIPIO,COD_ESTADO) values ('94885','94','La Guadalupe','1');
Insert into SALUDMP.VDIR_MUNICIPIO (COD_MUNICIPIO,COD_DEPARTAMENTO,DES_MUNICIPIO,COD_ESTADO) values ('94663','94','Mapiripana','1');
Insert into SALUDMP.VDIR_MUNICIPIO (COD_MUNICIPIO,COD_DEPARTAMENTO,DES_MUNICIPIO,COD_ESTADO) values ('94888','94','Morichal','1');
Insert into SALUDMP.VDIR_MUNICIPIO (COD_MUNICIPIO,COD_DEPARTAMENTO,DES_MUNICIPIO,COD_ESTADO) values ('94887','94','Pana Pana','1');
Insert into SALUDMP.VDIR_MUNICIPIO (COD_MUNICIPIO,COD_DEPARTAMENTO,DES_MUNICIPIO,COD_ESTADO) values ('94884','94','Puerto Colombia','1');
Insert into SALUDMP.VDIR_MUNICIPIO (COD_MUNICIPIO,COD_DEPARTAMENTO,DES_MUNICIPIO,COD_ESTADO) values ('94883','94','San Felipe','1');
Insert into SALUDMP.VDIR_MUNICIPIO (COD_MUNICIPIO,COD_DEPARTAMENTO,DES_MUNICIPIO,COD_ESTADO) values ('95015','95','Calamar','1');
Insert into SALUDMP.VDIR_MUNICIPIO (COD_MUNICIPIO,COD_DEPARTAMENTO,DES_MUNICIPIO,COD_ESTADO) values ('95025','95','El Retorno','1');
Insert into SALUDMP.VDIR_MUNICIPIO (COD_MUNICIPIO,COD_DEPARTAMENTO,DES_MUNICIPIO,COD_ESTADO) values ('95200','95','Miraflores','1');
Insert into SALUDMP.VDIR_MUNICIPIO (COD_MUNICIPIO,COD_DEPARTAMENTO,DES_MUNICIPIO,COD_ESTADO) values ('95001','95','San José del Guaviare','1');
Insert into SALUDMP.VDIR_MUNICIPIO (COD_MUNICIPIO,COD_DEPARTAMENTO,DES_MUNICIPIO,COD_ESTADO) values ('97161','97','Caruru','1');
Insert into SALUDMP.VDIR_MUNICIPIO (COD_MUNICIPIO,COD_DEPARTAMENTO,DES_MUNICIPIO,COD_ESTADO) values ('97001','97','Mitú','1');
Insert into SALUDMP.VDIR_MUNICIPIO (COD_MUNICIPIO,COD_DEPARTAMENTO,DES_MUNICIPIO,COD_ESTADO) values ('97511','97','Pacoa','1');
Insert into SALUDMP.VDIR_MUNICIPIO (COD_MUNICIPIO,COD_DEPARTAMENTO,DES_MUNICIPIO,COD_ESTADO) values ('97777','97','Papunaua','1');
Insert into SALUDMP.VDIR_MUNICIPIO (COD_MUNICIPIO,COD_DEPARTAMENTO,DES_MUNICIPIO,COD_ESTADO) values ('97666','97','Taraira','1');
Insert into SALUDMP.VDIR_MUNICIPIO (COD_MUNICIPIO,COD_DEPARTAMENTO,DES_MUNICIPIO,COD_ESTADO) values ('25871','25','Villagómez','2');
Insert into SALUDMP.VDIR_MUNICIPIO (COD_MUNICIPIO,COD_DEPARTAMENTO,DES_MUNICIPIO,COD_ESTADO) values ('25873','25','Villapinzón','2');
Insert into SALUDMP.VDIR_MUNICIPIO (COD_MUNICIPIO,COD_DEPARTAMENTO,DES_MUNICIPIO,COD_ESTADO) values ('25875','25','Villeta','2');
Insert into SALUDMP.VDIR_MUNICIPIO (COD_MUNICIPIO,COD_DEPARTAMENTO,DES_MUNICIPIO,COD_ESTADO) values ('25878','25','Viotá','2');
Insert into SALUDMP.VDIR_MUNICIPIO (COD_MUNICIPIO,COD_DEPARTAMENTO,DES_MUNICIPIO,COD_ESTADO) values ('25885','25','Yacopí','2');
Insert into SALUDMP.VDIR_MUNICIPIO (COD_MUNICIPIO,COD_DEPARTAMENTO,DES_MUNICIPIO,COD_ESTADO) values ('25898','25','Zipacón','2');
Insert into SALUDMP.VDIR_MUNICIPIO (COD_MUNICIPIO,COD_DEPARTAMENTO,DES_MUNICIPIO,COD_ESTADO) values ('25899','25','Zipaquirá','2');
Insert into SALUDMP.VDIR_MUNICIPIO (COD_MUNICIPIO,COD_DEPARTAMENTO,DES_MUNICIPIO,COD_ESTADO) values ('27006','27','Acandí','2');
Insert into SALUDMP.VDIR_MUNICIPIO (COD_MUNICIPIO,COD_DEPARTAMENTO,DES_MUNICIPIO,COD_ESTADO) values ('27025','27','Alto Baudo','2');
Insert into SALUDMP.VDIR_MUNICIPIO (COD_MUNICIPIO,COD_DEPARTAMENTO,DES_MUNICIPIO,COD_ESTADO) values ('27050','27','Atrato','2');
Insert into SALUDMP.VDIR_MUNICIPIO (COD_MUNICIPIO,COD_DEPARTAMENTO,DES_MUNICIPIO,COD_ESTADO) values ('27073','27','Bagadó','2');
Insert into SALUDMP.VDIR_MUNICIPIO (COD_MUNICIPIO,COD_DEPARTAMENTO,DES_MUNICIPIO,COD_ESTADO) values ('27075','27','Bahía Solano','2');
Insert into SALUDMP.VDIR_MUNICIPIO (COD_MUNICIPIO,COD_DEPARTAMENTO,DES_MUNICIPIO,COD_ESTADO) values ('27077','27','Bajo Baudó','2');
Insert into SALUDMP.VDIR_MUNICIPIO (COD_MUNICIPIO,COD_DEPARTAMENTO,DES_MUNICIPIO,COD_ESTADO) values ('27086','27','Belén de Bajira','2');
Insert into SALUDMP.VDIR_MUNICIPIO (COD_MUNICIPIO,COD_DEPARTAMENTO,DES_MUNICIPIO,COD_ESTADO) values ('27099','27','Bojaya','2');
Insert into SALUDMP.VDIR_MUNICIPIO (COD_MUNICIPIO,COD_DEPARTAMENTO,DES_MUNICIPIO,COD_ESTADO) values ('27150','27','Carmen del Darien','2');
Insert into SALUDMP.VDIR_MUNICIPIO (COD_MUNICIPIO,COD_DEPARTAMENTO,DES_MUNICIPIO,COD_ESTADO) values ('27160','27','Cértegui','2');
Insert into SALUDMP.VDIR_MUNICIPIO (COD_MUNICIPIO,COD_DEPARTAMENTO,DES_MUNICIPIO,COD_ESTADO) values ('27205','27','Condoto','2');
Insert into SALUDMP.VDIR_MUNICIPIO (COD_MUNICIPIO,COD_DEPARTAMENTO,DES_MUNICIPIO,COD_ESTADO) values ('27135','27','El Cantón del San Pablo','2');
Insert into SALUDMP.VDIR_MUNICIPIO (COD_MUNICIPIO,COD_DEPARTAMENTO,DES_MUNICIPIO,COD_ESTADO) values ('27245','27','El Carmen de Atrato','2');
Insert into SALUDMP.VDIR_MUNICIPIO (COD_MUNICIPIO,COD_DEPARTAMENTO,DES_MUNICIPIO,COD_ESTADO) values ('27250','27','El Litoral del San Juan','2');
Insert into SALUDMP.VDIR_MUNICIPIO (COD_MUNICIPIO,COD_DEPARTAMENTO,DES_MUNICIPIO,COD_ESTADO) values ('27361','27','Istmina','2');
Insert into SALUDMP.VDIR_MUNICIPIO (COD_MUNICIPIO,COD_DEPARTAMENTO,DES_MUNICIPIO,COD_ESTADO) values ('27372','27','Juradó','2');
Insert into SALUDMP.VDIR_MUNICIPIO (COD_MUNICIPIO,COD_DEPARTAMENTO,DES_MUNICIPIO,COD_ESTADO) values ('27413','27','Lloró','2');
Insert into SALUDMP.VDIR_MUNICIPIO (COD_MUNICIPIO,COD_DEPARTAMENTO,DES_MUNICIPIO,COD_ESTADO) values ('27425','27','Medio Atrato','2');
Insert into SALUDMP.VDIR_MUNICIPIO (COD_MUNICIPIO,COD_DEPARTAMENTO,DES_MUNICIPIO,COD_ESTADO) values ('27430','27','Medio Baudó','2');
Insert into SALUDMP.VDIR_MUNICIPIO (COD_MUNICIPIO,COD_DEPARTAMENTO,DES_MUNICIPIO,COD_ESTADO) values ('27450','27','Medio San Juan','2');
Insert into SALUDMP.VDIR_MUNICIPIO (COD_MUNICIPIO,COD_DEPARTAMENTO,DES_MUNICIPIO,COD_ESTADO) values ('27491','27','Nóvita','2');
Insert into SALUDMP.VDIR_MUNICIPIO (COD_MUNICIPIO,COD_DEPARTAMENTO,DES_MUNICIPIO,COD_ESTADO) values ('27495','27','Nuquí','2');
Insert into SALUDMP.VDIR_MUNICIPIO (COD_MUNICIPIO,COD_DEPARTAMENTO,DES_MUNICIPIO,COD_ESTADO) values ('27001','27','Quibdó','2');
Insert into SALUDMP.VDIR_MUNICIPIO (COD_MUNICIPIO,COD_DEPARTAMENTO,DES_MUNICIPIO,COD_ESTADO) values ('27580','27','Río Iro','2');
Insert into SALUDMP.VDIR_MUNICIPIO (COD_MUNICIPIO,COD_DEPARTAMENTO,DES_MUNICIPIO,COD_ESTADO) values ('27600','27','Río Quito','2');
Insert into SALUDMP.VDIR_MUNICIPIO (COD_MUNICIPIO,COD_DEPARTAMENTO,DES_MUNICIPIO,COD_ESTADO) values ('27615','27','Riosucio','2');
Insert into SALUDMP.VDIR_MUNICIPIO (COD_MUNICIPIO,COD_DEPARTAMENTO,DES_MUNICIPIO,COD_ESTADO) values ('27660','27','San José del Palmar','2');
Insert into SALUDMP.VDIR_MUNICIPIO (COD_MUNICIPIO,COD_DEPARTAMENTO,DES_MUNICIPIO,COD_ESTADO) values ('27745','27','Sipí','2');
Insert into SALUDMP.VDIR_MUNICIPIO (COD_MUNICIPIO,COD_DEPARTAMENTO,DES_MUNICIPIO,COD_ESTADO) values ('27787','27','Tadó','2');
Insert into SALUDMP.VDIR_MUNICIPIO (COD_MUNICIPIO,COD_DEPARTAMENTO,DES_MUNICIPIO,COD_ESTADO) values ('27800','27','Unguía','2');
Insert into SALUDMP.VDIR_MUNICIPIO (COD_MUNICIPIO,COD_DEPARTAMENTO,DES_MUNICIPIO,COD_ESTADO) values ('27810','27','Unión Panamericana','2');
Insert into SALUDMP.VDIR_MUNICIPIO (COD_MUNICIPIO,COD_DEPARTAMENTO,DES_MUNICIPIO,COD_ESTADO) values ('41006','41','Acevedo','2');
Insert into SALUDMP.VDIR_MUNICIPIO (COD_MUNICIPIO,COD_DEPARTAMENTO,DES_MUNICIPIO,COD_ESTADO) values ('41013','41','Agrado','2');
Insert into SALUDMP.VDIR_MUNICIPIO (COD_MUNICIPIO,COD_DEPARTAMENTO,DES_MUNICIPIO,COD_ESTADO) values ('41016','41','Aipe','2');
Insert into SALUDMP.VDIR_MUNICIPIO (COD_MUNICIPIO,COD_DEPARTAMENTO,DES_MUNICIPIO,COD_ESTADO) values ('41020','41','Algeciras','2');
Insert into SALUDMP.VDIR_MUNICIPIO (COD_MUNICIPIO,COD_DEPARTAMENTO,DES_MUNICIPIO,COD_ESTADO) values ('41026','41','Altamira','2');
Insert into SALUDMP.VDIR_MUNICIPIO (COD_MUNICIPIO,COD_DEPARTAMENTO,DES_MUNICIPIO,COD_ESTADO) values ('41078','41','Baraya','2');
Insert into SALUDMP.VDIR_MUNICIPIO (COD_MUNICIPIO,COD_DEPARTAMENTO,DES_MUNICIPIO,COD_ESTADO) values ('41132','41','Campoalegre','2');
Insert into SALUDMP.VDIR_MUNICIPIO (COD_MUNICIPIO,COD_DEPARTAMENTO,DES_MUNICIPIO,COD_ESTADO) values ('41206','41','Colombia','2');
Insert into SALUDMP.VDIR_MUNICIPIO (COD_MUNICIPIO,COD_DEPARTAMENTO,DES_MUNICIPIO,COD_ESTADO) values ('41244','41','Elías','2');
Insert into SALUDMP.VDIR_MUNICIPIO (COD_MUNICIPIO,COD_DEPARTAMENTO,DES_MUNICIPIO,COD_ESTADO) values ('41298','41','Garzón','2');
Insert into SALUDMP.VDIR_MUNICIPIO (COD_MUNICIPIO,COD_DEPARTAMENTO,DES_MUNICIPIO,COD_ESTADO) values ('41306','41','Gigante','2');
Insert into SALUDMP.VDIR_MUNICIPIO (COD_MUNICIPIO,COD_DEPARTAMENTO,DES_MUNICIPIO,COD_ESTADO) values ('41319','41','Guadalupe','2');
Insert into SALUDMP.VDIR_MUNICIPIO (COD_MUNICIPIO,COD_DEPARTAMENTO,DES_MUNICIPIO,COD_ESTADO) values ('41349','41','Hobo','2');
Insert into SALUDMP.VDIR_MUNICIPIO (COD_MUNICIPIO,COD_DEPARTAMENTO,DES_MUNICIPIO,COD_ESTADO) values ('41357','41','Iquira','2');
Insert into SALUDMP.VDIR_MUNICIPIO (COD_MUNICIPIO,COD_DEPARTAMENTO,DES_MUNICIPIO,COD_ESTADO) values ('41359','41','Isnos','2');
Insert into SALUDMP.VDIR_MUNICIPIO (COD_MUNICIPIO,COD_DEPARTAMENTO,DES_MUNICIPIO,COD_ESTADO) values ('41378','41','La Argentina','2');
Insert into SALUDMP.VDIR_MUNICIPIO (COD_MUNICIPIO,COD_DEPARTAMENTO,DES_MUNICIPIO,COD_ESTADO) values ('41396','41','La Plata','2');
Insert into SALUDMP.VDIR_MUNICIPIO (COD_MUNICIPIO,COD_DEPARTAMENTO,DES_MUNICIPIO,COD_ESTADO) values ('41483','41','Nátaga','2');
Insert into SALUDMP.VDIR_MUNICIPIO (COD_MUNICIPIO,COD_DEPARTAMENTO,DES_MUNICIPIO,COD_ESTADO) values ('41001','41','Neiva','2');
Insert into SALUDMP.VDIR_MUNICIPIO (COD_MUNICIPIO,COD_DEPARTAMENTO,DES_MUNICIPIO,COD_ESTADO) values ('41503','41','Oporapa','2');
Insert into SALUDMP.VDIR_MUNICIPIO (COD_MUNICIPIO,COD_DEPARTAMENTO,DES_MUNICIPIO,COD_ESTADO) values ('41518','41','Paicol','2');
Insert into SALUDMP.VDIR_MUNICIPIO (COD_MUNICIPIO,COD_DEPARTAMENTO,DES_MUNICIPIO,COD_ESTADO) values ('41524','41','Palermo','2');
Insert into SALUDMP.VDIR_MUNICIPIO (COD_MUNICIPIO,COD_DEPARTAMENTO,DES_MUNICIPIO,COD_ESTADO) values ('41530','41','Palestina','2');
Insert into SALUDMP.VDIR_MUNICIPIO (COD_MUNICIPIO,COD_DEPARTAMENTO,DES_MUNICIPIO,COD_ESTADO) values ('41548','41','Pital','2');
Insert into SALUDMP.VDIR_MUNICIPIO (COD_MUNICIPIO,COD_DEPARTAMENTO,DES_MUNICIPIO,COD_ESTADO) values ('41551','41','Pitalito','2');
Insert into SALUDMP.VDIR_MUNICIPIO (COD_MUNICIPIO,COD_DEPARTAMENTO,DES_MUNICIPIO,COD_ESTADO) values ('41615','41','Rivera','2');
Insert into SALUDMP.VDIR_MUNICIPIO (COD_MUNICIPIO,COD_DEPARTAMENTO,DES_MUNICIPIO,COD_ESTADO) values ('41660','41','Saladoblanco','2');
Insert into SALUDMP.VDIR_MUNICIPIO (COD_MUNICIPIO,COD_DEPARTAMENTO,DES_MUNICIPIO,COD_ESTADO) values ('41668','41','San Agustín','2');
Insert into SALUDMP.VDIR_MUNICIPIO (COD_MUNICIPIO,COD_DEPARTAMENTO,DES_MUNICIPIO,COD_ESTADO) values ('41676','41','Santa María','2');
Insert into SALUDMP.VDIR_MUNICIPIO (COD_MUNICIPIO,COD_DEPARTAMENTO,DES_MUNICIPIO,COD_ESTADO) values ('41770','41','Suaza','2');
Insert into SALUDMP.VDIR_MUNICIPIO (COD_MUNICIPIO,COD_DEPARTAMENTO,DES_MUNICIPIO,COD_ESTADO) values ('41791','41','Tarqui','2');
Insert into SALUDMP.VDIR_MUNICIPIO (COD_MUNICIPIO,COD_DEPARTAMENTO,DES_MUNICIPIO,COD_ESTADO) values ('41799','41','Tello','2');
Insert into SALUDMP.VDIR_MUNICIPIO (COD_MUNICIPIO,COD_DEPARTAMENTO,DES_MUNICIPIO,COD_ESTADO) values ('41801','41','Teruel','2');
Insert into SALUDMP.VDIR_MUNICIPIO (COD_MUNICIPIO,COD_DEPARTAMENTO,DES_MUNICIPIO,COD_ESTADO) values ('41797','41','Tesalia','2');
Insert into SALUDMP.VDIR_MUNICIPIO (COD_MUNICIPIO,COD_DEPARTAMENTO,DES_MUNICIPIO,COD_ESTADO) values ('41807','41','Timaná','2');
Insert into SALUDMP.VDIR_MUNICIPIO (COD_MUNICIPIO,COD_DEPARTAMENTO,DES_MUNICIPIO,COD_ESTADO) values ('41872','41','Villavieja','2');
Insert into SALUDMP.VDIR_MUNICIPIO (COD_MUNICIPIO,COD_DEPARTAMENTO,DES_MUNICIPIO,COD_ESTADO) values ('41885','41','Yaguará','2');
Insert into SALUDMP.VDIR_MUNICIPIO (COD_MUNICIPIO,COD_DEPARTAMENTO,DES_MUNICIPIO,COD_ESTADO) values ('44035','44','Albania','2');
Insert into SALUDMP.VDIR_MUNICIPIO (COD_MUNICIPIO,COD_DEPARTAMENTO,DES_MUNICIPIO,COD_ESTADO) values ('44078','44','Barrancas','2');
Insert into SALUDMP.VDIR_MUNICIPIO (COD_MUNICIPIO,COD_DEPARTAMENTO,DES_MUNICIPIO,COD_ESTADO) values ('44090','44','Dibula','2');
Insert into SALUDMP.VDIR_MUNICIPIO (COD_MUNICIPIO,COD_DEPARTAMENTO,DES_MUNICIPIO,COD_ESTADO) values ('44098','44','Distracción','2');
Insert into SALUDMP.VDIR_MUNICIPIO (COD_MUNICIPIO,COD_DEPARTAMENTO,DES_MUNICIPIO,COD_ESTADO) values ('44110','44','El Molino','2');
Insert into SALUDMP.VDIR_MUNICIPIO (COD_MUNICIPIO,COD_DEPARTAMENTO,DES_MUNICIPIO,COD_ESTADO) values ('44279','44','Fonseca','2');
Insert into SALUDMP.VDIR_MUNICIPIO (COD_MUNICIPIO,COD_DEPARTAMENTO,DES_MUNICIPIO,COD_ESTADO) values ('44378','44','Hatonuevo','2');
Insert into SALUDMP.VDIR_MUNICIPIO (COD_MUNICIPIO,COD_DEPARTAMENTO,DES_MUNICIPIO,COD_ESTADO) values ('44420','44','La Jagua del Pilar','2');
Insert into SALUDMP.VDIR_MUNICIPIO (COD_MUNICIPIO,COD_DEPARTAMENTO,DES_MUNICIPIO,COD_ESTADO) values ('44430','44','Maicao','2');
Insert into SALUDMP.VDIR_MUNICIPIO (COD_MUNICIPIO,COD_DEPARTAMENTO,DES_MUNICIPIO,COD_ESTADO) values ('44560','44','Manaure','2');
Insert into SALUDMP.VDIR_MUNICIPIO (COD_MUNICIPIO,COD_DEPARTAMENTO,DES_MUNICIPIO,COD_ESTADO) values ('44001','44','Riohacha','2');
Insert into SALUDMP.VDIR_MUNICIPIO (COD_MUNICIPIO,COD_DEPARTAMENTO,DES_MUNICIPIO,COD_ESTADO) values ('44650','44','San Juan del Cesar','2');
Insert into SALUDMP.VDIR_MUNICIPIO (COD_MUNICIPIO,COD_DEPARTAMENTO,DES_MUNICIPIO,COD_ESTADO) values ('44847','44','Uribia','2');
Insert into SALUDMP.VDIR_MUNICIPIO (COD_MUNICIPIO,COD_DEPARTAMENTO,DES_MUNICIPIO,COD_ESTADO) values ('44855','44','Urumita','2');
Insert into SALUDMP.VDIR_MUNICIPIO (COD_MUNICIPIO,COD_DEPARTAMENTO,DES_MUNICIPIO,COD_ESTADO) values ('44874','44','Villanueva','2');
Insert into SALUDMP.VDIR_MUNICIPIO (COD_MUNICIPIO,COD_DEPARTAMENTO,DES_MUNICIPIO,COD_ESTADO) values ('47030','47','Algarrobo','2');
Insert into SALUDMP.VDIR_MUNICIPIO (COD_MUNICIPIO,COD_DEPARTAMENTO,DES_MUNICIPIO,COD_ESTADO) values ('47053','47','Aracataca','2');
Insert into SALUDMP.VDIR_MUNICIPIO (COD_MUNICIPIO,COD_DEPARTAMENTO,DES_MUNICIPIO,COD_ESTADO) values ('47058','47','Ariguaní','2');
Insert into SALUDMP.VDIR_MUNICIPIO (COD_MUNICIPIO,COD_DEPARTAMENTO,DES_MUNICIPIO,COD_ESTADO) values ('47161','47','Cerro San Antonio','2');
Insert into SALUDMP.VDIR_MUNICIPIO (COD_MUNICIPIO,COD_DEPARTAMENTO,DES_MUNICIPIO,COD_ESTADO) values ('47170','47','Chivolo','2');
Insert into SALUDMP.VDIR_MUNICIPIO (COD_MUNICIPIO,COD_DEPARTAMENTO,DES_MUNICIPIO,COD_ESTADO) values ('47189','47','Ciénaga','2');
Insert into SALUDMP.VDIR_MUNICIPIO (COD_MUNICIPIO,COD_DEPARTAMENTO,DES_MUNICIPIO,COD_ESTADO) values ('47205','47','Concordia','2');
Insert into SALUDMP.VDIR_MUNICIPIO (COD_MUNICIPIO,COD_DEPARTAMENTO,DES_MUNICIPIO,COD_ESTADO) values ('47245','47','El Banco','2');
Insert into SALUDMP.VDIR_MUNICIPIO (COD_MUNICIPIO,COD_DEPARTAMENTO,DES_MUNICIPIO,COD_ESTADO) values ('47258','47','El Piñon','2');
Insert into SALUDMP.VDIR_MUNICIPIO (COD_MUNICIPIO,COD_DEPARTAMENTO,DES_MUNICIPIO,COD_ESTADO) values ('47268','47','El Retén','2');
Insert into SALUDMP.VDIR_MUNICIPIO (COD_MUNICIPIO,COD_DEPARTAMENTO,DES_MUNICIPIO,COD_ESTADO) values ('47288','47','Fundación','2');
Insert into SALUDMP.VDIR_MUNICIPIO (COD_MUNICIPIO,COD_DEPARTAMENTO,DES_MUNICIPIO,COD_ESTADO) values ('47318','47','Guamal','2');
Insert into SALUDMP.VDIR_MUNICIPIO (COD_MUNICIPIO,COD_DEPARTAMENTO,DES_MUNICIPIO,COD_ESTADO) values ('47460','47','Nueva Granada','2');
Insert into SALUDMP.VDIR_MUNICIPIO (COD_MUNICIPIO,COD_DEPARTAMENTO,DES_MUNICIPIO,COD_ESTADO) values ('47541','47','Pedraza','2');
Insert into SALUDMP.VDIR_MUNICIPIO (COD_MUNICIPIO,COD_DEPARTAMENTO,DES_MUNICIPIO,COD_ESTADO) values ('47545','47','Pijiño del Carmen','2');
Insert into SALUDMP.VDIR_MUNICIPIO (COD_MUNICIPIO,COD_DEPARTAMENTO,DES_MUNICIPIO,COD_ESTADO) values ('47551','47','Pivijay','2');
Insert into SALUDMP.VDIR_MUNICIPIO (COD_MUNICIPIO,COD_DEPARTAMENTO,DES_MUNICIPIO,COD_ESTADO) values ('47555','47','Plato','2');
Insert into SALUDMP.VDIR_MUNICIPIO (COD_MUNICIPIO,COD_DEPARTAMENTO,DES_MUNICIPIO,COD_ESTADO) values ('47570','47','Pueblo Viejo','2');
Insert into SALUDMP.VDIR_MUNICIPIO (COD_MUNICIPIO,COD_DEPARTAMENTO,DES_MUNICIPIO,COD_ESTADO) values ('47605','47','Remolino','2');
Insert into SALUDMP.VDIR_MUNICIPIO (COD_MUNICIPIO,COD_DEPARTAMENTO,DES_MUNICIPIO,COD_ESTADO) values ('47660','47','Sabanas de San Angel','2');
Insert into SALUDMP.VDIR_MUNICIPIO (COD_MUNICIPIO,COD_DEPARTAMENTO,DES_MUNICIPIO,COD_ESTADO) values ('47675','47','Salamina','2');
Insert into SALUDMP.VDIR_MUNICIPIO (COD_MUNICIPIO,COD_DEPARTAMENTO,DES_MUNICIPIO,COD_ESTADO) values ('47692','47','San Sebastián de Buenavista','2');
Insert into SALUDMP.VDIR_MUNICIPIO (COD_MUNICIPIO,COD_DEPARTAMENTO,DES_MUNICIPIO,COD_ESTADO) values ('47703','47','San Zenón','2');
Insert into SALUDMP.VDIR_MUNICIPIO (COD_MUNICIPIO,COD_DEPARTAMENTO,DES_MUNICIPIO,COD_ESTADO) values ('47707','47','Santa Ana','2');
Insert into SALUDMP.VDIR_MUNICIPIO (COD_MUNICIPIO,COD_DEPARTAMENTO,DES_MUNICIPIO,COD_ESTADO) values ('47720','47','Santa Bárbara de Pinto','2');
Insert into SALUDMP.VDIR_MUNICIPIO (COD_MUNICIPIO,COD_DEPARTAMENTO,DES_MUNICIPIO,COD_ESTADO) values ('47001','47','Santa Marta','2');
Insert into SALUDMP.VDIR_MUNICIPIO (COD_MUNICIPIO,COD_DEPARTAMENTO,DES_MUNICIPIO,COD_ESTADO) values ('47745','47','Sitionuevo','2');
Insert into SALUDMP.VDIR_MUNICIPIO (COD_MUNICIPIO,COD_DEPARTAMENTO,DES_MUNICIPIO,COD_ESTADO) values ('47798','47','Tenerife','2');
Insert into SALUDMP.VDIR_MUNICIPIO (COD_MUNICIPIO,COD_DEPARTAMENTO,DES_MUNICIPIO,COD_ESTADO) values ('47960','47','Zapayán','2');
Insert into SALUDMP.VDIR_MUNICIPIO (COD_MUNICIPIO,COD_DEPARTAMENTO,DES_MUNICIPIO,COD_ESTADO) values ('47980','47','Zona Bananera','2');
Insert into SALUDMP.VDIR_MUNICIPIO (COD_MUNICIPIO,COD_DEPARTAMENTO,DES_MUNICIPIO,COD_ESTADO) values ('50006','50','Acacias','2');
Insert into SALUDMP.VDIR_MUNICIPIO (COD_MUNICIPIO,COD_DEPARTAMENTO,DES_MUNICIPIO,COD_ESTADO) values ('50110','50','Barranca de Upía','2');
Insert into SALUDMP.VDIR_MUNICIPIO (COD_MUNICIPIO,COD_DEPARTAMENTO,DES_MUNICIPIO,COD_ESTADO) values ('50124','50','Cabuyaro','2');
Insert into SALUDMP.VDIR_MUNICIPIO (COD_MUNICIPIO,COD_DEPARTAMENTO,DES_MUNICIPIO,COD_ESTADO) values ('50150','50','Castilla la Nueva','2');
Insert into SALUDMP.VDIR_MUNICIPIO (COD_MUNICIPIO,COD_DEPARTAMENTO,DES_MUNICIPIO,COD_ESTADO) values ('50223','50','Cubarral','2');
Insert into SALUDMP.VDIR_MUNICIPIO (COD_MUNICIPIO,COD_DEPARTAMENTO,DES_MUNICIPIO,COD_ESTADO) values ('50226','50','Cumaral','2');
Insert into SALUDMP.VDIR_MUNICIPIO (COD_MUNICIPIO,COD_DEPARTAMENTO,DES_MUNICIPIO,COD_ESTADO) values ('50245','50','El Calvario','2');
Insert into SALUDMP.VDIR_MUNICIPIO (COD_MUNICIPIO,COD_DEPARTAMENTO,DES_MUNICIPIO,COD_ESTADO) values ('50251','50','El Castillo','2');
Insert into SALUDMP.VDIR_MUNICIPIO (COD_MUNICIPIO,COD_DEPARTAMENTO,DES_MUNICIPIO,COD_ESTADO) values ('50270','50','El Dorado','2');
Insert into SALUDMP.VDIR_MUNICIPIO (COD_MUNICIPIO,COD_DEPARTAMENTO,DES_MUNICIPIO,COD_ESTADO) values ('50287','50','Fuente de Oro','2');
Insert into SALUDMP.VDIR_MUNICIPIO (COD_MUNICIPIO,COD_DEPARTAMENTO,DES_MUNICIPIO,COD_ESTADO) values ('50313','50','Granada','2');
Insert into SALUDMP.VDIR_MUNICIPIO (COD_MUNICIPIO,COD_DEPARTAMENTO,DES_MUNICIPIO,COD_ESTADO) values ('50318','50','Guamal','2');
Insert into SALUDMP.VDIR_MUNICIPIO (COD_MUNICIPIO,COD_DEPARTAMENTO,DES_MUNICIPIO,COD_ESTADO) values ('50350','50','La Macarena','2');
Insert into SALUDMP.VDIR_MUNICIPIO (COD_MUNICIPIO,COD_DEPARTAMENTO,DES_MUNICIPIO,COD_ESTADO) values ('50400','50','Lejanías','2');
Insert into SALUDMP.VDIR_MUNICIPIO (COD_MUNICIPIO,COD_DEPARTAMENTO,DES_MUNICIPIO,COD_ESTADO) values ('50325','50','Mapiripán','2');
Insert into SALUDMP.VDIR_MUNICIPIO (COD_MUNICIPIO,COD_DEPARTAMENTO,DES_MUNICIPIO,COD_ESTADO) values ('50330','50','Mesetas','2');
Insert into SALUDMP.VDIR_MUNICIPIO (COD_MUNICIPIO,COD_DEPARTAMENTO,DES_MUNICIPIO,COD_ESTADO) values ('50450','50','Puerto Concordia','2');
Insert into SALUDMP.VDIR_MUNICIPIO (COD_MUNICIPIO,COD_DEPARTAMENTO,DES_MUNICIPIO,COD_ESTADO) values ('50568','50','Puerto Gaitán','2');
Insert into SALUDMP.VDIR_MUNICIPIO (COD_MUNICIPIO,COD_DEPARTAMENTO,DES_MUNICIPIO,COD_ESTADO) values ('50577','50','Puerto Lleras','2');
Insert into SALUDMP.VDIR_MUNICIPIO (COD_MUNICIPIO,COD_DEPARTAMENTO,DES_MUNICIPIO,COD_ESTADO) values ('50573','50','Puerto López','2');
Insert into SALUDMP.VDIR_MUNICIPIO (COD_MUNICIPIO,COD_DEPARTAMENTO,DES_MUNICIPIO,COD_ESTADO) values ('50590','50','Puerto Rico','2');
Insert into SALUDMP.VDIR_MUNICIPIO (COD_MUNICIPIO,COD_DEPARTAMENTO,DES_MUNICIPIO,COD_ESTADO) values ('50606','50','Restrepo','2');
Insert into SALUDMP.VDIR_MUNICIPIO (COD_MUNICIPIO,COD_DEPARTAMENTO,DES_MUNICIPIO,COD_ESTADO) values ('50680','50','San Carlos de Guaroa','2');
Insert into SALUDMP.VDIR_MUNICIPIO (COD_MUNICIPIO,COD_DEPARTAMENTO,DES_MUNICIPIO,COD_ESTADO) values ('50683','50','San Juan de Arama','2');
Insert into SALUDMP.VDIR_MUNICIPIO (COD_MUNICIPIO,COD_DEPARTAMENTO,DES_MUNICIPIO,COD_ESTADO) values ('50686','50','San Juanito','2');
Insert into SALUDMP.VDIR_MUNICIPIO (COD_MUNICIPIO,COD_DEPARTAMENTO,DES_MUNICIPIO,COD_ESTADO) values ('50689','50','San Martín','2');
Insert into SALUDMP.VDIR_MUNICIPIO (COD_MUNICIPIO,COD_DEPARTAMENTO,DES_MUNICIPIO,COD_ESTADO) values ('50370','50','Uribe','2');
Insert into SALUDMP.VDIR_MUNICIPIO (COD_MUNICIPIO,COD_DEPARTAMENTO,DES_MUNICIPIO,COD_ESTADO) values ('50001','50','Villavicencio','2');
Insert into SALUDMP.VDIR_MUNICIPIO (COD_MUNICIPIO,COD_DEPARTAMENTO,DES_MUNICIPIO,COD_ESTADO) values ('50711','50','Vista Hermosa','2');
Insert into SALUDMP.VDIR_MUNICIPIO (COD_MUNICIPIO,COD_DEPARTAMENTO,DES_MUNICIPIO,COD_ESTADO) values ('52019','52','Albán','2');
Insert into SALUDMP.VDIR_MUNICIPIO (COD_MUNICIPIO,COD_DEPARTAMENTO,DES_MUNICIPIO,COD_ESTADO) values ('52022','52','Aldana','2');
Insert into SALUDMP.VDIR_MUNICIPIO (COD_MUNICIPIO,COD_DEPARTAMENTO,DES_MUNICIPIO,COD_ESTADO) values ('52036','52','Ancuyá','2');
Insert into SALUDMP.VDIR_MUNICIPIO (COD_MUNICIPIO,COD_DEPARTAMENTO,DES_MUNICIPIO,COD_ESTADO) values ('52051','52','Arboleda','2');
Insert into SALUDMP.VDIR_MUNICIPIO (COD_MUNICIPIO,COD_DEPARTAMENTO,DES_MUNICIPIO,COD_ESTADO) values ('52079','52','Barbacoas','2');
Insert into SALUDMP.VDIR_MUNICIPIO (COD_MUNICIPIO,COD_DEPARTAMENTO,DES_MUNICIPIO,COD_ESTADO) values ('52083','52','Belén','2');
Insert into SALUDMP.VDIR_MUNICIPIO (COD_MUNICIPIO,COD_DEPARTAMENTO,DES_MUNICIPIO,COD_ESTADO) values ('52110','52','Buesaco','2');
Insert into SALUDMP.VDIR_MUNICIPIO (COD_MUNICIPIO,COD_DEPARTAMENTO,DES_MUNICIPIO,COD_ESTADO) values ('52240','52','Chachagüí','2');
Insert into SALUDMP.VDIR_MUNICIPIO (COD_MUNICIPIO,COD_DEPARTAMENTO,DES_MUNICIPIO,COD_ESTADO) values ('52203','52','Colón','2');
Insert into SALUDMP.VDIR_MUNICIPIO (COD_MUNICIPIO,COD_DEPARTAMENTO,DES_MUNICIPIO,COD_ESTADO) values ('52207','52','Consaca','2');
Insert into SALUDMP.VDIR_MUNICIPIO (COD_MUNICIPIO,COD_DEPARTAMENTO,DES_MUNICIPIO,COD_ESTADO) values ('52210','52','Contadero','2');
Insert into SALUDMP.VDIR_MUNICIPIO (COD_MUNICIPIO,COD_DEPARTAMENTO,DES_MUNICIPIO,COD_ESTADO) values ('52215','52','Córdoba','2');
Insert into SALUDMP.VDIR_MUNICIPIO (COD_MUNICIPIO,COD_DEPARTAMENTO,DES_MUNICIPIO,COD_ESTADO) values ('52224','52','Cuaspud','2');
Insert into SALUDMP.VDIR_MUNICIPIO (COD_MUNICIPIO,COD_DEPARTAMENTO,DES_MUNICIPIO,COD_ESTADO) values ('52227','52','Cumbal','2');
Insert into SALUDMP.VDIR_MUNICIPIO (COD_MUNICIPIO,COD_DEPARTAMENTO,DES_MUNICIPIO,COD_ESTADO) values ('52233','52','Cumbitara','2');
Insert into SALUDMP.VDIR_MUNICIPIO (COD_MUNICIPIO,COD_DEPARTAMENTO,DES_MUNICIPIO,COD_ESTADO) values ('52250','52','El Charco','2');
Insert into SALUDMP.VDIR_MUNICIPIO (COD_MUNICIPIO,COD_DEPARTAMENTO,DES_MUNICIPIO,COD_ESTADO) values ('52254','52','El Peñol','2');
Insert into SALUDMP.VDIR_MUNICIPIO (COD_MUNICIPIO,COD_DEPARTAMENTO,DES_MUNICIPIO,COD_ESTADO) values ('52256','52','El Rosario','2');
Insert into SALUDMP.VDIR_MUNICIPIO (COD_MUNICIPIO,COD_DEPARTAMENTO,DES_MUNICIPIO,COD_ESTADO) values ('52258','52','El Tablón de Gómez','2');
Insert into SALUDMP.VDIR_MUNICIPIO (COD_MUNICIPIO,COD_DEPARTAMENTO,DES_MUNICIPIO,COD_ESTADO) values ('52260','52','El Tambo','2');
Insert into SALUDMP.VDIR_MUNICIPIO (COD_MUNICIPIO,COD_DEPARTAMENTO,DES_MUNICIPIO,COD_ESTADO) values ('52520','52','Francisco Pizarro','2');
Insert into SALUDMP.VDIR_MUNICIPIO (COD_MUNICIPIO,COD_DEPARTAMENTO,DES_MUNICIPIO,COD_ESTADO) values ('52287','52','Funes','2');
Insert into SALUDMP.VDIR_MUNICIPIO (COD_MUNICIPIO,COD_DEPARTAMENTO,DES_MUNICIPIO,COD_ESTADO) values ('52317','52','Guachucal','2');
Insert into SALUDMP.VDIR_MUNICIPIO (COD_MUNICIPIO,COD_DEPARTAMENTO,DES_MUNICIPIO,COD_ESTADO) values ('52320','52','Guaitarilla','2');
Insert into SALUDMP.VDIR_MUNICIPIO (COD_MUNICIPIO,COD_DEPARTAMENTO,DES_MUNICIPIO,COD_ESTADO) values ('52323','52','Gualmatán','2');
Insert into SALUDMP.VDIR_MUNICIPIO (COD_MUNICIPIO,COD_DEPARTAMENTO,DES_MUNICIPIO,COD_ESTADO) values ('52352','52','Iles','2');
Insert into SALUDMP.VDIR_MUNICIPIO (COD_MUNICIPIO,COD_DEPARTAMENTO,DES_MUNICIPIO,COD_ESTADO) values ('52354','52','Imués','2');
Insert into SALUDMP.VDIR_MUNICIPIO (COD_MUNICIPIO,COD_DEPARTAMENTO,DES_MUNICIPIO,COD_ESTADO) values ('52356','52','Ipiales','2');
Insert into SALUDMP.VDIR_MUNICIPIO (COD_MUNICIPIO,COD_DEPARTAMENTO,DES_MUNICIPIO,COD_ESTADO) values ('52378','52','La Cruz','2');
Insert into SALUDMP.VDIR_MUNICIPIO (COD_MUNICIPIO,COD_DEPARTAMENTO,DES_MUNICIPIO,COD_ESTADO) values ('52381','52','La Florida','2');
Insert into SALUDMP.VDIR_MUNICIPIO (COD_MUNICIPIO,COD_DEPARTAMENTO,DES_MUNICIPIO,COD_ESTADO) values ('52385','52','La Llanada','2');
Insert into SALUDMP.VDIR_MUNICIPIO (COD_MUNICIPIO,COD_DEPARTAMENTO,DES_MUNICIPIO,COD_ESTADO) values ('52390','52','La Tola','2');
Insert into SALUDMP.VDIR_MUNICIPIO (COD_MUNICIPIO,COD_DEPARTAMENTO,DES_MUNICIPIO,COD_ESTADO) values ('52399','52','La Unión','2');
Insert into SALUDMP.VDIR_MUNICIPIO (COD_MUNICIPIO,COD_DEPARTAMENTO,DES_MUNICIPIO,COD_ESTADO) values ('52405','52','Leiva','2');
Insert into SALUDMP.VDIR_MUNICIPIO (COD_MUNICIPIO,COD_DEPARTAMENTO,DES_MUNICIPIO,COD_ESTADO) values ('52411','52','Linares','2');
Insert into SALUDMP.VDIR_MUNICIPIO (COD_MUNICIPIO,COD_DEPARTAMENTO,DES_MUNICIPIO,COD_ESTADO) values ('52418','52','Los Andes','2');
Insert into SALUDMP.VDIR_MUNICIPIO (COD_MUNICIPIO,COD_DEPARTAMENTO,DES_MUNICIPIO,COD_ESTADO) values ('52427','52','Magüí','2');
Insert into SALUDMP.VDIR_MUNICIPIO (COD_MUNICIPIO,COD_DEPARTAMENTO,DES_MUNICIPIO,COD_ESTADO) values ('52435','52','Mallama','2');
Insert into SALUDMP.VDIR_MUNICIPIO (COD_MUNICIPIO,COD_DEPARTAMENTO,DES_MUNICIPIO,COD_ESTADO) values ('52473','52','Mosquera','2');
Insert into SALUDMP.VDIR_MUNICIPIO (COD_MUNICIPIO,COD_DEPARTAMENTO,DES_MUNICIPIO,COD_ESTADO) values ('52480','52','Nariño','2');
Insert into SALUDMP.VDIR_MUNICIPIO (COD_MUNICIPIO,COD_DEPARTAMENTO,DES_MUNICIPIO,COD_ESTADO) values ('52490','52','Olaya Herrera','2');
Insert into SALUDMP.VDIR_MUNICIPIO (COD_MUNICIPIO,COD_DEPARTAMENTO,DES_MUNICIPIO,COD_ESTADO) values ('52506','52','Ospina','2');
Insert into SALUDMP.VDIR_MUNICIPIO (COD_MUNICIPIO,COD_DEPARTAMENTO,DES_MUNICIPIO,COD_ESTADO) values ('52001','52','Pasto','2');
Insert into SALUDMP.VDIR_MUNICIPIO (COD_MUNICIPIO,COD_DEPARTAMENTO,DES_MUNICIPIO,COD_ESTADO) values ('52540','52','Policarpa','2');
Insert into SALUDMP.VDIR_MUNICIPIO (COD_MUNICIPIO,COD_DEPARTAMENTO,DES_MUNICIPIO,COD_ESTADO) values ('52560','52','Potosí','2');
Insert into SALUDMP.VDIR_MUNICIPIO (COD_MUNICIPIO,COD_DEPARTAMENTO,DES_MUNICIPIO,COD_ESTADO) values ('52565','52','Providencia','2');
Insert into SALUDMP.VDIR_MUNICIPIO (COD_MUNICIPIO,COD_DEPARTAMENTO,DES_MUNICIPIO,COD_ESTADO) values ('52573','52','Puerres','2');
Insert into SALUDMP.VDIR_MUNICIPIO (COD_MUNICIPIO,COD_DEPARTAMENTO,DES_MUNICIPIO,COD_ESTADO) values ('52585','52','Pupiales','2');
Insert into SALUDMP.VDIR_MUNICIPIO (COD_MUNICIPIO,COD_DEPARTAMENTO,DES_MUNICIPIO,COD_ESTADO) values ('52612','52','Ricaurte','2');
Insert into SALUDMP.VDIR_MUNICIPIO (COD_MUNICIPIO,COD_DEPARTAMENTO,DES_MUNICIPIO,COD_ESTADO) values ('52621','52','Roberto Payán','2');
Insert into SALUDMP.VDIR_MUNICIPIO (COD_MUNICIPIO,COD_DEPARTAMENTO,DES_MUNICIPIO,COD_ESTADO) values ('52678','52','Samaniego','2');
Insert into SALUDMP.VDIR_MUNICIPIO (COD_MUNICIPIO,COD_DEPARTAMENTO,DES_MUNICIPIO,COD_ESTADO) values ('52835','52','San Andrés de Tumaco','2');
Insert into SALUDMP.VDIR_MUNICIPIO (COD_MUNICIPIO,COD_DEPARTAMENTO,DES_MUNICIPIO,COD_ESTADO) values ('52685','52','San Bernardo','2');
Insert into SALUDMP.VDIR_MUNICIPIO (COD_MUNICIPIO,COD_DEPARTAMENTO,DES_MUNICIPIO,COD_ESTADO) values ('52687','52','San Lorenzo','2');
Insert into SALUDMP.VDIR_MUNICIPIO (COD_MUNICIPIO,COD_DEPARTAMENTO,DES_MUNICIPIO,COD_ESTADO) values ('52693','52','San Pablo','2');
Insert into SALUDMP.VDIR_MUNICIPIO (COD_MUNICIPIO,COD_DEPARTAMENTO,DES_MUNICIPIO,COD_ESTADO) values ('52694','52','San Pedro de Cartago','2');
Insert into SALUDMP.VDIR_MUNICIPIO (COD_MUNICIPIO,COD_DEPARTAMENTO,DES_MUNICIPIO,COD_ESTADO) values ('52683','52','Sandoná','2');
Insert into SALUDMP.VDIR_MUNICIPIO (COD_MUNICIPIO,COD_DEPARTAMENTO,DES_MUNICIPIO,COD_ESTADO) values ('52696','52','Santa Bárbara','2');
Insert into SALUDMP.VDIR_MUNICIPIO (COD_MUNICIPIO,COD_DEPARTAMENTO,DES_MUNICIPIO,COD_ESTADO) values ('52699','52','Santacruz','2');
Insert into SALUDMP.VDIR_MUNICIPIO (COD_MUNICIPIO,COD_DEPARTAMENTO,DES_MUNICIPIO,COD_ESTADO) values ('52720','52','Sapuyes','2');
Insert into SALUDMP.VDIR_MUNICIPIO (COD_MUNICIPIO,COD_DEPARTAMENTO,DES_MUNICIPIO,COD_ESTADO) values ('52786','52','Taminango','2');
Insert into SALUDMP.VDIR_MUNICIPIO (COD_MUNICIPIO,COD_DEPARTAMENTO,DES_MUNICIPIO,COD_ESTADO) values ('52788','52','Tangua','2');
Insert into SALUDMP.VDIR_MUNICIPIO (COD_MUNICIPIO,COD_DEPARTAMENTO,DES_MUNICIPIO,COD_ESTADO) values ('52838','52','Túquerres','2');
Insert into SALUDMP.VDIR_MUNICIPIO (COD_MUNICIPIO,COD_DEPARTAMENTO,DES_MUNICIPIO,COD_ESTADO) values ('52885','52','Yacuanquer','2');
Insert into SALUDMP.VDIR_MUNICIPIO (COD_MUNICIPIO,COD_DEPARTAMENTO,DES_MUNICIPIO,COD_ESTADO) values ('54003','54','Abrego','2');
Insert into SALUDMP.VDIR_MUNICIPIO (COD_MUNICIPIO,COD_DEPARTAMENTO,DES_MUNICIPIO,COD_ESTADO) values ('54051','54','Arboledas','2');
Insert into SALUDMP.VDIR_MUNICIPIO (COD_MUNICIPIO,COD_DEPARTAMENTO,DES_MUNICIPIO,COD_ESTADO) values ('54099','54','Bochalema','2');
Insert into SALUDMP.VDIR_MUNICIPIO (COD_MUNICIPIO,COD_DEPARTAMENTO,DES_MUNICIPIO,COD_ESTADO) values ('54109','54','Bucarasica','2');
Insert into SALUDMP.VDIR_MUNICIPIO (COD_MUNICIPIO,COD_DEPARTAMENTO,DES_MUNICIPIO,COD_ESTADO) values ('54128','54','Cachirá','2');
Insert into SALUDMP.VDIR_MUNICIPIO (COD_MUNICIPIO,COD_DEPARTAMENTO,DES_MUNICIPIO,COD_ESTADO) values ('54125','54','Cácota','2');
Insert into SALUDMP.VDIR_MUNICIPIO (COD_MUNICIPIO,COD_DEPARTAMENTO,DES_MUNICIPIO,COD_ESTADO) values ('54172','54','Chinácota','2');
Insert into SALUDMP.VDIR_MUNICIPIO (COD_MUNICIPIO,COD_DEPARTAMENTO,DES_MUNICIPIO,COD_ESTADO) values ('54174','54','Chitagá','2');
Insert into SALUDMP.VDIR_MUNICIPIO (COD_MUNICIPIO,COD_DEPARTAMENTO,DES_MUNICIPIO,COD_ESTADO) values ('54206','54','Convención','2');
Insert into SALUDMP.VDIR_MUNICIPIO (COD_MUNICIPIO,COD_DEPARTAMENTO,DES_MUNICIPIO,COD_ESTADO) values ('54001','54','Cúcuta','2');
Insert into SALUDMP.VDIR_MUNICIPIO (COD_MUNICIPIO,COD_DEPARTAMENTO,DES_MUNICIPIO,COD_ESTADO) values ('54223','54','Cucutilla','2');
Insert into SALUDMP.VDIR_MUNICIPIO (COD_MUNICIPIO,COD_DEPARTAMENTO,DES_MUNICIPIO,COD_ESTADO) values ('54239','54','Durania','2');
Insert into SALUDMP.VDIR_MUNICIPIO (COD_MUNICIPIO,COD_DEPARTAMENTO,DES_MUNICIPIO,COD_ESTADO) values ('54245','54','El Carmen','2');
Insert into SALUDMP.VDIR_MUNICIPIO (COD_MUNICIPIO,COD_DEPARTAMENTO,DES_MUNICIPIO,COD_ESTADO) values ('54250','54','El Tarra','2');
Insert into SALUDMP.VDIR_MUNICIPIO (COD_MUNICIPIO,COD_DEPARTAMENTO,DES_MUNICIPIO,COD_ESTADO) values ('54261','54','El Zulia','2');
Insert into SALUDMP.VDIR_MUNICIPIO (COD_MUNICIPIO,COD_DEPARTAMENTO,DES_MUNICIPIO,COD_ESTADO) values ('54313','54','Gramalote','2');
Insert into SALUDMP.VDIR_MUNICIPIO (COD_MUNICIPIO,COD_DEPARTAMENTO,DES_MUNICIPIO,COD_ESTADO) values ('54344','54','Hacarí','2');
Insert into SALUDMP.VDIR_MUNICIPIO (COD_MUNICIPIO,COD_DEPARTAMENTO,DES_MUNICIPIO,COD_ESTADO) values ('54347','54','Herrán','2');
Insert into SALUDMP.VDIR_MUNICIPIO (COD_MUNICIPIO,COD_DEPARTAMENTO,DES_MUNICIPIO,COD_ESTADO) values ('54385','54','La Esperanza','2');
Insert into SALUDMP.VDIR_MUNICIPIO (COD_MUNICIPIO,COD_DEPARTAMENTO,DES_MUNICIPIO,COD_ESTADO) values ('54398','54','La Playa','2');
Insert into SALUDMP.VDIR_MUNICIPIO (COD_MUNICIPIO,COD_DEPARTAMENTO,DES_MUNICIPIO,COD_ESTADO) values ('54377','54','Labateca','2');
Insert into SALUDMP.VDIR_MUNICIPIO (COD_MUNICIPIO,COD_DEPARTAMENTO,DES_MUNICIPIO,COD_ESTADO) values ('54405','54','Los Patios','2');
Insert into SALUDMP.VDIR_MUNICIPIO (COD_MUNICIPIO,COD_DEPARTAMENTO,DES_MUNICIPIO,COD_ESTADO) values ('54418','54','Lourdes','2');
Insert into SALUDMP.VDIR_MUNICIPIO (COD_MUNICIPIO,COD_DEPARTAMENTO,DES_MUNICIPIO,COD_ESTADO) values ('54480','54','Mutiscua','2');
Insert into SALUDMP.VDIR_MUNICIPIO (COD_MUNICIPIO,COD_DEPARTAMENTO,DES_MUNICIPIO,COD_ESTADO) values ('54498','54','Ocaña','2');
Insert into SALUDMP.VDIR_MUNICIPIO (COD_MUNICIPIO,COD_DEPARTAMENTO,DES_MUNICIPIO,COD_ESTADO) values ('54518','54','Pamplona','2');
Insert into SALUDMP.VDIR_MUNICIPIO (COD_MUNICIPIO,COD_DEPARTAMENTO,DES_MUNICIPIO,COD_ESTADO) values ('54520','54','Pamplonita','2');
Insert into SALUDMP.VDIR_MUNICIPIO (COD_MUNICIPIO,COD_DEPARTAMENTO,DES_MUNICIPIO,COD_ESTADO) values ('54553','54','Puerto Santander','2');
Insert into SALUDMP.VDIR_MUNICIPIO (COD_MUNICIPIO,COD_DEPARTAMENTO,DES_MUNICIPIO,COD_ESTADO) values ('54599','54','Ragonvalia','2');
Insert into SALUDMP.VDIR_MUNICIPIO (COD_MUNICIPIO,COD_DEPARTAMENTO,DES_MUNICIPIO,COD_ESTADO) values ('54660','54','Salazar','2');
Insert into SALUDMP.VDIR_MUNICIPIO (COD_MUNICIPIO,COD_DEPARTAMENTO,DES_MUNICIPIO,COD_ESTADO) values ('54670','54','San Calixto','2');
Insert into SALUDMP.VDIR_MUNICIPIO (COD_MUNICIPIO,COD_DEPARTAMENTO,DES_MUNICIPIO,COD_ESTADO) values ('54673','54','San Cayetano','2');
Insert into SALUDMP.VDIR_MUNICIPIO (COD_MUNICIPIO,COD_DEPARTAMENTO,DES_MUNICIPIO,COD_ESTADO) values ('54680','54','Santiago','2');
Insert into SALUDMP.VDIR_MUNICIPIO (COD_MUNICIPIO,COD_DEPARTAMENTO,DES_MUNICIPIO,COD_ESTADO) values ('54720','54','Sardinata','2');
Insert into SALUDMP.VDIR_MUNICIPIO (COD_MUNICIPIO,COD_DEPARTAMENTO,DES_MUNICIPIO,COD_ESTADO) values ('54743','54','Silos','2');
Insert into SALUDMP.VDIR_MUNICIPIO (COD_MUNICIPIO,COD_DEPARTAMENTO,DES_MUNICIPIO,COD_ESTADO) values ('54800','54','Teorama','2');
Insert into SALUDMP.VDIR_MUNICIPIO (COD_MUNICIPIO,COD_DEPARTAMENTO,DES_MUNICIPIO,COD_ESTADO) values ('54810','54','Tibú','2');
Insert into SALUDMP.VDIR_MUNICIPIO (COD_MUNICIPIO,COD_DEPARTAMENTO,DES_MUNICIPIO,COD_ESTADO) values ('54820','54','Toledo','2');
Insert into SALUDMP.VDIR_MUNICIPIO (COD_MUNICIPIO,COD_DEPARTAMENTO,DES_MUNICIPIO,COD_ESTADO) values ('54871','54','Villa Caro','2');
Insert into SALUDMP.VDIR_MUNICIPIO (COD_MUNICIPIO,COD_DEPARTAMENTO,DES_MUNICIPIO,COD_ESTADO) values ('54874','54','Villa del Rosario','2');
Insert into SALUDMP.VDIR_MUNICIPIO (COD_MUNICIPIO,COD_DEPARTAMENTO,DES_MUNICIPIO,COD_ESTADO) values ('63001','63','Armenia','2');
Insert into SALUDMP.VDIR_MUNICIPIO (COD_MUNICIPIO,COD_DEPARTAMENTO,DES_MUNICIPIO,COD_ESTADO) values ('63111','63','Buenavista','2');
Insert into SALUDMP.VDIR_MUNICIPIO (COD_MUNICIPIO,COD_DEPARTAMENTO,DES_MUNICIPIO,COD_ESTADO) values ('63130','63','Calarcá','2');
Insert into SALUDMP.VDIR_MUNICIPIO (COD_MUNICIPIO,COD_DEPARTAMENTO,DES_MUNICIPIO,COD_ESTADO) values ('63190','63','Circasia','2');
Insert into SALUDMP.VDIR_MUNICIPIO (COD_MUNICIPIO,COD_DEPARTAMENTO,DES_MUNICIPIO,COD_ESTADO) values ('63212','63','Córdoba','2');
Insert into SALUDMP.VDIR_MUNICIPIO (COD_MUNICIPIO,COD_DEPARTAMENTO,DES_MUNICIPIO,COD_ESTADO) values ('63272','63','Filandia','2');
Insert into SALUDMP.VDIR_MUNICIPIO (COD_MUNICIPIO,COD_DEPARTAMENTO,DES_MUNICIPIO,COD_ESTADO) values ('63302','63','Génova','2');
Insert into SALUDMP.VDIR_MUNICIPIO (COD_MUNICIPIO,COD_DEPARTAMENTO,DES_MUNICIPIO,COD_ESTADO) values ('63401','63','La Tebaida','2');
Insert into SALUDMP.VDIR_MUNICIPIO (COD_MUNICIPIO,COD_DEPARTAMENTO,DES_MUNICIPIO,COD_ESTADO) values ('63470','63','Montenegro','2');
Insert into SALUDMP.VDIR_MUNICIPIO (COD_MUNICIPIO,COD_DEPARTAMENTO,DES_MUNICIPIO,COD_ESTADO) values ('63548','63','Pijao','2');
Insert into SALUDMP.VDIR_MUNICIPIO (COD_MUNICIPIO,COD_DEPARTAMENTO,DES_MUNICIPIO,COD_ESTADO) values ('63594','63','Quimbaya','2');
Insert into SALUDMP.VDIR_MUNICIPIO (COD_MUNICIPIO,COD_DEPARTAMENTO,DES_MUNICIPIO,COD_ESTADO) values ('63690','63','Salento','2');
Insert into SALUDMP.VDIR_MUNICIPIO (COD_MUNICIPIO,COD_DEPARTAMENTO,DES_MUNICIPIO,COD_ESTADO) values ('66045','66','Apía','2');
Insert into SALUDMP.VDIR_MUNICIPIO (COD_MUNICIPIO,COD_DEPARTAMENTO,DES_MUNICIPIO,COD_ESTADO) values ('66075','66','Balboa','2');
Insert into SALUDMP.VDIR_MUNICIPIO (COD_MUNICIPIO,COD_DEPARTAMENTO,DES_MUNICIPIO,COD_ESTADO) values ('66088','66','Belén de Umbría','2');
Insert into SALUDMP.VDIR_MUNICIPIO (COD_MUNICIPIO,COD_DEPARTAMENTO,DES_MUNICIPIO,COD_ESTADO) values ('66170','66','Dosquebradas','2');
Insert into SALUDMP.VDIR_MUNICIPIO (COD_MUNICIPIO,COD_DEPARTAMENTO,DES_MUNICIPIO,COD_ESTADO) values ('66318','66','Guática','2');
Insert into SALUDMP.VDIR_MUNICIPIO (COD_MUNICIPIO,COD_DEPARTAMENTO,DES_MUNICIPIO,COD_ESTADO) values ('66383','66','La Celia','2');
Insert into SALUDMP.VDIR_MUNICIPIO (COD_MUNICIPIO,COD_DEPARTAMENTO,DES_MUNICIPIO,COD_ESTADO) values ('66400','66','La Virginia','2');
Insert into SALUDMP.VDIR_MUNICIPIO (COD_MUNICIPIO,COD_DEPARTAMENTO,DES_MUNICIPIO,COD_ESTADO) values ('66440','66','Marsella','2');
Insert into SALUDMP.VDIR_MUNICIPIO (COD_MUNICIPIO,COD_DEPARTAMENTO,DES_MUNICIPIO,COD_ESTADO) values ('66456','66','Mistrató','2');
Insert into SALUDMP.VDIR_MUNICIPIO (COD_MUNICIPIO,COD_DEPARTAMENTO,DES_MUNICIPIO,COD_ESTADO) values ('66001','66','Pereira','2');
Insert into SALUDMP.VDIR_MUNICIPIO (COD_MUNICIPIO,COD_DEPARTAMENTO,DES_MUNICIPIO,COD_ESTADO) values ('66572','66','Pueblo Rico','2');
Insert into SALUDMP.VDIR_MUNICIPIO (COD_MUNICIPIO,COD_DEPARTAMENTO,DES_MUNICIPIO,COD_ESTADO) values ('66594','66','Quinchía','2');
Insert into SALUDMP.VDIR_MUNICIPIO (COD_MUNICIPIO,COD_DEPARTAMENTO,DES_MUNICIPIO,COD_ESTADO) values ('66682','66','Santa Rosa de Cabal','2');
Insert into SALUDMP.VDIR_MUNICIPIO (COD_MUNICIPIO,COD_DEPARTAMENTO,DES_MUNICIPIO,COD_ESTADO) values ('66687','66','Santuario','2');
REM INSERTING into SALUDMP.VDIR_NUM_USUARIOS_TARIFA
SET DEFINE OFF;
Insert into SALUDMP.VDIR_NUM_USUARIOS_TARIFA (COD_NUM_USUARIOS_TARIFA,DES_NUM_USUARIOS_TARIFA,COD_ESTADO) values ('1','1','1');
Insert into SALUDMP.VDIR_NUM_USUARIOS_TARIFA (COD_NUM_USUARIOS_TARIFA,DES_NUM_USUARIOS_TARIFA,COD_ESTADO) values ('2','2','1');
Insert into SALUDMP.VDIR_NUM_USUARIOS_TARIFA (COD_NUM_USUARIOS_TARIFA,DES_NUM_USUARIOS_TARIFA,COD_ESTADO) values ('3','3','1');
Insert into SALUDMP.VDIR_NUM_USUARIOS_TARIFA (COD_NUM_USUARIOS_TARIFA,DES_NUM_USUARIOS_TARIFA,COD_ESTADO) values ('4','4 o mas','1');
REM INSERTING into SALUDMP.VDIR_PAIS
SET DEFINE OFF;
Insert into SALUDMP.VDIR_PAIS (COD_PAIS,DES_PAIS,COD_ESTADO,ABR_PAIS) values ('1','ANDORRANO/A','1','AD');
Insert into SALUDMP.VDIR_PAIS (COD_PAIS,DES_PAIS,COD_ESTADO,ABR_PAIS) values ('2','AFGANO/A','1','AF');
Insert into SALUDMP.VDIR_PAIS (COD_PAIS,DES_PAIS,COD_ESTADO,ABR_PAIS) values ('3','ANTIGUANO/A','1','AG');
Insert into SALUDMP.VDIR_PAIS (COD_PAIS,DES_PAIS,COD_ESTADO,ABR_PAIS) values ('4','ALBANO/A','1','AL');
Insert into SALUDMP.VDIR_PAIS (COD_PAIS,DES_PAIS,COD_ESTADO,ABR_PAIS) values ('5','ARMENIO/A','1','AM');
Insert into SALUDMP.VDIR_PAIS (COD_PAIS,DES_PAIS,COD_ESTADO,ABR_PAIS) values ('6','ANGOLANO/A','1','AO');
Insert into SALUDMP.VDIR_PAIS (COD_PAIS,DES_PAIS,COD_ESTADO,ABR_PAIS) values ('7','ARGENTINO/A','1','AR');
Insert into SALUDMP.VDIR_PAIS (COD_PAIS,DES_PAIS,COD_ESTADO,ABR_PAIS) values ('8','AUSTRIACO/A','1','AT');
Insert into SALUDMP.VDIR_PAIS (COD_PAIS,DES_PAIS,COD_ESTADO,ABR_PAIS) values ('9','AUSTRALIANO/A','1','AU');
Insert into SALUDMP.VDIR_PAIS (COD_PAIS,DES_PAIS,COD_ESTADO,ABR_PAIS) values ('10','AZERBAIYANO/A','1','AZ');
Insert into SALUDMP.VDIR_PAIS (COD_PAIS,DES_PAIS,COD_ESTADO,ABR_PAIS) values ('11','BOSNIO/A','1','BA');
Insert into SALUDMP.VDIR_PAIS (COD_PAIS,DES_PAIS,COD_ESTADO,ABR_PAIS) values ('12','BARBADENSE','1','BB');
Insert into SALUDMP.VDIR_PAIS (COD_PAIS,DES_PAIS,COD_ESTADO,ABR_PAIS) values ('13','BANGLADESÍ','1','BD');
Insert into SALUDMP.VDIR_PAIS (COD_PAIS,DES_PAIS,COD_ESTADO,ABR_PAIS) values ('14','BELGA','1','BE');
Insert into SALUDMP.VDIR_PAIS (COD_PAIS,DES_PAIS,COD_ESTADO,ABR_PAIS) values ('15','BURKINÉS/A','1','BF');
Insert into SALUDMP.VDIR_PAIS (COD_PAIS,DES_PAIS,COD_ESTADO,ABR_PAIS) values ('16','BÚLGARO/A','1','BG');
Insert into SALUDMP.VDIR_PAIS (COD_PAIS,DES_PAIS,COD_ESTADO,ABR_PAIS) values ('17','BAREINÍ','1','BH');
Insert into SALUDMP.VDIR_PAIS (COD_PAIS,DES_PAIS,COD_ESTADO,ABR_PAIS) values ('18','BURUNDÉS/A','1','BI');
Insert into SALUDMP.VDIR_PAIS (COD_PAIS,DES_PAIS,COD_ESTADO,ABR_PAIS) values ('19','BENINÉS/A','1','BJ');
Insert into SALUDMP.VDIR_PAIS (COD_PAIS,DES_PAIS,COD_ESTADO,ABR_PAIS) values ('20','BRUNEANO/A','1','BN');
Insert into SALUDMP.VDIR_PAIS (COD_PAIS,DES_PAIS,COD_ESTADO,ABR_PAIS) values ('21','BOLIVIANO/A','1','BO');
Insert into SALUDMP.VDIR_PAIS (COD_PAIS,DES_PAIS,COD_ESTADO,ABR_PAIS) values ('22','BRASILEÑO/A','1','BR');
Insert into SALUDMP.VDIR_PAIS (COD_PAIS,DES_PAIS,COD_ESTADO,ABR_PAIS) values ('23','BAHAMEÑO/A','1','BS');
Insert into SALUDMP.VDIR_PAIS (COD_PAIS,DES_PAIS,COD_ESTADO,ABR_PAIS) values ('24','BOTSUANO/A','1','BW');
Insert into SALUDMP.VDIR_PAIS (COD_PAIS,DES_PAIS,COD_ESTADO,ABR_PAIS) values ('25','BIELORUSO/A','1','BY');
Insert into SALUDMP.VDIR_PAIS (COD_PAIS,DES_PAIS,COD_ESTADO,ABR_PAIS) values ('26','BELICEÑO/A','1','BZ');
Insert into SALUDMP.VDIR_PAIS (COD_PAIS,DES_PAIS,COD_ESTADO,ABR_PAIS) values ('27','CANADIENSE','1','CA');
Insert into SALUDMP.VDIR_PAIS (COD_PAIS,DES_PAIS,COD_ESTADO,ABR_PAIS) values ('28','CONGOLEÑO/A','1','CD');
Insert into SALUDMP.VDIR_PAIS (COD_PAIS,DES_PAIS,COD_ESTADO,ABR_PAIS) values ('29','CENTROAFRICANO/A','1','CF');
Insert into SALUDMP.VDIR_PAIS (COD_PAIS,DES_PAIS,COD_ESTADO,ABR_PAIS) values ('30','CONGOLEÑO/A','1','CG');
Insert into SALUDMP.VDIR_PAIS (COD_PAIS,DES_PAIS,COD_ESTADO,ABR_PAIS) values ('31','SUIZO/A','1','CH');
Insert into SALUDMP.VDIR_PAIS (COD_PAIS,DES_PAIS,COD_ESTADO,ABR_PAIS) values ('32','MARFILEÑO/A','1','CI');
Insert into SALUDMP.VDIR_PAIS (COD_PAIS,DES_PAIS,COD_ESTADO,ABR_PAIS) values ('33','CHILENO/A','1','CL');
Insert into SALUDMP.VDIR_PAIS (COD_PAIS,DES_PAIS,COD_ESTADO,ABR_PAIS) values ('34','CAMERUNÉS/A','1','CM');
Insert into SALUDMP.VDIR_PAIS (COD_PAIS,DES_PAIS,COD_ESTADO,ABR_PAIS) values ('35','CHINO/A','1','CN');
Insert into SALUDMP.VDIR_PAIS (COD_PAIS,DES_PAIS,COD_ESTADO,ABR_PAIS) values ('36','COLOMBIANO/A','1','CO');
Insert into SALUDMP.VDIR_PAIS (COD_PAIS,DES_PAIS,COD_ESTADO,ABR_PAIS) values ('37','COSTARRICENSE','1','CR');
Insert into SALUDMP.VDIR_PAIS (COD_PAIS,DES_PAIS,COD_ESTADO,ABR_PAIS) values ('38','CUBANO/A','1','CU');
Insert into SALUDMP.VDIR_PAIS (COD_PAIS,DES_PAIS,COD_ESTADO,ABR_PAIS) values ('39','CABOVERDIANO/A','1','CV');
Insert into SALUDMP.VDIR_PAIS (COD_PAIS,DES_PAIS,COD_ESTADO,ABR_PAIS) values ('40','CHIPRIOTA','1','CY');
Insert into SALUDMP.VDIR_PAIS (COD_PAIS,DES_PAIS,COD_ESTADO,ABR_PAIS) values ('41','CHECO/A','1','CZ');
Insert into SALUDMP.VDIR_PAIS (COD_PAIS,DES_PAIS,COD_ESTADO,ABR_PAIS) values ('42','ALEMÁN/A','1','DE');
Insert into SALUDMP.VDIR_PAIS (COD_PAIS,DES_PAIS,COD_ESTADO,ABR_PAIS) values ('43','DANÉS/A','1','DK');
Insert into SALUDMP.VDIR_PAIS (COD_PAIS,DES_PAIS,COD_ESTADO,ABR_PAIS) values ('44','DOMINIQUÉS/A','1','DM');
Insert into SALUDMP.VDIR_PAIS (COD_PAIS,DES_PAIS,COD_ESTADO,ABR_PAIS) values ('45','DOMINICANO/A','1','DO');
Insert into SALUDMP.VDIR_PAIS (COD_PAIS,DES_PAIS,COD_ESTADO,ABR_PAIS) values ('46','ARGELINO/A','1','DZ');
Insert into SALUDMP.VDIR_PAIS (COD_PAIS,DES_PAIS,COD_ESTADO,ABR_PAIS) values ('47','ECUATORIANO/A','1','EC');
Insert into SALUDMP.VDIR_PAIS (COD_PAIS,DES_PAIS,COD_ESTADO,ABR_PAIS) values ('48','ESTONIO/A','1','EE');
Insert into SALUDMP.VDIR_PAIS (COD_PAIS,DES_PAIS,COD_ESTADO,ABR_PAIS) values ('49','EGIPCIO/A','1','EG');
Insert into SALUDMP.VDIR_PAIS (COD_PAIS,DES_PAIS,COD_ESTADO,ABR_PAIS) values ('50','ERITREO/A','1','ER');
Insert into SALUDMP.VDIR_PAIS (COD_PAIS,DES_PAIS,COD_ESTADO,ABR_PAIS) values ('51','ESPAÑOL/A','1','ES');
Insert into SALUDMP.VDIR_PAIS (COD_PAIS,DES_PAIS,COD_ESTADO,ABR_PAIS) values ('52','ETÍOPE','1','ET');
Insert into SALUDMP.VDIR_PAIS (COD_PAIS,DES_PAIS,COD_ESTADO,ABR_PAIS) values ('53','FINLANDÉS/A','1','FI');
Insert into SALUDMP.VDIR_PAIS (COD_PAIS,DES_PAIS,COD_ESTADO,ABR_PAIS) values ('54','FRANCÉS/A','1','FR');
Insert into SALUDMP.VDIR_PAIS (COD_PAIS,DES_PAIS,COD_ESTADO,ABR_PAIS) values ('55','GABONÉS/A','1','GA');
Insert into SALUDMP.VDIR_PAIS (COD_PAIS,DES_PAIS,COD_ESTADO,ABR_PAIS) values ('56','BRITÁNICO/A','1','GB');
Insert into SALUDMP.VDIR_PAIS (COD_PAIS,DES_PAIS,COD_ESTADO,ABR_PAIS) values ('57','GRANADINO/A','1','GD');
Insert into SALUDMP.VDIR_PAIS (COD_PAIS,DES_PAIS,COD_ESTADO,ABR_PAIS) values ('58','GEORGIANO/A','1','GE');
Insert into SALUDMP.VDIR_PAIS (COD_PAIS,DES_PAIS,COD_ESTADO,ABR_PAIS) values ('59','GUAYANÉS/A','1','GF');
Insert into SALUDMP.VDIR_PAIS (COD_PAIS,DES_PAIS,COD_ESTADO,ABR_PAIS) values ('60','GHANÉS/A','1','GH');
Insert into SALUDMP.VDIR_PAIS (COD_PAIS,DES_PAIS,COD_ESTADO,ABR_PAIS) values ('61','GROENLANDÉS/A','1','GL');
Insert into SALUDMP.VDIR_PAIS (COD_PAIS,DES_PAIS,COD_ESTADO,ABR_PAIS) values ('62','GAMBIANO/A','1','GM');
Insert into SALUDMP.VDIR_PAIS (COD_PAIS,DES_PAIS,COD_ESTADO,ABR_PAIS) values ('63','GUINEANO/A','1','GN');
Insert into SALUDMP.VDIR_PAIS (COD_PAIS,DES_PAIS,COD_ESTADO,ABR_PAIS) values ('64','GUINEANO/A','1','GQ');
Insert into SALUDMP.VDIR_PAIS (COD_PAIS,DES_PAIS,COD_ESTADO,ABR_PAIS) values ('65','GRIEGO/A','1','GR');
Insert into SALUDMP.VDIR_PAIS (COD_PAIS,DES_PAIS,COD_ESTADO,ABR_PAIS) values ('66','GUATEMALTECO/A','1','GT');
Insert into SALUDMP.VDIR_PAIS (COD_PAIS,DES_PAIS,COD_ESTADO,ABR_PAIS) values ('67','GUINEANO/A','1','GW');
Insert into SALUDMP.VDIR_PAIS (COD_PAIS,DES_PAIS,COD_ESTADO,ABR_PAIS) values ('68','HONDUREÑO/A','1','HN');
Insert into SALUDMP.VDIR_PAIS (COD_PAIS,DES_PAIS,COD_ESTADO,ABR_PAIS) values ('69','CROATA','1','HR');
Insert into SALUDMP.VDIR_PAIS (COD_PAIS,DES_PAIS,COD_ESTADO,ABR_PAIS) values ('70','HAITIANO/A','1','HT');
Insert into SALUDMP.VDIR_PAIS (COD_PAIS,DES_PAIS,COD_ESTADO,ABR_PAIS) values ('71','HÚNGARO/A','1','HU');
Insert into SALUDMP.VDIR_PAIS (COD_PAIS,DES_PAIS,COD_ESTADO,ABR_PAIS) values ('72','INDIONISIO/A','1','ID');
Insert into SALUDMP.VDIR_PAIS (COD_PAIS,DES_PAIS,COD_ESTADO,ABR_PAIS) values ('73','IRLANDÉS/A','1','IE');
Insert into SALUDMP.VDIR_PAIS (COD_PAIS,DES_PAIS,COD_ESTADO,ABR_PAIS) values ('74','ISRAELÍ','1','IL');
Insert into SALUDMP.VDIR_PAIS (COD_PAIS,DES_PAIS,COD_ESTADO,ABR_PAIS) values ('75','INDIO/A','1','IN');
Insert into SALUDMP.VDIR_PAIS (COD_PAIS,DES_PAIS,COD_ESTADO,ABR_PAIS) values ('76','IRAQUÍ','1','IQ');
Insert into SALUDMP.VDIR_PAIS (COD_PAIS,DES_PAIS,COD_ESTADO,ABR_PAIS) values ('77','IRANÍ','1','IR');
Insert into SALUDMP.VDIR_PAIS (COD_PAIS,DES_PAIS,COD_ESTADO,ABR_PAIS) values ('78','ISLANDÉS/A','1','IS');
Insert into SALUDMP.VDIR_PAIS (COD_PAIS,DES_PAIS,COD_ESTADO,ABR_PAIS) values ('79','ITALIANO/A','1','IT');
Insert into SALUDMP.VDIR_PAIS (COD_PAIS,DES_PAIS,COD_ESTADO,ABR_PAIS) values ('80','JAMAICANO/A','1','JM');
Insert into SALUDMP.VDIR_PAIS (COD_PAIS,DES_PAIS,COD_ESTADO,ABR_PAIS) values ('81','JORDANO/A','1','JO');
Insert into SALUDMP.VDIR_PAIS (COD_PAIS,DES_PAIS,COD_ESTADO,ABR_PAIS) values ('82','JAPONÉS/A','1','JP');
Insert into SALUDMP.VDIR_PAIS (COD_PAIS,DES_PAIS,COD_ESTADO,ABR_PAIS) values ('83','KENIATA','1','KE');
Insert into SALUDMP.VDIR_PAIS (COD_PAIS,DES_PAIS,COD_ESTADO,ABR_PAIS) values ('84','KIRGUÍS/A','1','KG');
Insert into SALUDMP.VDIR_PAIS (COD_PAIS,DES_PAIS,COD_ESTADO,ABR_PAIS) values ('85','CAMBOYANO/A','1','KH');
Insert into SALUDMP.VDIR_PAIS (COD_PAIS,DES_PAIS,COD_ESTADO,ABR_PAIS) values ('86','KIRIBATIANO/A','1','KI');
Insert into SALUDMP.VDIR_PAIS (COD_PAIS,DES_PAIS,COD_ESTADO,ABR_PAIS) values ('87','COMORENSE','1','KM');
Insert into SALUDMP.VDIR_PAIS (COD_PAIS,DES_PAIS,COD_ESTADO,ABR_PAIS) values ('88','NORCOREANO/A','1','KP');
Insert into SALUDMP.VDIR_PAIS (COD_PAIS,DES_PAIS,COD_ESTADO,ABR_PAIS) values ('89','SURCOREANO/A','1','KR');
Insert into SALUDMP.VDIR_PAIS (COD_PAIS,DES_PAIS,COD_ESTADO,ABR_PAIS) values ('90','KUWAITÍ','1','KW');
Insert into SALUDMP.VDIR_PAIS (COD_PAIS,DES_PAIS,COD_ESTADO,ABR_PAIS) values ('91','KAZAJO/A','1','KZ');
Insert into SALUDMP.VDIR_PAIS (COD_PAIS,DES_PAIS,COD_ESTADO,ABR_PAIS) values ('92','LAOSIANO/A','1','LA');
Insert into SALUDMP.VDIR_PAIS (COD_PAIS,DES_PAIS,COD_ESTADO,ABR_PAIS) values ('93','LIBANÉS/A','1','LB');
Insert into SALUDMP.VDIR_PAIS (COD_PAIS,DES_PAIS,COD_ESTADO,ABR_PAIS) values ('94','LIECHTENSTEINIANO/A','1','LI');
Insert into SALUDMP.VDIR_PAIS (COD_PAIS,DES_PAIS,COD_ESTADO,ABR_PAIS) values ('95','CEILANDÉS/A','1','LK');
Insert into SALUDMP.VDIR_PAIS (COD_PAIS,DES_PAIS,COD_ESTADO,ABR_PAIS) values ('96','LIBERIANO/A','1','LR');
Insert into SALUDMP.VDIR_PAIS (COD_PAIS,DES_PAIS,COD_ESTADO,ABR_PAIS) values ('97','LESOTENSE','1','LS');
Insert into SALUDMP.VDIR_PAIS (COD_PAIS,DES_PAIS,COD_ESTADO,ABR_PAIS) values ('98','LITUANO/A','1','LT');
Insert into SALUDMP.VDIR_PAIS (COD_PAIS,DES_PAIS,COD_ESTADO,ABR_PAIS) values ('99','LUXEMBURGÉS/A','1','LU');
Insert into SALUDMP.VDIR_PAIS (COD_PAIS,DES_PAIS,COD_ESTADO,ABR_PAIS) values ('100','LETONIO/A','1','LV');
Insert into SALUDMP.VDIR_PAIS (COD_PAIS,DES_PAIS,COD_ESTADO,ABR_PAIS) values ('101','LIBIO/A','1','LY');
Insert into SALUDMP.VDIR_PAIS (COD_PAIS,DES_PAIS,COD_ESTADO,ABR_PAIS) values ('102','MARROQUÍ','1','MA');
Insert into SALUDMP.VDIR_PAIS (COD_PAIS,DES_PAIS,COD_ESTADO,ABR_PAIS) values ('103','MONAQUÉS/A','1','MC');
Insert into SALUDMP.VDIR_PAIS (COD_PAIS,DES_PAIS,COD_ESTADO,ABR_PAIS) values ('104','MOLDAVO/A','1','MD');
Insert into SALUDMP.VDIR_PAIS (COD_PAIS,DES_PAIS,COD_ESTADO,ABR_PAIS) values ('105','MONTENEGRINO/A','1','ME');
Insert into SALUDMP.VDIR_PAIS (COD_PAIS,DES_PAIS,COD_ESTADO,ABR_PAIS) values ('106','MALGACHE','1','MG');
Insert into SALUDMP.VDIR_PAIS (COD_PAIS,DES_PAIS,COD_ESTADO,ABR_PAIS) values ('107','MARSHALÉS/A','1','MH');
Insert into SALUDMP.VDIR_PAIS (COD_PAIS,DES_PAIS,COD_ESTADO,ABR_PAIS) values ('108','MACEDONIO/A','1','MK');
Insert into SALUDMP.VDIR_PAIS (COD_PAIS,DES_PAIS,COD_ESTADO,ABR_PAIS) values ('109','MALIENSE','1','ML');
Insert into SALUDMP.VDIR_PAIS (COD_PAIS,DES_PAIS,COD_ESTADO,ABR_PAIS) values ('110','BIRMANO/A','1','MM');
Insert into SALUDMP.VDIR_PAIS (COD_PAIS,DES_PAIS,COD_ESTADO,ABR_PAIS) values ('111','MONGÓL/A','1','MN');
Insert into SALUDMP.VDIR_PAIS (COD_PAIS,DES_PAIS,COD_ESTADO,ABR_PAIS) values ('112','MAURITANO/A','1','MR');
Insert into SALUDMP.VDIR_PAIS (COD_PAIS,DES_PAIS,COD_ESTADO,ABR_PAIS) values ('113','MALTÉS/A','1','MT');
Insert into SALUDMP.VDIR_PAIS (COD_PAIS,DES_PAIS,COD_ESTADO,ABR_PAIS) values ('114','MAURICIANO/A','1','MU');
Insert into SALUDMP.VDIR_PAIS (COD_PAIS,DES_PAIS,COD_ESTADO,ABR_PAIS) values ('115','MALDIVO/A','1','MV');
Insert into SALUDMP.VDIR_PAIS (COD_PAIS,DES_PAIS,COD_ESTADO,ABR_PAIS) values ('116','MALAUÍ','1','MW');
Insert into SALUDMP.VDIR_PAIS (COD_PAIS,DES_PAIS,COD_ESTADO,ABR_PAIS) values ('117','MEXICANO/A','1','MX');
Insert into SALUDMP.VDIR_PAIS (COD_PAIS,DES_PAIS,COD_ESTADO,ABR_PAIS) values ('118','MALAYO/A','1','MY');
Insert into SALUDMP.VDIR_PAIS (COD_PAIS,DES_PAIS,COD_ESTADO,ABR_PAIS) values ('119','MOZAMBIQUEÑO/A','1','MZ');
Insert into SALUDMP.VDIR_PAIS (COD_PAIS,DES_PAIS,COD_ESTADO,ABR_PAIS) values ('120','NAMIBIO/A','1','NA');
Insert into SALUDMP.VDIR_PAIS (COD_PAIS,DES_PAIS,COD_ESTADO,ABR_PAIS) values ('121','NIGERIANO/A','1','NE');
Insert into SALUDMP.VDIR_PAIS (COD_PAIS,DES_PAIS,COD_ESTADO,ABR_PAIS) values ('122','NICARAGUENSE','1','NI');
Insert into SALUDMP.VDIR_PAIS (COD_PAIS,DES_PAIS,COD_ESTADO,ABR_PAIS) values ('123','HOLANDÉS/A','1','NL');
Insert into SALUDMP.VDIR_PAIS (COD_PAIS,DES_PAIS,COD_ESTADO,ABR_PAIS) values ('124','NORUEGO/A','1','NO');
Insert into SALUDMP.VDIR_PAIS (COD_PAIS,DES_PAIS,COD_ESTADO,ABR_PAIS) values ('125','NAURUANO/A','1','NR');
Insert into SALUDMP.VDIR_PAIS (COD_PAIS,DES_PAIS,COD_ESTADO,ABR_PAIS) values ('126','NIUANO/A','1','NU');
Insert into SALUDMP.VDIR_PAIS (COD_PAIS,DES_PAIS,COD_ESTADO,ABR_PAIS) values ('127','NEOZELANDÉS/A','1','NZ');
Insert into SALUDMP.VDIR_PAIS (COD_PAIS,DES_PAIS,COD_ESTADO,ABR_PAIS) values ('128','OMANÉS/A','1','OM');
Insert into SALUDMP.VDIR_PAIS (COD_PAIS,DES_PAIS,COD_ESTADO,ABR_PAIS) values ('129','PANAMEÑO/A','1','PA');
Insert into SALUDMP.VDIR_PAIS (COD_PAIS,DES_PAIS,COD_ESTADO,ABR_PAIS) values ('130','PERUANO/A','1','PE');
Insert into SALUDMP.VDIR_PAIS (COD_PAIS,DES_PAIS,COD_ESTADO,ABR_PAIS) values ('131','PAPÚ','1','PG');
Insert into SALUDMP.VDIR_PAIS (COD_PAIS,DES_PAIS,COD_ESTADO,ABR_PAIS) values ('132','FILIPINO/A','1','PH');
Insert into SALUDMP.VDIR_PAIS (COD_PAIS,DES_PAIS,COD_ESTADO,ABR_PAIS) values ('133','PAKISTANÍ','1','PK');
Insert into SALUDMP.VDIR_PAIS (COD_PAIS,DES_PAIS,COD_ESTADO,ABR_PAIS) values ('134','POLACO/A','1','PL');
Insert into SALUDMP.VDIR_PAIS (COD_PAIS,DES_PAIS,COD_ESTADO,ABR_PAIS) values ('135','PORTUGUÉS/A','1','PT');
Insert into SALUDMP.VDIR_PAIS (COD_PAIS,DES_PAIS,COD_ESTADO,ABR_PAIS) values ('136','PARAGUAYO/A','1','PY');
Insert into SALUDMP.VDIR_PAIS (COD_PAIS,DES_PAIS,COD_ESTADO,ABR_PAIS) values ('137','CATARÍ','1','QA');
Insert into SALUDMP.VDIR_PAIS (COD_PAIS,DES_PAIS,COD_ESTADO,ABR_PAIS) values ('138','RUMANO/A','1','RO');
Insert into SALUDMP.VDIR_PAIS (COD_PAIS,DES_PAIS,COD_ESTADO,ABR_PAIS) values ('139','SERBIO/A','1','RS');
Insert into SALUDMP.VDIR_PAIS (COD_PAIS,DES_PAIS,COD_ESTADO,ABR_PAIS) values ('140','RUSO/A','1','RU');
Insert into SALUDMP.VDIR_PAIS (COD_PAIS,DES_PAIS,COD_ESTADO,ABR_PAIS) values ('141','RUANDÉS/A','1','RW');
Insert into SALUDMP.VDIR_PAIS (COD_PAIS,DES_PAIS,COD_ESTADO,ABR_PAIS) values ('142','SAUDÍ','1','SA');
Insert into SALUDMP.VDIR_PAIS (COD_PAIS,DES_PAIS,COD_ESTADO,ABR_PAIS) values ('143','SALOMONENSE','1','SB');
Insert into SALUDMP.VDIR_PAIS (COD_PAIS,DES_PAIS,COD_ESTADO,ABR_PAIS) values ('144','SEYCHELENSE','1','SC');
Insert into SALUDMP.VDIR_PAIS (COD_PAIS,DES_PAIS,COD_ESTADO,ABR_PAIS) values ('145','SUDANÉS/A','1','SD');
Insert into SALUDMP.VDIR_PAIS (COD_PAIS,DES_PAIS,COD_ESTADO,ABR_PAIS) values ('146','SUECO/A','1','SE');
Insert into SALUDMP.VDIR_PAIS (COD_PAIS,DES_PAIS,COD_ESTADO,ABR_PAIS) values ('147','SINGAPURENSE','1','SG');
Insert into SALUDMP.VDIR_PAIS (COD_PAIS,DES_PAIS,COD_ESTADO,ABR_PAIS) values ('148','ESLOVENO/A','1','SI');
Insert into SALUDMP.VDIR_PAIS (COD_PAIS,DES_PAIS,COD_ESTADO,ABR_PAIS) values ('149','ESLOVACO/A','1','SK');
Insert into SALUDMP.VDIR_PAIS (COD_PAIS,DES_PAIS,COD_ESTADO,ABR_PAIS) values ('150','SIERRALEONÉS/A','1','SL');
Insert into SALUDMP.VDIR_PAIS (COD_PAIS,DES_PAIS,COD_ESTADO,ABR_PAIS) values ('151','SANMARINENSE','1','SM');
Insert into SALUDMP.VDIR_PAIS (COD_PAIS,DES_PAIS,COD_ESTADO,ABR_PAIS) values ('152','SENEGALÉS/A','1','SN');
Insert into SALUDMP.VDIR_PAIS (COD_PAIS,DES_PAIS,COD_ESTADO,ABR_PAIS) values ('153','SOMALÍ','1','SO');
Insert into SALUDMP.VDIR_PAIS (COD_PAIS,DES_PAIS,COD_ESTADO,ABR_PAIS) values ('154','SURINAMÉS/A','1','SR');
Insert into SALUDMP.VDIR_PAIS (COD_PAIS,DES_PAIS,COD_ESTADO,ABR_PAIS) values ('155','SALVADOREÑO/A','1','SV');
Insert into SALUDMP.VDIR_PAIS (COD_PAIS,DES_PAIS,COD_ESTADO,ABR_PAIS) values ('156','SIRIO/A','1','SY');
Insert into SALUDMP.VDIR_PAIS (COD_PAIS,DES_PAIS,COD_ESTADO,ABR_PAIS) values ('157','SUAZI','1','SZ');
Insert into SALUDMP.VDIR_PAIS (COD_PAIS,DES_PAIS,COD_ESTADO,ABR_PAIS) values ('158','CHADIANO/A','1','TD');
Insert into SALUDMP.VDIR_PAIS (COD_PAIS,DES_PAIS,COD_ESTADO,ABR_PAIS) values ('159','TOGOLÉS/A','1','TG');
Insert into SALUDMP.VDIR_PAIS (COD_PAIS,DES_PAIS,COD_ESTADO,ABR_PAIS) values ('160','TAILANDÉS/A','1','TH');
Insert into SALUDMP.VDIR_PAIS (COD_PAIS,DES_PAIS,COD_ESTADO,ABR_PAIS) values ('161','TIMORENSE','1','TL');
Insert into SALUDMP.VDIR_PAIS (COD_PAIS,DES_PAIS,COD_ESTADO,ABR_PAIS) values ('162','TUNECINO/A','1','TN');
Insert into SALUDMP.VDIR_PAIS (COD_PAIS,DES_PAIS,COD_ESTADO,ABR_PAIS) values ('163','TONGANO/A','1','TO');
Insert into SALUDMP.VDIR_PAIS (COD_PAIS,DES_PAIS,COD_ESTADO,ABR_PAIS) values ('164','TURCO/A','1','TR');
Insert into SALUDMP.VDIR_PAIS (COD_PAIS,DES_PAIS,COD_ESTADO,ABR_PAIS) values ('165','TUVALUANO/A','1','TV');
Insert into SALUDMP.VDIR_PAIS (COD_PAIS,DES_PAIS,COD_ESTADO,ABR_PAIS) values ('166','TANZANO/A','1','TZ');
Insert into SALUDMP.VDIR_PAIS (COD_PAIS,DES_PAIS,COD_ESTADO,ABR_PAIS) values ('167','UCRANIANO/A','1','UA');
Insert into SALUDMP.VDIR_PAIS (COD_PAIS,DES_PAIS,COD_ESTADO,ABR_PAIS) values ('168','UGANDÉS/A','1','UG');
Insert into SALUDMP.VDIR_PAIS (COD_PAIS,DES_PAIS,COD_ESTADO,ABR_PAIS) values ('169','AMERICANO/A','1','US');
Insert into SALUDMP.VDIR_PAIS (COD_PAIS,DES_PAIS,COD_ESTADO,ABR_PAIS) values ('170','URUGUAYO/A','1','UY');
Insert into SALUDMP.VDIR_PAIS (COD_PAIS,DES_PAIS,COD_ESTADO,ABR_PAIS) values ('171','UZBECO/A','1','UZ');
Insert into SALUDMP.VDIR_PAIS (COD_PAIS,DES_PAIS,COD_ESTADO,ABR_PAIS) values ('172','VATICANO/A','1','VA');
Insert into SALUDMP.VDIR_PAIS (COD_PAIS,DES_PAIS,COD_ESTADO,ABR_PAIS) values ('173','SANVICENTINO/A','1','VC');
Insert into SALUDMP.VDIR_PAIS (COD_PAIS,DES_PAIS,COD_ESTADO,ABR_PAIS) values ('174','VENEZOLANO/A','1','VE');
Insert into SALUDMP.VDIR_PAIS (COD_PAIS,DES_PAIS,COD_ESTADO,ABR_PAIS) values ('175','VIETNAMITA','1','VN');
Insert into SALUDMP.VDIR_PAIS (COD_PAIS,DES_PAIS,COD_ESTADO,ABR_PAIS) values ('176','VANUATUENSE','1','VU');
Insert into SALUDMP.VDIR_PAIS (COD_PAIS,DES_PAIS,COD_ESTADO,ABR_PAIS) values ('177','SAMOANO/A','1','WS');
Insert into SALUDMP.VDIR_PAIS (COD_PAIS,DES_PAIS,COD_ESTADO,ABR_PAIS) values ('178','YEMENÍ','1','YE');
Insert into SALUDMP.VDIR_PAIS (COD_PAIS,DES_PAIS,COD_ESTADO,ABR_PAIS) values ('179','SUDAFRICANO/A','1','ZA');
Insert into SALUDMP.VDIR_PAIS (COD_PAIS,DES_PAIS,COD_ESTADO,ABR_PAIS) values ('180','ZAMBIANO/A','1','ZM');
Insert into SALUDMP.VDIR_PAIS (COD_PAIS,DES_PAIS,COD_ESTADO,ABR_PAIS) values ('181','ZIMBABUENSE','1','ZW');
REM INSERTING into SALUDMP.VDIR_PARAMETRO
SET DEFINE OFF;
Insert into SALUDMP.VDIR_PARAMETRO (COD_PARAMETRO,DES_PARAMETRO,VALOR_PARAMETRO,COD_ESTADO) values ('15','Extensiones permitidas Input File Cotización','.jpg, .png, .gif, .bmp, .tif, .pdf','1');
Insert into SALUDMP.VDIR_PARAMETRO (COD_PARAMETRO,DES_PARAMETRO,VALOR_PARAMETRO,COD_ESTADO) values ('16','Tamaño permitido Input File Cotización','2MB','1');
Insert into SALUDMP.VDIR_PARAMETRO (COD_PARAMETRO,DES_PARAMETRO,VALOR_PARAMETRO,COD_ESTADO) values ('17','Ruta archivos de beneficiario','/venta_directa/asset/public/fileBeneficiarios/','1');
Insert into SALUDMP.VDIR_PARAMETRO (COD_PARAMETRO,DES_PARAMETRO,VALOR_PARAMETRO,COD_ESTADO) values ('1','url para traer usuarios asociados','http://oficinavirtualmp.coomeva.com.co/saludmp-ws/jax-rs/saludmp-credenciales/CredencialesAfilmed/COREMP/CORE3302MP','1');
Insert into SALUDMP.VDIR_PARAMETRO (COD_PARAMETRO,DES_PARAMETRO,VALOR_PARAMETRO,COD_ESTADO) values ('4','Url validad ubicacion (CEM) ','https://apps-cem.coomeva.com.co/admincem-ws/rest/CoberturaWsRest/consultarCoberturaWs','1');
Insert into SALUDMP.VDIR_PARAMETRO (COD_PARAMETRO,DES_PARAMETRO,VALOR_PARAMETRO,COD_ESTADO) values ('5','Habeas data','AUTORIZO de manera previa, expresa, informada y explícita, a Coomeva Medicina Prepagada S.A., para que realicen lo siguiente:
<br>1) Consultas y Reportes: Que en virtud de las relaciones jurídicas con Coomeva Medicina Prepagada S.A., o quien en el futuro sea su acreedor, cesionario o contraparte, pueda: a) Consultar en las centrales de riesgo toda la información comercial, crediticia, hábitos de pago y en general mi desempeño como deudor. b) Reportar a las centrales de riesgo datos, tratados o sin tratar, tanto sobre el cumplimiento o incumplimiento de mis obligaciones de contenido patrimonial. c) Suministrar a las centrales de riesgo datos relativos, relaciones comerciales, fi nancieras y en general socioeconómicas que haya entregado o que consten en bases de datos. La autorización anterior permite a Coomeva Medicina Prepagada S.A., y a las centrales de riesgo verifi car y divulgar el comportamiento de mis deberes contractuales y legales, con el fi n de elaborar estadísticas y derivar, mediante modelos matemáticos, conclusiones de ellas.
<br>2) Uso y tratamiento de datos: que mis datos personales sean objeto de tratamiento para las siguientes fi nalidades: 2.1) Datos personales: a) Compartir todos mis datos, soportes y los que llegare a suministrar con ocasión de mi vinculación comercial con Coomeva Medicina Prepagada S.A., los cuales podrán ser cedidos a otras entidades con las cuales se tengan alianzas o acuerdos comerciales. b) Realizar campañas de identifi cación en procesos institucionales de Coomeva Medicina Prepagada S.A., o de marketing (promoción de productos y servicios), envío de información comercial por cualquier medio conocido o que llegase a conocerse. c) Realizar gestiones de cobranza, bien sea directamente o por conducto de terceras personas. ','1');
Insert into SALUDMP.VDIR_PARAMETRO (COD_PARAMETRO,DES_PARAMETRO,VALOR_PARAMETRO,COD_ESTADO) values ('2','Correo remitente coomeva','coomeva@hotmail.com','1');
Insert into SALUDMP.VDIR_PARAMETRO (COD_PARAMETRO,DES_PARAMETRO,VALOR_PARAMETRO,COD_ESTADO) values ('3','url base ','http://10.31.9.32/venta_directa/','1');
Insert into SALUDMP.VDIR_PARAMETRO (COD_PARAMETRO,DES_PARAMETRO,VALOR_PARAMETRO,COD_ESTADO) values ('11','Url Adobe Sign para las API Rest','https://api.na2.echosign.com','1');
Insert into SALUDMP.VDIR_PARAMETRO (COD_PARAMETRO,DES_PARAMETRO,VALOR_PARAMETRO,COD_ESTADO) values ('6','Id del Cliente para el API Rest','CBJCHBCAABAAvG6hqE1XXc5-Qc4IaEJ1rB9sQwDBWlIV','1');
Insert into SALUDMP.VDIR_PARAMETRO (COD_PARAMETRO,DES_PARAMETRO,VALOR_PARAMETRO,COD_ESTADO) values ('7','Id secreto del Cliente para el API Rest','OnTuwHNiOicgiaevgez2DA3M0XJXkpwq','1');
Insert into SALUDMP.VDIR_PARAMETRO (COD_PARAMETRO,DES_PARAMETRO,VALOR_PARAMETRO,COD_ESTADO) values ('8','Token para resfrescar API Rest','3AAABLblqZhBAfLDslmAPa5W1l7CpDhuZ0OSPPEyaeJDpyPitIzOz2FP2N0eDu4x4MWwpeKkcsqo*','1');
Insert into SALUDMP.VDIR_PARAMETRO (COD_PARAMETRO,DES_PARAMETRO,VALOR_PARAMETRO,COD_ESTADO) values ('9','Url Origen Firmas Widget','https://secure.na2.echosign.com','1');
Insert into SALUDMP.VDIR_PARAMETRO (COD_PARAMETRO,DES_PARAMETRO,VALOR_PARAMETRO,COD_ESTADO) values ('10','Url local para crear archivos temporales','/venta_directa/asset/public/temporales/','1');
Insert into SALUDMP.VDIR_PARAMETRO (COD_PARAMETRO,DES_PARAMETRO,VALOR_PARAMETRO,COD_ESTADO) values ('12','Mensaje inicio servicio','Señor usuario gracias por afiliarse a Coomeva Medicina Prepagada, a partir del día 16 del presente mes podrá iniciar servicio con nosotros','1');
Insert into SALUDMP.VDIR_PARAMETRO (COD_PARAMETRO,DES_PARAMETRO,VALOR_PARAMETRO,COD_ESTADO) values ('13','Mensaje inicio servicio','Señor usuario, gracias por afiliarse a Coomeva Medicina Prepagada, a partir del 1 del siguiente mes podrá iniciar servicio con nosotros','1');
Insert into SALUDMP.VDIR_PARAMETRO (COD_PARAMETRO,DES_PARAMETRO,VALOR_PARAMETRO,COD_ESTADO) values ('14','Ruta donde se guardan los archivos en el servidor','./asset/public/fileUpload/','1');
Insert into SALUDMP.VDIR_PARAMETRO (COD_PARAMETRO,DES_PARAMETRO,VALOR_PARAMETRO,COD_ESTADO) values ('18','Extensiones permitidas Plan Programa','.jpg, .png, .gif, .bmp, .tif','1');
Insert into SALUDMP.VDIR_PARAMETRO (COD_PARAMETRO,DES_PARAMETRO,VALOR_PARAMETRO,COD_ESTADO) values ('19','Ruta archivos de coberturas','/venta_directa/asset/public/fileUpload/','1');
Insert into SALUDMP.VDIR_PARAMETRO (COD_PARAMETRO,DES_PARAMETRO,VALOR_PARAMETRO,COD_ESTADO) values ('20','Mensaje ayuda footer','<p class="text-justify">Señor usuario, a continuación, se describe el proceso para solicitar la devolución de su dinero por concepto de inscripción a cualquiera de los programas de Coomeva Medicina Prepagada, debe tener en cuenta que únicamente podrá  realizar dicha solicitud dentro de los cinco días hábiles posteriores a la realización del pago, pasados estos cinco días, deberá solicitar el retiro de la afiliación de acuerdo al proceso definido por Coomeva Medicina Prepagada.<br><br>Para tramitar su solicitud de devolución debe seguir las siguientes instrucciones:<br><br>&nbsp;&nbsp;&nbsp;1. Descargar y diligenciar el formato MP-FT-702 presionando clic <a href="./asset/public/uploadPdf/Ayuda/mp-ft-702_solicitud_reintegro_de_un_recaudo_v_4.xlsm" class="text-primary">aquí</a>. Para que su solicitud no sea devuelta debe diligenciar todos los campos del formulario.<br>&nbsp;&nbsp;&nbsp;2. Si desea recibir el dinero a través de giro, diligenciar el formulario anteriormente mencionado y escanear el documento de identidad.<br>&nbsp;&nbsp;&nbsp;3. SI desea recibir el dinero a través de transferencia electrónica, diligenciar el formulario anteriormente mencionado hasta el numeral número IV. <br>&nbsp;&nbsp;&nbsp;&nbsp;&nbsp;&nbsp;&nbsp;Información de la solicitud de reintegro. Posteriormente debe descargar, diligenciar por completo y firmar el formulario MP-FT-679 presionando clic <a href="./asset/public/uploadPdf/Ayuda/MP-FT-679_Autorizacion_pago_transf_v_4.xls" class="text-primary">aquí</a>. <br>&nbsp;&nbsp;&nbsp;&nbsp;&nbsp;&nbsp;&nbsp;Posteriormente debe escanear los dos formatos anteriormente mencionados, escanear la fotocopia de documento de identidad y el certificado de cuenta bancaria.<br>&nbsp;&nbsp;&nbsp;4. Enviar la documentación requerida a la siguiente dirección electrónica: reintegro_mp_nacional@coomeva.com.co<br>&nbsp;&nbsp;&nbsp;5. Después de terminado el proceso, se validará internamente su solicitud y al cabo de 12 días hábiles podrá retirar su dinero.<br><br>Señor usuario, por favor diligenciar por completo los formularios para que su solicitud no sea devuelta.</p>','1');
Insert into SALUDMP.VDIR_PARAMETRO (COD_PARAMETRO,DES_PARAMETRO,VALOR_PARAMETRO,COD_ESTADO) values ('21','Mensaje email administración de usuarios','<label style=''font-size: 12;''>Estimado usuario</label>, <br><br>  <label style=''font-size: 12;''>Hemos realizado la creación de su usuario <b>$1</b>, a continuaci&oacute;n confirmamos sus datos:</label><br><br><br> Nombre de usuario:  <b>$2</b><br> Contrase&ntilde;a:<b> $3</b><br> Perfil:<b> $4</b>','1');
Insert into SALUDMP.VDIR_PARAMETRO (COD_PARAMETRO,DES_PARAMETRO,VALOR_PARAMETRO,COD_ESTADO) values ('22','Asunto email administración de usuarios','Venta directa Coomeva MP','1');
Insert into SALUDMP.VDIR_PARAMETRO (COD_PARAMETRO,DES_PARAMETRO,VALOR_PARAMETRO,COD_ESTADO) values ('23','Titulo 1 Footer','Coomeva Medicina prepagada S.A.','1');
Insert into SALUDMP.VDIR_PARAMETRO (COD_PARAMETRO,DES_PARAMETRO,VALOR_PARAMETRO,COD_ESTADO) values ('25','Titulo 2 Footer','Links','1');
Insert into SALUDMP.VDIR_PARAMETRO (COD_PARAMETRO,DES_PARAMETRO,VALOR_PARAMETRO,COD_ESTADO) values ('24','Datos Footer 1','<b>NIT:</b> 805.009.741-0<br><b>Direcci&oacute;n:</b> Calle 13 # 57-50 Piso 2 Puerta 2 Santiago de Cali, Valle del Cauca <br><b>Correo electr&oacute;nico:</b> correoinstitucionalmp@coomeva.com.co <br><b>N&uacute;mero de tel&eacute;fono:</b> (2) 3330000','1');
Insert into SALUDMP.VDIR_PARAMETRO (COD_PARAMETRO,DES_PARAMETRO,VALOR_PARAMETRO,COD_ESTADO) values ('26','Datos Footer 2','<div><a class="text-secondary" href="http://www.sic.gov.co/" target="_blank"> <b>SIC</b></a></div><div><a class="text-secondary" href="http://atentosinternet.coomeva.com.co/atentos/php/view/atencion_cliente/verRegsCasoCliente.php" target="_blank"><b>Registro de PQRS</b></a></div><div><a class="text-secondary" href="http://www.coomeva.com.co/publicaciones.php?id=41275" target="_blank"><b>Pol&iacute;tica de protecci&oacute;n de datos personales</b></a></div>','1');
REM INSERTING into SALUDMP.VDIR_PARENTESCO
SET DEFINE OFF;
Insert into SALUDMP.VDIR_PARENTESCO (COD_PARENTESCO,DES_PARENTESCO,COD_ESTADO,ABR_PARENTESCO) values ('1','Abuelo','1','A');
Insert into SALUDMP.VDIR_PARENTESCO (COD_PARENTESCO,DES_PARENTESCO,COD_ESTADO,ABR_PARENTESCO) values ('2','Conyuge','1','C');
Insert into SALUDMP.VDIR_PARENTESCO (COD_PARENTESCO,DES_PARENTESCO,COD_ESTADO,ABR_PARENTESCO) values ('3','Fliar a cargo','1','F');
Insert into SALUDMP.VDIR_PARENTESCO (COD_PARENTESCO,DES_PARENTESCO,COD_ESTADO,ABR_PARENTESCO) values ('4','Hijo','1','H');
Insert into SALUDMP.VDIR_PARENTESCO (COD_PARENTESCO,DES_PARENTESCO,COD_ESTADO,ABR_PARENTESCO) values ('5','Hermano(a)','1','M');
Insert into SALUDMP.VDIR_PARENTESCO (COD_PARENTESCO,DES_PARENTESCO,COD_ESTADO,ABR_PARENTESCO) values ('6','Nieto','1','N');
Insert into SALUDMP.VDIR_PARENTESCO (COD_PARENTESCO,DES_PARENTESCO,COD_ESTADO,ABR_PARENTESCO) values ('7','Tio','1','O');
Insert into SALUDMP.VDIR_PARENTESCO (COD_PARENTESCO,DES_PARENTESCO,COD_ESTADO,ABR_PARENTESCO) values ('8','Progenitor(a)','1','P');
Insert into SALUDMP.VDIR_PARENTESCO (COD_PARENTESCO,DES_PARENTESCO,COD_ESTADO,ABR_PARENTESCO) values ('9','Suegro(a)','1','S');
Insert into SALUDMP.VDIR_PARENTESCO (COD_PARENTESCO,DES_PARENTESCO,COD_ESTADO,ABR_PARENTESCO) values ('10','Titular','1','T');
REM INSERTING into SALUDMP.VDIR_PERSONA
SET DEFINE OFF;
Insert into SALUDMP.VDIR_PERSONA (COD_PERSONA,COD_TIPO_IDENTIFICACION,NUMERO_IDENTIFICACION,NOMBRE_1,NOMBRE_2,APELLIDO_1,APELLIDO_2,FECHA_NACIMIENTO,TELEFONO,EMAIL,DIRECCION,COD_SEXO,COD_MUNICIPIO,FECHA_CREACION,COD_ESTADO,CELULAR,COD_EPS,COD_ESTADO_CIVIL,IND_TIENE_MASCOTA,DIR_TIPO_VIA,DIR_NUM_VIA,DIR_NUM_PLACA,DIR_COMPLEMENTO) values ('12','1','698574','felipe',null,'angulo',null,to_date('01/01/10','DD/MM/RR'),null,'hidalgoever@live.com','Carretera 45 # 545 454','1','76147',to_date('29/11/18','DD/MM/RR'),'3','5424','89','1','1','22','45','545','454');
Insert into SALUDMP.VDIR_PERSONA (COD_PERSONA,COD_TIPO_IDENTIFICACION,NUMERO_IDENTIFICACION,NOMBRE_1,NOMBRE_2,APELLIDO_1,APELLIDO_2,FECHA_NACIMIENTO,TELEFONO,EMAIL,DIRECCION,COD_SEXO,COD_MUNICIPIO,FECHA_CREACION,COD_ESTADO,CELULAR,COD_EPS,COD_ESTADO_CIVIL,IND_TIENE_MASCOTA,DIR_TIPO_VIA,DIR_NUM_VIA,DIR_NUM_PLACA,DIR_COMPLEMENTO) values ('42','1','1113649251','Gustavo',null,'Portilla','Sarria',to_date('09/09/90','DD/MM/RR'),'4407416','gustavo.portilla@coomeva.com.co','Calle 45 # 98B - 50 Valle del lili','1','1',to_date('04/01/19','DD/MM/RR'),'3','33207830990','108','4','1','17','45','98B - 50','Valle del lili');
Insert into SALUDMP.VDIR_PERSONA (COD_PERSONA,COD_TIPO_IDENTIFICACION,NUMERO_IDENTIFICACION,NOMBRE_1,NOMBRE_2,APELLIDO_1,APELLIDO_2,FECHA_NACIMIENTO,TELEFONO,EMAIL,DIRECCION,COD_SEXO,COD_MUNICIPIO,FECHA_CREACION,COD_ESTADO,CELULAR,COD_EPS,COD_ESTADO_CIVIL,IND_TIENE_MASCOTA,DIR_TIPO_VIA,DIR_NUM_VIA,DIR_NUM_PLACA,DIR_COMPLEMENTO) values ('43','1','16725908','Wilson',null,'Latorre','Hoyos',to_date('30/07/66','DD/MM/RR'),null,'wilaho44@hotmail.com','Calle 70 # 1A 12 - 05 San Luis','1','1',to_date('04/01/19','DD/MM/RR'),'3','3152456092','108','4','1','17','70','1A 12 - 05','San Luis');
Insert into SALUDMP.VDIR_PERSONA (COD_PERSONA,COD_TIPO_IDENTIFICACION,NUMERO_IDENTIFICACION,NOMBRE_1,NOMBRE_2,APELLIDO_1,APELLIDO_2,FECHA_NACIMIENTO,TELEFONO,EMAIL,DIRECCION,COD_SEXO,COD_MUNICIPIO,FECHA_CREACION,COD_ESTADO,CELULAR,COD_EPS,COD_ESTADO_CIVIL,IND_TIENE_MASCOTA,DIR_TIPO_VIA,DIR_NUM_VIA,DIR_NUM_PLACA,DIR_COMPLEMENTO) values ('44','1','66847517','Alejandra',null,'Ceballos','Marines',to_date('22/09/74','DD/MM/RR'),null,'alejaceballosmarines@gmail.com','Calle 70 # 98B - 50 Valle del lili','2','1',to_date('04/01/19','DD/MM/RR'),'3','3177093156','108','4','1','17','70','98B - 50','Valle del lili');
Insert into SALUDMP.VDIR_PERSONA (COD_PERSONA,COD_TIPO_IDENTIFICACION,NUMERO_IDENTIFICACION,NOMBRE_1,NOMBRE_2,APELLIDO_1,APELLIDO_2,FECHA_NACIMIENTO,TELEFONO,EMAIL,DIRECCION,COD_SEXO,COD_MUNICIPIO,FECHA_CREACION,COD_ESTADO,CELULAR,COD_EPS,COD_ESTADO_CIVIL,IND_TIENE_MASCOTA,DIR_TIPO_VIA,DIR_NUM_VIA,DIR_NUM_PLACA,DIR_COMPLEMENTO) values ('50','1','123445','William','Walter','Perez','Palacios',to_date('02/02/10','DD/MM/RR'),'4332461','hidalgoever@live.com','Bulevar 23 # 45 54','1','1',to_date('04/01/19','DD/MM/RR'),'3','5424','89','1','1','11','23','45','54');
Insert into SALUDMP.VDIR_PERSONA (COD_PERSONA,COD_TIPO_IDENTIFICACION,NUMERO_IDENTIFICACION,NOMBRE_1,NOMBRE_2,APELLIDO_1,APELLIDO_2,FECHA_NACIMIENTO,TELEFONO,EMAIL,DIRECCION,COD_SEXO,COD_MUNICIPIO,FECHA_CREACION,COD_ESTADO,CELULAR,COD_EPS,COD_ESTADO_CIVIL,IND_TIENE_MASCOTA,DIR_TIPO_VIA,DIR_NUM_VIA,DIR_NUM_PLACA,DIR_COMPLEMENTO) values ('61','1','94501917','edwin',null,'acosta',null,to_date('11/12/17','DD/MM/RR'),null,'edwin_acosta@coomeva.com.co','Avenida pasoancho  # 5750 santaanita','1','1',to_date('08/01/19','DD/MM/RR'),'3','5424','23','1','1','9','pasoancho ','5750','santaanita');
Insert into SALUDMP.VDIR_PERSONA (COD_PERSONA,COD_TIPO_IDENTIFICACION,NUMERO_IDENTIFICACION,NOMBRE_1,NOMBRE_2,APELLIDO_1,APELLIDO_2,FECHA_NACIMIENTO,TELEFONO,EMAIL,DIRECCION,COD_SEXO,COD_MUNICIPIO,FECHA_CREACION,COD_ESTADO,CELULAR,COD_EPS,COD_ESTADO_CIVIL,IND_TIENE_MASCOTA,DIR_TIPO_VIA,DIR_NUM_VIA,DIR_NUM_PLACA,DIR_COMPLEMENTO) values ('21','1','1059900122','diego',null,'castillo',null,to_date('04/12/18','DD/MM/RR'),'12545','hidalgoever@live.com',null,'2',null,to_date('20/12/18','DD/MM/RR'),'1','3215485693',null,null,null,'11','23','49',null);
Insert into SALUDMP.VDIR_PERSONA (COD_PERSONA,COD_TIPO_IDENTIFICACION,NUMERO_IDENTIFICACION,NOMBRE_1,NOMBRE_2,APELLIDO_1,APELLIDO_2,FECHA_NACIMIENTO,TELEFONO,EMAIL,DIRECCION,COD_SEXO,COD_MUNICIPIO,FECHA_CREACION,COD_ESTADO,CELULAR,COD_EPS,COD_ESTADO_CIVIL,IND_TIENE_MASCOTA,DIR_TIPO_VIA,DIR_NUM_VIA,DIR_NUM_PLACA,DIR_COMPLEMENTO) values ('41','1','10696369','diego ','armando','castillo','cordoba',to_date('13/12/16','DD/MM/RR'),'3325986','hidalgoever@live.com','Bulevar  #  ','1',null,to_date('04/01/19','DD/MM/RR'),'3','321758632',null,null,'1','11',null,null,null);
Insert into SALUDMP.VDIR_PERSONA (COD_PERSONA,COD_TIPO_IDENTIFICACION,NUMERO_IDENTIFICACION,NOMBRE_1,NOMBRE_2,APELLIDO_1,APELLIDO_2,FECHA_NACIMIENTO,TELEFONO,EMAIL,DIRECCION,COD_SEXO,COD_MUNICIPIO,FECHA_CREACION,COD_ESTADO,CELULAR,COD_EPS,COD_ESTADO_CIVIL,IND_TIENE_MASCOTA,DIR_TIPO_VIA,DIR_NUM_VIA,DIR_NUM_PLACA,DIR_COMPLEMENTO) values ('81','1','125474','amparo','andrea','grilsaes','gomez',to_date('10/09/18','DD/MM/RR'),'76765','hidalgoever@live.com','Bulevar clle 56 # 45555 5454','1','95015',to_date('24/01/19','DD/MM/RR'),'3','5424','88','1','1','11','clle 56','45555','5454');
Insert into SALUDMP.VDIR_PERSONA (COD_PERSONA,COD_TIPO_IDENTIFICACION,NUMERO_IDENTIFICACION,NOMBRE_1,NOMBRE_2,APELLIDO_1,APELLIDO_2,FECHA_NACIMIENTO,TELEFONO,EMAIL,DIRECCION,COD_SEXO,COD_MUNICIPIO,FECHA_CREACION,COD_ESTADO,CELULAR,COD_EPS,COD_ESTADO_CIVIL,IND_TIENE_MASCOTA,DIR_TIPO_VIA,DIR_NUM_VIA,DIR_NUM_PLACA,DIR_COMPLEMENTO) values ('186','1','56972147','vvvc',null,'errre',null,to_date('08/06/54','DD/MM/RR'),'5656','hidalgoever@live.com',null,'2',null,to_date('28/01/19','DD/MM/RR'),'1','3215869856',null,null,null,null,null,null,null);
Insert into SALUDMP.VDIR_PERSONA (COD_PERSONA,COD_TIPO_IDENTIFICACION,NUMERO_IDENTIFICACION,NOMBRE_1,NOMBRE_2,APELLIDO_1,APELLIDO_2,FECHA_NACIMIENTO,TELEFONO,EMAIL,DIRECCION,COD_SEXO,COD_MUNICIPIO,FECHA_CREACION,COD_ESTADO,CELULAR,COD_EPS,COD_ESTADO_CIVIL,IND_TIENE_MASCOTA,DIR_TIPO_VIA,DIR_NUM_VIA,DIR_NUM_PLACA,DIR_COMPLEMENTO) values ('201','1','478596','marcos',null,'giron',null,to_date('09/04/18','DD/MM/RR'),null,'hidalgoever@live.com','Carretera 45 # 545 454','1','76001',to_date('29/01/19','DD/MM/RR'),'3','5424','79','4','1','22','45','545','454');
Insert into SALUDMP.VDIR_PERSONA (COD_PERSONA,COD_TIPO_IDENTIFICACION,NUMERO_IDENTIFICACION,NOMBRE_1,NOMBRE_2,APELLIDO_1,APELLIDO_2,FECHA_NACIMIENTO,TELEFONO,EMAIL,DIRECCION,COD_SEXO,COD_MUNICIPIO,FECHA_CREACION,COD_ESTADO,CELULAR,COD_EPS,COD_ESTADO_CIVIL,IND_TIENE_MASCOTA,DIR_TIPO_VIA,DIR_NUM_VIA,DIR_NUM_PLACA,DIR_COMPLEMENTO) values ('228','1','99999','Juan',null,'Valdez',null,null,null,'katherine.latorre@kalettre.com',null,null,null,to_date('31/01/19','DD/MM/RR'),'1',null,null,null,null,null,null,null,null);
Insert into SALUDMP.VDIR_PERSONA (COD_PERSONA,COD_TIPO_IDENTIFICACION,NUMERO_IDENTIFICACION,NOMBRE_1,NOMBRE_2,APELLIDO_1,APELLIDO_2,FECHA_NACIMIENTO,TELEFONO,EMAIL,DIRECCION,COD_SEXO,COD_MUNICIPIO,FECHA_CREACION,COD_ESTADO,CELULAR,COD_EPS,COD_ESTADO_CIVIL,IND_TIENE_MASCOTA,DIR_TIPO_VIA,DIR_NUM_VIA,DIR_NUM_PLACA,DIR_COMPLEMENTO) values ('229','1','16232804','Wilson',null,'Latorre','Hoyos',null,null,'katherine.latorre@kalettre.com',null,null,null,to_date('31/01/19','DD/MM/RR'),'1',null,null,null,null,null,null,null,null);
Insert into SALUDMP.VDIR_PERSONA (COD_PERSONA,COD_TIPO_IDENTIFICACION,NUMERO_IDENTIFICACION,NOMBRE_1,NOMBRE_2,APELLIDO_1,APELLIDO_2,FECHA_NACIMIENTO,TELEFONO,EMAIL,DIRECCION,COD_SEXO,COD_MUNICIPIO,FECHA_CREACION,COD_ESTADO,CELULAR,COD_EPS,COD_ESTADO_CIVIL,IND_TIENE_MASCOTA,DIR_TIPO_VIA,DIR_NUM_VIA,DIR_NUM_PLACA,DIR_COMPLEMENTO) values ('241','1','12121212','pedro','pablo','ramirez',null,to_date('07/07/95','DD/MM/RR'),'3155367726','gustavo_daza@coomeva.com.co','Carrera 62 # 9-60 ','1','76001',to_date('31/01/19','DD/MM/RR'),'3','3155367726','108','1','1','36','62','9-60',null);
Insert into SALUDMP.VDIR_PERSONA (COD_PERSONA,COD_TIPO_IDENTIFICACION,NUMERO_IDENTIFICACION,NOMBRE_1,NOMBRE_2,APELLIDO_1,APELLIDO_2,FECHA_NACIMIENTO,TELEFONO,EMAIL,DIRECCION,COD_SEXO,COD_MUNICIPIO,FECHA_CREACION,COD_ESTADO,CELULAR,COD_EPS,COD_ESTADO_CIVIL,IND_TIENE_MASCOTA,DIR_TIPO_VIA,DIR_NUM_VIA,DIR_NUM_PLACA,DIR_COMPLEMENTO) values ('251','1','1115071858','Erika','Ximena','Lopez','Macías',to_date('03/10/89','DD/MM/RR'),'3075961','df-h@hotmail.com','Carrera 85 # 11-74 Multicentro','2','76001',to_date('01/02/19','DD/MM/RR'),'3','3117551552','108','4','1','36','85','11-74','Multicentro');
Insert into SALUDMP.VDIR_PERSONA (COD_PERSONA,COD_TIPO_IDENTIFICACION,NUMERO_IDENTIFICACION,NOMBRE_1,NOMBRE_2,APELLIDO_1,APELLIDO_2,FECHA_NACIMIENTO,TELEFONO,EMAIL,DIRECCION,COD_SEXO,COD_MUNICIPIO,FECHA_CREACION,COD_ESTADO,CELULAR,COD_EPS,COD_ESTADO_CIVIL,IND_TIENE_MASCOTA,DIR_TIPO_VIA,DIR_NUM_VIA,DIR_NUM_PLACA,DIR_COMPLEMENTO) values ('257','1','2231234422','fernando',null,'rojas',null,to_date('02/02/89','DD/MM/RR'),null,'analista_pruebas1@kalettre.com','Calle 26 # 76-45 ','1','76001',to_date('01/02/19','DD/MM/RR'),'3','3162563987','14','4','1','17','26','76-45',null);
Insert into SALUDMP.VDIR_PERSONA (COD_PERSONA,COD_TIPO_IDENTIFICACION,NUMERO_IDENTIFICACION,NOMBRE_1,NOMBRE_2,APELLIDO_1,APELLIDO_2,FECHA_NACIMIENTO,TELEFONO,EMAIL,DIRECCION,COD_SEXO,COD_MUNICIPIO,FECHA_CREACION,COD_ESTADO,CELULAR,COD_EPS,COD_ESTADO_CIVIL,IND_TIENE_MASCOTA,DIR_TIPO_VIA,DIR_NUM_VIA,DIR_NUM_PLACA,DIR_COMPLEMENTO) values ('141','1','858585','Diego',null,'Hernandez',null,to_date('04/11/93','DD/MM/RR'),null,'df-h@hotmail.com','Carrera 62 # 9-60 ','1','76001',to_date('25/01/19','DD/MM/RR'),'3','3126293968','43','4','1','36','62','9-60',null);
Insert into SALUDMP.VDIR_PERSONA (COD_PERSONA,COD_TIPO_IDENTIFICACION,NUMERO_IDENTIFICACION,NOMBRE_1,NOMBRE_2,APELLIDO_1,APELLIDO_2,FECHA_NACIMIENTO,TELEFONO,EMAIL,DIRECCION,COD_SEXO,COD_MUNICIPIO,FECHA_CREACION,COD_ESTADO,CELULAR,COD_EPS,COD_ESTADO_CIVIL,IND_TIENE_MASCOTA,DIR_TIPO_VIA,DIR_NUM_VIA,DIR_NUM_PLACA,DIR_COMPLEMENTO) values ('202','1','123456789','Jeniffer','Katherine','Latorre','Mejía',to_date('15/04/91','DD/MM/RR'),'4332461','katherine.latorre@kalettre.com','Carretera 45 # 98B - 50 Valle del lili','2','76001',to_date('29/01/19','DD/MM/RR'),'3','3122914900','108','3','1','22','45','98B - 50','Valle del lili');
Insert into SALUDMP.VDIR_PERSONA (COD_PERSONA,COD_TIPO_IDENTIFICACION,NUMERO_IDENTIFICACION,NOMBRE_1,NOMBRE_2,APELLIDO_1,APELLIDO_2,FECHA_NACIMIENTO,TELEFONO,EMAIL,DIRECCION,COD_SEXO,COD_MUNICIPIO,FECHA_CREACION,COD_ESTADO,CELULAR,COD_EPS,COD_ESTADO_CIVIL,IND_TIENE_MASCOTA,DIR_TIPO_VIA,DIR_NUM_VIA,DIR_NUM_PLACA,DIR_COMPLEMENTO) values ('242','1','13131313','pedrito',null,'Ramirez',null,to_date('02/01/15','DD/MM/RR'),'3155367726','gustavo_daza@coomeva.com.co','Carrera 62 # 9-60 ','1','76001',to_date('31/01/19','DD/MM/RR'),'3','3155367726','108','4','1','36','62','9-60',null);
Insert into SALUDMP.VDIR_PERSONA (COD_PERSONA,COD_TIPO_IDENTIFICACION,NUMERO_IDENTIFICACION,NOMBRE_1,NOMBRE_2,APELLIDO_1,APELLIDO_2,FECHA_NACIMIENTO,TELEFONO,EMAIL,DIRECCION,COD_SEXO,COD_MUNICIPIO,FECHA_CREACION,COD_ESTADO,CELULAR,COD_EPS,COD_ESTADO_CIVIL,IND_TIENE_MASCOTA,DIR_TIPO_VIA,DIR_NUM_VIA,DIR_NUM_PLACA,DIR_COMPLEMENTO) values ('243','1','1000000','Juan','José','Gutierrez','Hernández',to_date('03/11/93','DD/MM/RR'),'3075961','df-h@hotmail.com','Carrera 44 A # 12 - 34 Barrio Panamericano','1','76001',to_date('01/02/19','DD/MM/RR'),'3','3117551552','108','3','1','36','44 A','12 - 34','Barrio Panamericano');
Insert into SALUDMP.VDIR_PERSONA (COD_PERSONA,COD_TIPO_IDENTIFICACION,NUMERO_IDENTIFICACION,NOMBRE_1,NOMBRE_2,APELLIDO_1,APELLIDO_2,FECHA_NACIMIENTO,TELEFONO,EMAIL,DIRECCION,COD_SEXO,COD_MUNICIPIO,FECHA_CREACION,COD_ESTADO,CELULAR,COD_EPS,COD_ESTADO_CIVIL,IND_TIENE_MASCOTA,DIR_TIPO_VIA,DIR_NUM_VIA,DIR_NUM_PLACA,DIR_COMPLEMENTO) values ('246','1','10695325','camilo',null,'gomez',null,to_date('20/11/17','DD/MM/RR'),null,'hidalgoever@live.com','Calle 66 # 47-32 ciudad cordoba','1','76001',to_date('01/02/19','DD/MM/RR'),'3','3117458962','14','4','1','17','66','47-32','ciudad cordoba');
Insert into SALUDMP.VDIR_PERSONA (COD_PERSONA,COD_TIPO_IDENTIFICACION,NUMERO_IDENTIFICACION,NOMBRE_1,NOMBRE_2,APELLIDO_1,APELLIDO_2,FECHA_NACIMIENTO,TELEFONO,EMAIL,DIRECCION,COD_SEXO,COD_MUNICIPIO,FECHA_CREACION,COD_ESTADO,CELULAR,COD_EPS,COD_ESTADO_CIVIL,IND_TIENE_MASCOTA,DIR_TIPO_VIA,DIR_NUM_VIA,DIR_NUM_PLACA,DIR_COMPLEMENTO) values ('248','1','1098563254','andres',null,'hidalgo',null,to_date('11/06/18','DD/MM/RR'),null,'hidalgoever@live.com','Calle 66 # 65-03 ','1','76001',to_date('01/02/19','DD/MM/RR'),'3','321859756','85','1','1','17','66','65-03',null);
Insert into SALUDMP.VDIR_PERSONA (COD_PERSONA,COD_TIPO_IDENTIFICACION,NUMERO_IDENTIFICACION,NOMBRE_1,NOMBRE_2,APELLIDO_1,APELLIDO_2,FECHA_NACIMIENTO,TELEFONO,EMAIL,DIRECCION,COD_SEXO,COD_MUNICIPIO,FECHA_CREACION,COD_ESTADO,CELULAR,COD_EPS,COD_ESTADO_CIVIL,IND_TIENE_MASCOTA,DIR_TIPO_VIA,DIR_NUM_VIA,DIR_NUM_PLACA,DIR_COMPLEMENTO) values ('250','1','10693658','efren',null,'acosta',null,to_date('23/01/18','DD/MM/RR'),null,'hidalgoever@live.com','Calle 66 # 66-41 ','1','76001',to_date('01/02/19','DD/MM/RR'),'3','321589656','89','1','1','17','66','66-41',null);
Insert into SALUDMP.VDIR_PERSONA (COD_PERSONA,COD_TIPO_IDENTIFICACION,NUMERO_IDENTIFICACION,NOMBRE_1,NOMBRE_2,APELLIDO_1,APELLIDO_2,FECHA_NACIMIENTO,TELEFONO,EMAIL,DIRECCION,COD_SEXO,COD_MUNICIPIO,FECHA_CREACION,COD_ESTADO,CELULAR,COD_EPS,COD_ESTADO_CIVIL,IND_TIENE_MASCOTA,DIR_TIPO_VIA,DIR_NUM_VIA,DIR_NUM_PLACA,DIR_COMPLEMENTO) values ('252','1','101010','keli',null,'betancur',null,to_date('11/09/18','DD/MM/RR'),null,'hidalgoever@live.com','Calle 38 # 36-02 ','2','76001',to_date('01/02/19','DD/MM/RR'),'3','3215896325','88','1','1','17','38','36-02',null);
Insert into SALUDMP.VDIR_PERSONA (COD_PERSONA,COD_TIPO_IDENTIFICACION,NUMERO_IDENTIFICACION,NOMBRE_1,NOMBRE_2,APELLIDO_1,APELLIDO_2,FECHA_NACIMIENTO,TELEFONO,EMAIL,DIRECCION,COD_SEXO,COD_MUNICIPIO,FECHA_CREACION,COD_ESTADO,CELULAR,COD_EPS,COD_ESTADO_CIVIL,IND_TIENE_MASCOTA,DIR_TIPO_VIA,DIR_NUM_VIA,DIR_NUM_PLACA,DIR_COMPLEMENTO) values ('253','1','4569852','andres',null,'vargas',null,to_date('05/12/18','DD/MM/RR'),null,'hidalgoever@live.com','Calle 52 # 50-03 ','1','76001',to_date('01/02/19','DD/MM/RR'),'3','3215896325','14','4','1','17','52','50-03',null);
Insert into SALUDMP.VDIR_PERSONA (COD_PERSONA,COD_TIPO_IDENTIFICACION,NUMERO_IDENTIFICACION,NOMBRE_1,NOMBRE_2,APELLIDO_1,APELLIDO_2,FECHA_NACIMIENTO,TELEFONO,EMAIL,DIRECCION,COD_SEXO,COD_MUNICIPIO,FECHA_CREACION,COD_ESTADO,CELULAR,COD_EPS,COD_ESTADO_CIVIL,IND_TIENE_MASCOTA,DIR_TIPO_VIA,DIR_NUM_VIA,DIR_NUM_PLACA,DIR_COMPLEMENTO) values ('254','1','3122362362','gabriel',null,'fernandez',null,to_date('07/02/89','DD/MM/RR'),null,'analista_pruebas1@kalettre.com',null,'1',null,to_date('01/02/19','DD/MM/RR'),'1','3162727265',null,null,null,null,null,null,null);
Insert into SALUDMP.VDIR_PERSONA (COD_PERSONA,COD_TIPO_IDENTIFICACION,NUMERO_IDENTIFICACION,NOMBRE_1,NOMBRE_2,APELLIDO_1,APELLIDO_2,FECHA_NACIMIENTO,TELEFONO,EMAIL,DIRECCION,COD_SEXO,COD_MUNICIPIO,FECHA_CREACION,COD_ESTADO,CELULAR,COD_EPS,COD_ESTADO_CIVIL,IND_TIENE_MASCOTA,DIR_TIPO_VIA,DIR_NUM_VIA,DIR_NUM_PLACA,DIR_COMPLEMENTO) values ('255','1','10696361','federico',null,'hidalgo',null,to_date('16/11/18','DD/MM/RR'),null,'hidalgoever@live.com','Calle 25 # 25-04 ','2','76001',to_date('01/02/19','DD/MM/RR'),'3','3215698626','79','1','1','17','25','25-04',null);
Insert into SALUDMP.VDIR_PERSONA (COD_PERSONA,COD_TIPO_IDENTIFICACION,NUMERO_IDENTIFICACION,NOMBRE_1,NOMBRE_2,APELLIDO_1,APELLIDO_2,FECHA_NACIMIENTO,TELEFONO,EMAIL,DIRECCION,COD_SEXO,COD_MUNICIPIO,FECHA_CREACION,COD_ESTADO,CELULAR,COD_EPS,COD_ESTADO_CIVIL,IND_TIENE_MASCOTA,DIR_TIPO_VIA,DIR_NUM_VIA,DIR_NUM_PLACA,DIR_COMPLEMENTO) values ('256','1','1547','aaA',null,'FD',null,to_date('03/02/19','DD/MM/RR'),null,'hidalgoever@live.com','Calle 30 # 30-02 ','2','76001',to_date('01/02/19','DD/MM/RR'),'3','3215698626','14','2','1','17','30','30-02',null);
Insert into SALUDMP.VDIR_PERSONA (COD_PERSONA,COD_TIPO_IDENTIFICACION,NUMERO_IDENTIFICACION,NOMBRE_1,NOMBRE_2,APELLIDO_1,APELLIDO_2,FECHA_NACIMIENTO,TELEFONO,EMAIL,DIRECCION,COD_SEXO,COD_MUNICIPIO,FECHA_CREACION,COD_ESTADO,CELULAR,COD_EPS,COD_ESTADO_CIVIL,IND_TIENE_MASCOTA,DIR_TIPO_VIA,DIR_NUM_VIA,DIR_NUM_PLACA,DIR_COMPLEMENTO) values ('121','2','111443256','gabriela',null,'perez',null,to_date('02/02/10','DD/MM/RR'),'232145','hidalgoever@live.com','Calle 26 # 56 - 76 ','2','76001',to_date('25/01/19','DD/MM/RR'),'3','3221246677','80','4','2','17','26','56 - 76',null);
Insert into SALUDMP.VDIR_PERSONA (COD_PERSONA,COD_TIPO_IDENTIFICACION,NUMERO_IDENTIFICACION,NOMBRE_1,NOMBRE_2,APELLIDO_1,APELLIDO_2,FECHA_NACIMIENTO,TELEFONO,EMAIL,DIRECCION,COD_SEXO,COD_MUNICIPIO,FECHA_CREACION,COD_ESTADO,CELULAR,COD_EPS,COD_ESTADO_CIVIL,IND_TIENE_MASCOTA,DIR_TIPO_VIA,DIR_NUM_VIA,DIR_NUM_PLACA,DIR_COMPLEMENTO) values ('187','1','1116243876','Carlos',null,'Diaz','Torres',to_date('06/02/90','DD/MM/RR'),null,'analista_pruebas1@kalettre.com','Calle 26 # 36 - 31 ','1','76001',to_date('28/01/19','DD/MM/RR'),'3','3178975634','80','4','1','17','26','36 - 31',null);
Insert into SALUDMP.VDIR_PERSONA (COD_PERSONA,COD_TIPO_IDENTIFICACION,NUMERO_IDENTIFICACION,NOMBRE_1,NOMBRE_2,APELLIDO_1,APELLIDO_2,FECHA_NACIMIENTO,TELEFONO,EMAIL,DIRECCION,COD_SEXO,COD_MUNICIPIO,FECHA_CREACION,COD_ESTADO,CELULAR,COD_EPS,COD_ESTADO_CIVIL,IND_TIENE_MASCOTA,DIR_TIPO_VIA,DIR_NUM_VIA,DIR_NUM_PLACA,DIR_COMPLEMENTO) values ('226','1','99999999','Jeniffer','Katherine','Latorre','Mejía',null,'4332461','katherine.latorre@kalettre.com',null,null,null,to_date('31/01/19','DD/MM/RR'),'1','4332461',null,null,null,null,null,null,null);
Insert into SALUDMP.VDIR_PERSONA (COD_PERSONA,COD_TIPO_IDENTIFICACION,NUMERO_IDENTIFICACION,NOMBRE_1,NOMBRE_2,APELLIDO_1,APELLIDO_2,FECHA_NACIMIENTO,TELEFONO,EMAIL,DIRECCION,COD_SEXO,COD_MUNICIPIO,FECHA_CREACION,COD_ESTADO,CELULAR,COD_EPS,COD_ESTADO_CIVIL,IND_TIENE_MASCOTA,DIR_TIPO_VIA,DIR_NUM_VIA,DIR_NUM_PLACA,DIR_COMPLEMENTO) values ('244','1','14890487','Juan','Fernando','Saavedra','Aulestia ',to_date('24/04/68','DD/MM/RR'),'3718314','juanf_saavedra@coomeva.com.co','Avenida 10  # A N 12 - 76','1',null,to_date('01/02/19','DD/MM/RR'),'3','3206986490','129','4','1','9','10 ','A N','12 - 76');
Insert into SALUDMP.VDIR_PERSONA (COD_PERSONA,COD_TIPO_IDENTIFICACION,NUMERO_IDENTIFICACION,NOMBRE_1,NOMBRE_2,APELLIDO_1,APELLIDO_2,FECHA_NACIMIENTO,TELEFONO,EMAIL,DIRECCION,COD_SEXO,COD_MUNICIPIO,FECHA_CREACION,COD_ESTADO,CELULAR,COD_EPS,COD_ESTADO_CIVIL,IND_TIENE_MASCOTA,DIR_TIPO_VIA,DIR_NUM_VIA,DIR_NUM_PLACA,DIR_COMPLEMENTO) values ('161','1','10695369','carlos',null,'hidalgo',null,to_date('01/08/14','DD/MM/RR'),null,'hidalgoever@live.com',null,'1',null,to_date('28/01/19','DD/MM/RR'),'1','3215869352',null,null,null,null,null,null,null);
Insert into SALUDMP.VDIR_PERSONA (COD_PERSONA,COD_TIPO_IDENTIFICACION,NUMERO_IDENTIFICACION,NOMBRE_1,NOMBRE_2,APELLIDO_1,APELLIDO_2,FECHA_NACIMIENTO,TELEFONO,EMAIL,DIRECCION,COD_SEXO,COD_MUNICIPIO,FECHA_CREACION,COD_ESTADO,CELULAR,COD_EPS,COD_ESTADO_CIVIL,IND_TIENE_MASCOTA,DIR_TIPO_VIA,DIR_NUM_VIA,DIR_NUM_PLACA,DIR_COMPLEMENTO) values ('162','1','754268','PRUEBA',null,'PRUEBA22',null,to_date('23/01/19','DD/MM/RR'),null,'hidalgoever@live.com','Centro Comercial 3434 # 34 43','1','76130',to_date('28/01/19','DD/MM/RR'),'3','3117419326','90','1','1','14','3434','34','43');
Insert into SALUDMP.VDIR_PERSONA (COD_PERSONA,COD_TIPO_IDENTIFICACION,NUMERO_IDENTIFICACION,NOMBRE_1,NOMBRE_2,APELLIDO_1,APELLIDO_2,FECHA_NACIMIENTO,TELEFONO,EMAIL,DIRECCION,COD_SEXO,COD_MUNICIPIO,FECHA_CREACION,COD_ESTADO,CELULAR,COD_EPS,COD_ESTADO_CIVIL,IND_TIENE_MASCOTA,DIR_TIPO_VIA,DIR_NUM_VIA,DIR_NUM_PLACA,DIR_COMPLEMENTO) values ('166','1','10569862','nikolas',null,'prueba',null,to_date('01/08/14','DD/MM/RR'),null,'hidalgoever@live.com',null,'1',null,to_date('28/01/19','DD/MM/RR'),'1','3215896587',null,null,null,null,null,null,null);
Insert into SALUDMP.VDIR_PERSONA (COD_PERSONA,COD_TIPO_IDENTIFICACION,NUMERO_IDENTIFICACION,NOMBRE_1,NOMBRE_2,APELLIDO_1,APELLIDO_2,FECHA_NACIMIENTO,TELEFONO,EMAIL,DIRECCION,COD_SEXO,COD_MUNICIPIO,FECHA_CREACION,COD_ESTADO,CELULAR,COD_EPS,COD_ESTADO_CIVIL,IND_TIENE_MASCOTA,DIR_TIPO_VIA,DIR_NUM_VIA,DIR_NUM_PLACA,DIR_COMPLEMENTO) values ('171','1','1122232323','julian',null,'correa','florez',to_date('01/07/07','DD/MM/RR'),null,'analista_pruebas1@kalettre.com',null,'2',null,to_date('28/01/19','DD/MM/RR'),'1','31678925',null,null,null,null,null,null,null);
Insert into SALUDMP.VDIR_PERSONA (COD_PERSONA,COD_TIPO_IDENTIFICACION,NUMERO_IDENTIFICACION,NOMBRE_1,NOMBRE_2,APELLIDO_1,APELLIDO_2,FECHA_NACIMIENTO,TELEFONO,EMAIL,DIRECCION,COD_SEXO,COD_MUNICIPIO,FECHA_CREACION,COD_ESTADO,CELULAR,COD_EPS,COD_ESTADO_CIVIL,IND_TIENE_MASCOTA,DIR_TIPO_VIA,DIR_NUM_VIA,DIR_NUM_PLACA,DIR_COMPLEMENTO) values ('179','1','154873','HHHH',null,'MMMM',null,null,null,'hidalgoever@live.com',null,'2',null,to_date('28/01/19','DD/MM/RR'),'1','3145859658',null,null,null,null,null,null,null);
Insert into SALUDMP.VDIR_PERSONA (COD_PERSONA,COD_TIPO_IDENTIFICACION,NUMERO_IDENTIFICACION,NOMBRE_1,NOMBRE_2,APELLIDO_1,APELLIDO_2,FECHA_NACIMIENTO,TELEFONO,EMAIL,DIRECCION,COD_SEXO,COD_MUNICIPIO,FECHA_CREACION,COD_ESTADO,CELULAR,COD_EPS,COD_ESTADO_CIVIL,IND_TIENE_MASCOTA,DIR_TIPO_VIA,DIR_NUM_VIA,DIR_NUM_PLACA,DIR_COMPLEMENTO) values ('185','1','15487','HHHH',null,'MMMM',null,to_date('06/06/89','DD/MM/RR'),null,'hidalgoever@live.com',null,'2',null,to_date('28/01/19','DD/MM/RR'),'1','3145859658',null,null,null,null,null,null,null);
Insert into SALUDMP.VDIR_PERSONA (COD_PERSONA,COD_TIPO_IDENTIFICACION,NUMERO_IDENTIFICACION,NOMBRE_1,NOMBRE_2,APELLIDO_1,APELLIDO_2,FECHA_NACIMIENTO,TELEFONO,EMAIL,DIRECCION,COD_SEXO,COD_MUNICIPIO,FECHA_CREACION,COD_ESTADO,CELULAR,COD_EPS,COD_ESTADO_CIVIL,IND_TIENE_MASCOTA,DIR_TIPO_VIA,DIR_NUM_VIA,DIR_NUM_PLACA,DIR_COMPLEMENTO) values ('203','2','12345678910','Juan','Pablo','Hernández','Baldovino',to_date('30/09/04','DD/MM/RR'),'3368142','df-h@hotmail.com','Carretera 46b # 18 122','1','76001',to_date('30/01/19','DD/MM/RR'),'3','3117551552','79','4','2','22','46b','18','122');
Insert into SALUDMP.VDIR_PERSONA (COD_PERSONA,COD_TIPO_IDENTIFICACION,NUMERO_IDENTIFICACION,NOMBRE_1,NOMBRE_2,APELLIDO_1,APELLIDO_2,FECHA_NACIMIENTO,TELEFONO,EMAIL,DIRECCION,COD_SEXO,COD_MUNICIPIO,FECHA_CREACION,COD_ESTADO,CELULAR,COD_EPS,COD_ESTADO_CIVIL,IND_TIENE_MASCOTA,DIR_TIPO_VIA,DIR_NUM_VIA,DIR_NUM_PLACA,DIR_COMPLEMENTO) values ('258','1','221234445','juan',null,'rojas',null,to_date('10/11/99','DD/MM/RR'),null,'analista_pruebas1@kalettre.com','Calle 25 # 67-89 ','1','76001',to_date('01/02/19','DD/MM/RR'),'3','3165289076','80','4','1','17','25','67-89',null);
Insert into SALUDMP.VDIR_PERSONA (COD_PERSONA,COD_TIPO_IDENTIFICACION,NUMERO_IDENTIFICACION,NOMBRE_1,NOMBRE_2,APELLIDO_1,APELLIDO_2,FECHA_NACIMIENTO,TELEFONO,EMAIL,DIRECCION,COD_SEXO,COD_MUNICIPIO,FECHA_CREACION,COD_ESTADO,CELULAR,COD_EPS,COD_ESTADO_CIVIL,IND_TIENE_MASCOTA,DIR_TIPO_VIA,DIR_NUM_VIA,DIR_NUM_PLACA,DIR_COMPLEMENTO) values ('259','1','1112233333','ramiro',null,'florez',null,to_date('08/02/89','DD/MM/RR'),null,'analista_pruebas1@kalettre.com','Calle 56 # 76-09 ','1','76001',to_date('01/02/19','DD/MM/RR'),'3','3187625634','16','1','1','17','56','76-09',null);
Insert into SALUDMP.VDIR_PERSONA (COD_PERSONA,COD_TIPO_IDENTIFICACION,NUMERO_IDENTIFICACION,NOMBRE_1,NOMBRE_2,APELLIDO_1,APELLIDO_2,FECHA_NACIMIENTO,TELEFONO,EMAIL,DIRECCION,COD_SEXO,COD_MUNICIPIO,FECHA_CREACION,COD_ESTADO,CELULAR,COD_EPS,COD_ESTADO_CIVIL,IND_TIENE_MASCOTA,DIR_TIPO_VIA,DIR_NUM_VIA,DIR_NUM_PLACA,DIR_COMPLEMENTO) values ('260','2','1122332232','tatiana',null,'florez',null,to_date('10/02/10','DD/MM/RR'),null,'analista_pruebas1@kalettre.com','Calle 56 # 76-09 ','2','76001',to_date('01/02/19','DD/MM/RR'),'3','3187625634','14','4','2','17','56','76-09',null);
Insert into SALUDMP.VDIR_PERSONA (COD_PERSONA,COD_TIPO_IDENTIFICACION,NUMERO_IDENTIFICACION,NOMBRE_1,NOMBRE_2,APELLIDO_1,APELLIDO_2,FECHA_NACIMIENTO,TELEFONO,EMAIL,DIRECCION,COD_SEXO,COD_MUNICIPIO,FECHA_CREACION,COD_ESTADO,CELULAR,COD_EPS,COD_ESTADO_CIVIL,IND_TIENE_MASCOTA,DIR_TIPO_VIA,DIR_NUM_VIA,DIR_NUM_PLACA,DIR_COMPLEMENTO) values ('101','1','434','4434','ere','erer',null,to_date('06/06/89','DD/MM/RR'),'434','hidalgoever@live.com','Carretera 45 # 545 454','1','76036',to_date('24/01/19','DD/MM/RR'),'3','5424','90','1','1','22','45','545','454');
Insert into SALUDMP.VDIR_PERSONA (COD_PERSONA,COD_TIPO_IDENTIFICACION,NUMERO_IDENTIFICACION,NOMBRE_1,NOMBRE_2,APELLIDO_1,APELLIDO_2,FECHA_NACIMIENTO,TELEFONO,EMAIL,DIRECCION,COD_SEXO,COD_MUNICIPIO,FECHA_CREACION,COD_ESTADO,CELULAR,COD_EPS,COD_ESTADO_CIVIL,IND_TIENE_MASCOTA,DIR_TIPO_VIA,DIR_NUM_VIA,DIR_NUM_PLACA,DIR_COMPLEMENTO) values ('188','1','1143852048','Diego','Fernando','Hernádez','Baldovino',to_date('04/11/93','DD/MM/RR'),'3368142','df-h@hotmail.com','Carrera 46B # 18 122','1','76001',to_date('28/01/19','DD/MM/RR'),'3','3117551552','43','4','1','36','46B','18','122');
Insert into SALUDMP.VDIR_PERSONA (COD_PERSONA,COD_TIPO_IDENTIFICACION,NUMERO_IDENTIFICACION,NOMBRE_1,NOMBRE_2,APELLIDO_1,APELLIDO_2,FECHA_NACIMIENTO,TELEFONO,EMAIL,DIRECCION,COD_SEXO,COD_MUNICIPIO,FECHA_CREACION,COD_ESTADO,CELULAR,COD_EPS,COD_ESTADO_CIVIL,IND_TIENE_MASCOTA,DIR_TIPO_VIA,DIR_NUM_VIA,DIR_NUM_PLACA,DIR_COMPLEMENTO) values ('189','1','11116253','javier',null,'rojas',null,to_date('11/08/05','DD/MM/RR'),null,'analista_pruebas1@kalettre.com','Calle 26 # 36 - 31 ','1','76001',to_date('28/01/19','DD/MM/RR'),'3','3178975634','80','4','1','17','26','36 - 31',null);
Insert into SALUDMP.VDIR_PERSONA (COD_PERSONA,COD_TIPO_IDENTIFICACION,NUMERO_IDENTIFICACION,NOMBRE_1,NOMBRE_2,APELLIDO_1,APELLIDO_2,FECHA_NACIMIENTO,TELEFONO,EMAIL,DIRECCION,COD_SEXO,COD_MUNICIPIO,FECHA_CREACION,COD_ESTADO,CELULAR,COD_EPS,COD_ESTADO_CIVIL,IND_TIENE_MASCOTA,DIR_TIPO_VIA,DIR_NUM_VIA,DIR_NUM_PLACA,DIR_COMPLEMENTO) values ('225','1','1151939922','Jeniffer','Katherine','Latorre','Mejía',null,'4332461','katherine.latorre@kalettre.com',null,null,null,to_date('31/01/19','DD/MM/RR'),'1','4332461',null,null,null,null,null,null,null);
Insert into SALUDMP.VDIR_PERSONA (COD_PERSONA,COD_TIPO_IDENTIFICACION,NUMERO_IDENTIFICACION,NOMBRE_1,NOMBRE_2,APELLIDO_1,APELLIDO_2,FECHA_NACIMIENTO,TELEFONO,EMAIL,DIRECCION,COD_SEXO,COD_MUNICIPIO,FECHA_CREACION,COD_ESTADO,CELULAR,COD_EPS,COD_ESTADO_CIVIL,IND_TIENE_MASCOTA,DIR_TIPO_VIA,DIR_NUM_VIA,DIR_NUM_PLACA,DIR_COMPLEMENTO) values ('245','1','34671503','erlinda',null,'gomez',null,to_date('13/02/90','DD/MM/RR'),null,'hidalgoever@live.com','Calle 66 # 47-32 ciudad cordoba','2','76001',to_date('01/02/19','DD/MM/RR'),'3','3117419326',null,'1','1','17','66','47-32','ciudad cordoba');
Insert into SALUDMP.VDIR_PERSONA (COD_PERSONA,COD_TIPO_IDENTIFICACION,NUMERO_IDENTIFICACION,NOMBRE_1,NOMBRE_2,APELLIDO_1,APELLIDO_2,FECHA_NACIMIENTO,TELEFONO,EMAIL,DIRECCION,COD_SEXO,COD_MUNICIPIO,FECHA_CREACION,COD_ESTADO,CELULAR,COD_EPS,COD_ESTADO_CIVIL,IND_TIENE_MASCOTA,DIR_TIPO_VIA,DIR_NUM_VIA,DIR_NUM_PLACA,DIR_COMPLEMENTO) values ('247','1','1061900114','ana',null,'hidalgo',null,to_date('15/10/18','DD/MM/RR'),null,'hidalgoever@live.com',null,'2',null,to_date('01/02/19','DD/MM/RR'),'1','321859756',null,null,null,null,null,null,null);
Insert into SALUDMP.VDIR_PERSONA (COD_PERSONA,COD_TIPO_IDENTIFICACION,NUMERO_IDENTIFICACION,NOMBRE_1,NOMBRE_2,APELLIDO_1,APELLIDO_2,FECHA_NACIMIENTO,TELEFONO,EMAIL,DIRECCION,COD_SEXO,COD_MUNICIPIO,FECHA_CREACION,COD_ESTADO,CELULAR,COD_EPS,COD_ESTADO_CIVIL,IND_TIENE_MASCOTA,DIR_TIPO_VIA,DIR_NUM_VIA,DIR_NUM_PLACA,DIR_COMPLEMENTO) values ('249','1','25606581','Ximena',null,'Acosta',null,to_date('18/09/18','DD/MM/RR'),'032668','hidalgoever@live.com','Calle 66 # 65-02 ','2','76001',to_date('01/02/19','DD/MM/RR'),'3','321569856','28','2','1','17','66','65-02',null);
Insert into SALUDMP.VDIR_PERSONA (COD_PERSONA,COD_TIPO_IDENTIFICACION,NUMERO_IDENTIFICACION,NOMBRE_1,NOMBRE_2,APELLIDO_1,APELLIDO_2,FECHA_NACIMIENTO,TELEFONO,EMAIL,DIRECCION,COD_SEXO,COD_MUNICIPIO,FECHA_CREACION,COD_ESTADO,CELULAR,COD_EPS,COD_ESTADO_CIVIL,IND_TIENE_MASCOTA,DIR_TIPO_VIA,DIR_NUM_VIA,DIR_NUM_PLACA,DIR_COMPLEMENTO) values ('261','1','12345678900','Juan','Ricardo','Valdez','Gomez',to_date('15/04/91','DD/MM/RR'),'4332461','juan.gomez@hotmail.com','Calle 45 # 98B - 50 Valle del lili','1','76001',to_date('01/02/19','DD/MM/RR'),'3','3122914900','108','3','1','17','45','98B - 50','Valle del lili');
REM INSERTING into SALUDMP.VDIR_PERSONA_CONTRATO
SET DEFINE OFF;
Insert into SALUDMP.VDIR_PERSONA_CONTRATO (COD_PERSONA_CONTRATO,COD_PERSONA,COD_PROGRAMA,COD_AFILIACION,FECHA_CREACION,NUMERO_CONTRATO_ADOBE) values ('3','12','1','1',to_date('15/01/19','DD/MM/RR'),'CBJCHBCAABAATA-cNbPvbiN4bXoKRHUDl89VqxHhd6GJ');
Insert into SALUDMP.VDIR_PERSONA_CONTRATO (COD_PERSONA_CONTRATO,COD_PERSONA,COD_PROGRAMA,COD_AFILIACION,FECHA_CREACION,NUMERO_CONTRATO_ADOBE) values ('4','12','1','1',to_date('15/01/19','DD/MM/RR'),'CBJCHBCAABAA_MtekNFyFXohWMXO0uGaqgrHhNmqeoM8');
REM INSERTING into SALUDMP.VDIR_PERSONA_TIPOPER
SET DEFINE OFF;
Insert into SALUDMP.VDIR_PERSONA_TIPOPER (COD_PERSONA_TIPOPER,COD_PERSONA,COD_TIPO_PERSONA) values ('2','12','2');
Insert into SALUDMP.VDIR_PERSONA_TIPOPER (COD_PERSONA_TIPOPER,COD_PERSONA,COD_TIPO_PERSONA) values ('21','21','2');
Insert into SALUDMP.VDIR_PERSONA_TIPOPER (COD_PERSONA_TIPOPER,COD_PERSONA,COD_TIPO_PERSONA) values ('41','41','2');
Insert into SALUDMP.VDIR_PERSONA_TIPOPER (COD_PERSONA_TIPOPER,COD_PERSONA,COD_TIPO_PERSONA) values ('3','12','1');
Insert into SALUDMP.VDIR_PERSONA_TIPOPER (COD_PERSONA_TIPOPER,COD_PERSONA,COD_TIPO_PERSONA) values ('68','186','2');
Insert into SALUDMP.VDIR_PERSONA_TIPOPER (COD_PERSONA_TIPOPER,COD_PERSONA,COD_TIPO_PERSONA) values ('81','201','2');
Insert into SALUDMP.VDIR_PERSONA_TIPOPER (COD_PERSONA_TIPOPER,COD_PERSONA,COD_TIPO_PERSONA) values ('101','241','1');
Insert into SALUDMP.VDIR_PERSONA_TIPOPER (COD_PERSONA_TIPOPER,COD_PERSONA,COD_TIPO_PERSONA) values ('117','251','2');
Insert into SALUDMP.VDIR_PERSONA_TIPOPER (COD_PERSONA_TIPOPER,COD_PERSONA,COD_TIPO_PERSONA) values ('124','257','1');
Insert into SALUDMP.VDIR_PERSONA_TIPOPER (COD_PERSONA_TIPOPER,COD_PERSONA,COD_TIPO_PERSONA) values ('82','202','2');
Insert into SALUDMP.VDIR_PERSONA_TIPOPER (COD_PERSONA_TIPOPER,COD_PERSONA,COD_TIPO_PERSONA) values ('103','242','2');
Insert into SALUDMP.VDIR_PERSONA_TIPOPER (COD_PERSONA_TIPOPER,COD_PERSONA,COD_TIPO_PERSONA) values ('104','243','1');
Insert into SALUDMP.VDIR_PERSONA_TIPOPER (COD_PERSONA_TIPOPER,COD_PERSONA,COD_TIPO_PERSONA) values ('110','246','2');
Insert into SALUDMP.VDIR_PERSONA_TIPOPER (COD_PERSONA_TIPOPER,COD_PERSONA,COD_TIPO_PERSONA) values ('113','248','2');
Insert into SALUDMP.VDIR_PERSONA_TIPOPER (COD_PERSONA_TIPOPER,COD_PERSONA,COD_TIPO_PERSONA) values ('116','250','2');
Insert into SALUDMP.VDIR_PERSONA_TIPOPER (COD_PERSONA_TIPOPER,COD_PERSONA,COD_TIPO_PERSONA) values ('118','252','1');
Insert into SALUDMP.VDIR_PERSONA_TIPOPER (COD_PERSONA_TIPOPER,COD_PERSONA,COD_TIPO_PERSONA) values ('120','253','2');
Insert into SALUDMP.VDIR_PERSONA_TIPOPER (COD_PERSONA_TIPOPER,COD_PERSONA,COD_TIPO_PERSONA) values ('121','254','1');
Insert into SALUDMP.VDIR_PERSONA_TIPOPER (COD_PERSONA_TIPOPER,COD_PERSONA,COD_TIPO_PERSONA) values ('122','255','1');
Insert into SALUDMP.VDIR_PERSONA_TIPOPER (COD_PERSONA_TIPOPER,COD_PERSONA,COD_TIPO_PERSONA) values ('123','256','2');
Insert into SALUDMP.VDIR_PERSONA_TIPOPER (COD_PERSONA_TIPOPER,COD_PERSONA,COD_TIPO_PERSONA) values ('69','187','2');
Insert into SALUDMP.VDIR_PERSONA_TIPOPER (COD_PERSONA_TIPOPER,COD_PERSONA,COD_TIPO_PERSONA) values ('106','244','1');
Insert into SALUDMP.VDIR_PERSONA_TIPOPER (COD_PERSONA_TIPOPER,COD_PERSONA,COD_TIPO_PERSONA) values ('63','161','2');
Insert into SALUDMP.VDIR_PERSONA_TIPOPER (COD_PERSONA_TIPOPER,COD_PERSONA,COD_TIPO_PERSONA) values ('64','166','2');
Insert into SALUDMP.VDIR_PERSONA_TIPOPER (COD_PERSONA_TIPOPER,COD_PERSONA,COD_TIPO_PERSONA) values ('65','171','2');
Insert into SALUDMP.VDIR_PERSONA_TIPOPER (COD_PERSONA_TIPOPER,COD_PERSONA,COD_TIPO_PERSONA) values ('66','179','2');
Insert into SALUDMP.VDIR_PERSONA_TIPOPER (COD_PERSONA_TIPOPER,COD_PERSONA,COD_TIPO_PERSONA) values ('67','185','2');
Insert into SALUDMP.VDIR_PERSONA_TIPOPER (COD_PERSONA_TIPOPER,COD_PERSONA,COD_TIPO_PERSONA) values ('83','203','2');
Insert into SALUDMP.VDIR_PERSONA_TIPOPER (COD_PERSONA_TIPOPER,COD_PERSONA,COD_TIPO_PERSONA) values ('125','258','2');
Insert into SALUDMP.VDIR_PERSONA_TIPOPER (COD_PERSONA_TIPOPER,COD_PERSONA,COD_TIPO_PERSONA) values ('126','259','1');
Insert into SALUDMP.VDIR_PERSONA_TIPOPER (COD_PERSONA_TIPOPER,COD_PERSONA,COD_TIPO_PERSONA) values ('127','260','2');
Insert into SALUDMP.VDIR_PERSONA_TIPOPER (COD_PERSONA_TIPOPER,COD_PERSONA,COD_TIPO_PERSONA) values ('70','188','2');
Insert into SALUDMP.VDIR_PERSONA_TIPOPER (COD_PERSONA_TIPOPER,COD_PERSONA,COD_TIPO_PERSONA) values ('71','189','2');
Insert into SALUDMP.VDIR_PERSONA_TIPOPER (COD_PERSONA_TIPOPER,COD_PERSONA,COD_TIPO_PERSONA) values ('72','121','2');
Insert into SALUDMP.VDIR_PERSONA_TIPOPER (COD_PERSONA_TIPOPER,COD_PERSONA,COD_TIPO_PERSONA) values ('108','245','1');
Insert into SALUDMP.VDIR_PERSONA_TIPOPER (COD_PERSONA_TIPOPER,COD_PERSONA,COD_TIPO_PERSONA) values ('111','247','1');
Insert into SALUDMP.VDIR_PERSONA_TIPOPER (COD_PERSONA_TIPOPER,COD_PERSONA,COD_TIPO_PERSONA) values ('114','249','1');
Insert into SALUDMP.VDIR_PERSONA_TIPOPER (COD_PERSONA_TIPOPER,COD_PERSONA,COD_TIPO_PERSONA) values ('128','261','2');
REM INSERTING into SALUDMP.VDIR_PLAN
SET DEFINE OFF;
Insert into SALUDMP.VDIR_PLAN (COD_PLAN,DES_PLAN,COD_ESTADO) values ('1','Asociado','1');
Insert into SALUDMP.VDIR_PLAN (COD_PLAN,DES_PLAN,COD_ESTADO) values ('2','Familiar','1');
REM INSERTING into SALUDMP.VDIR_PLAN_PROGRAMA
SET DEFINE OFF;
Insert into SALUDMP.VDIR_PLAN_PROGRAMA (COD_PLAN_PROGRAMA,COD_PLAN,COD_PROGRAMA,COD_ESTADO,COBERTURA_INICIAL,COBERTURA_FINAL) values ('1','1','1','1','/venta_directa/asset/public/fileUpload/coberturaInicial01_01_.jpg','/venta_directa/asset/public/fileUpload/coberturaFinal01_01_.png');
Insert into SALUDMP.VDIR_PLAN_PROGRAMA (COD_PLAN_PROGRAMA,COD_PLAN,COD_PROGRAMA,COD_ESTADO,COBERTURA_INICIAL,COBERTURA_FINAL) values ('2','2','1','1','/venta_directa/asset/public/fileUpload/coberturaInicial01_02_.png','/venta_directa/asset/public/fileUpload/coberturaFinal01_02_.jpg');
Insert into SALUDMP.VDIR_PLAN_PROGRAMA (COD_PLAN_PROGRAMA,COD_PLAN,COD_PROGRAMA,COD_ESTADO,COBERTURA_INICIAL,COBERTURA_FINAL) values ('3','1','2','1','/venta_directa/asset/public/fileUpload/coberturaInicial02_01_.jpg','/venta_directa/asset/public/fileUpload/coberturaFinal02_01_.png');
Insert into SALUDMP.VDIR_PLAN_PROGRAMA (COD_PLAN_PROGRAMA,COD_PLAN,COD_PROGRAMA,COD_ESTADO,COBERTURA_INICIAL,COBERTURA_FINAL) values ('4','2','2','1','/venta_directa/asset/public/fileUpload/coberturaInicial02_02_.png','/venta_directa/asset/public/fileUpload/coberturaFinal02_02_.jpg');
Insert into SALUDMP.VDIR_PLAN_PROGRAMA (COD_PLAN_PROGRAMA,COD_PLAN,COD_PROGRAMA,COD_ESTADO,COBERTURA_INICIAL,COBERTURA_FINAL) values ('5','1','3','1','/venta_directa/asset/public/fileUpload/coberturaInicial03_01_.png','/venta_directa/asset/public/fileUpload/coberturaFinal03_01_.png');
Insert into SALUDMP.VDIR_PLAN_PROGRAMA (COD_PLAN_PROGRAMA,COD_PLAN,COD_PROGRAMA,COD_ESTADO,COBERTURA_INICIAL,COBERTURA_FINAL) values ('6','2','3','1','/venta_directa/asset/public/fileUpload/coberturaInicial03_02_.png','/venta_directa/asset/public/fileUpload/coberturaFinal03_02_.jpg');
Insert into SALUDMP.VDIR_PLAN_PROGRAMA (COD_PLAN_PROGRAMA,COD_PLAN,COD_PROGRAMA,COD_ESTADO,COBERTURA_INICIAL,COBERTURA_FINAL) values ('7','1','4','1','/venta_directa/asset/public/fileUpload/coberturaInicial04_01_.jpg','/venta_directa/asset/public/fileUpload/coberturaFinal04_01_.png');
Insert into SALUDMP.VDIR_PLAN_PROGRAMA (COD_PLAN_PROGRAMA,COD_PLAN,COD_PROGRAMA,COD_ESTADO,COBERTURA_INICIAL,COBERTURA_FINAL) values ('8','2','4','1','/venta_directa/asset/public/fileUpload/coberturaInicial04_02_.png','/venta_directa/asset/public/fileUpload/coberturaFinal04_02_.jpg');
Insert into SALUDMP.VDIR_PLAN_PROGRAMA (COD_PLAN_PROGRAMA,COD_PLAN,COD_PROGRAMA,COD_ESTADO,COBERTURA_INICIAL,COBERTURA_FINAL) values ('9','1','5','1','/venta_directa/asset/public/fileUpload/coberturaInicial05_01_.jpg','/venta_directa/asset/public/fileUpload/coberturaFinal05_01_.png');
Insert into SALUDMP.VDIR_PLAN_PROGRAMA (COD_PLAN_PROGRAMA,COD_PLAN,COD_PROGRAMA,COD_ESTADO,COBERTURA_INICIAL,COBERTURA_FINAL) values ('10','2','5','1','/venta_directa/asset/public/fileUpload/coberturaInicial05_02_.png','/venta_directa/asset/public/fileUpload/coberturaFinal05_02_.jpg');
Insert into SALUDMP.VDIR_PLAN_PROGRAMA (COD_PLAN_PROGRAMA,COD_PLAN,COD_PROGRAMA,COD_ESTADO,COBERTURA_INICIAL,COBERTURA_FINAL) values ('11','1','6','1','/venta_directa/asset/public/fileUpload/coberturaInicial06_01_.jpg','/venta_directa/asset/public/fileUpload/coberturaFinal06_01_.png');
Insert into SALUDMP.VDIR_PLAN_PROGRAMA (COD_PLAN_PROGRAMA,COD_PLAN,COD_PROGRAMA,COD_ESTADO,COBERTURA_INICIAL,COBERTURA_FINAL) values ('12','2','6','1','/venta_directa/asset/public/fileUpload/coberturaInicial06_02_.png','/venta_directa/asset/public/fileUpload/coberturaFinal06_02_.jpg');
REM INSERTING into SALUDMP.VDIR_PREGUNTA
SET DEFINE OFF;
Insert into SALUDMP.VDIR_PREGUNTA (COD_PREGUNTA,DES_PREGUNTA,COD_ENCUESTA,NUMERO_PREGUNTA,COD_MODULO) values ('38','En cumplimiento a lo señalado en la circular externa 009 de 2016 (Superintendencia Nacional de Salud). Ley 1474 de 2011 (Estatuto Anticorrupción) y demás normas legales concordantes. Afirmo que todas mis
actividades las ejerzo dentro de las normas legales y declaro que los recursos que poseo provienen de las siguientes fuentes: (detalle ocupación, oficio, actividad, negocio, etc.)','1','28','4');
Insert into SALUDMP.VDIR_PREGUNTA (COD_PREGUNTA,DES_PREGUNTA,COD_ENCUESTA,NUMERO_PREGUNTA,COD_MODULO) values ('34','¿Posee cuentas corrientes en moneda extrangera?','1','8','2');
Insert into SALUDMP.VDIR_PREGUNTA (COD_PREGUNTA,DES_PREGUNTA,COD_ENCUESTA,NUMERO_PREGUNTA,COD_MODULO) values ('35','¿Es una persona expuesta políticamente de acuerdo al decreto 1674 de 2016?(&)','1','1','3');
Insert into SALUDMP.VDIR_PREGUNTA (COD_PREGUNTA,DES_PREGUNTA,COD_ENCUESTA,NUMERO_PREGUNTA,COD_MODULO) values ('36','¿Representa legalmente alguna organización
internacional (ONG - OIG)?','1','2','3');
Insert into SALUDMP.VDIR_PREGUNTA (COD_PREGUNTA,DES_PREGUNTA,COD_ENCUESTA,NUMERO_PREGUNTA,COD_MODULO) values ('37','¿Existe algún vínculo entre usted y alguna persona expuesta políticamente?(&&)
','1','27','3');
Insert into SALUDMP.VDIR_PREGUNTA (COD_PREGUNTA,DES_PREGUNTA,COD_ENCUESTA,NUMERO_PREGUNTA,COD_MODULO) values ('1','Ingresos mensuales actividad principal','1','1','1');
Insert into SALUDMP.VDIR_PREGUNTA (COD_PREGUNTA,DES_PREGUNTA,COD_ENCUESTA,NUMERO_PREGUNTA,COD_MODULO) values ('2','Egresos mensuales actividad principal','1','2','1');
Insert into SALUDMP.VDIR_PREGUNTA (COD_PREGUNTA,DES_PREGUNTA,COD_ENCUESTA,NUMERO_PREGUNTA,COD_MODULO) values ('3','Otros ingresos diferentes a la actividad principal
  ','1','3','1');
Insert into SALUDMP.VDIR_PREGUNTA (COD_PREGUNTA,DES_PREGUNTA,COD_ENCUESTA,NUMERO_PREGUNTA,COD_MODULO) values ('4','Valor activos o posesiones','1','4','1');
Insert into SALUDMP.VDIR_PREGUNTA (COD_PREGUNTA,DES_PREGUNTA,COD_ENCUESTA,NUMERO_PREGUNTA,COD_MODULO) values ('5','Valor pasivos o deudas','1','5','1');
Insert into SALUDMP.VDIR_PREGUNTA (COD_PREGUNTA,DES_PREGUNTA,COD_ENCUESTA,NUMERO_PREGUNTA,COD_MODULO) values ('6','Usted realiza transacciones en moneda extranjera','1','6','2');
Insert into SALUDMP.VDIR_PREGUNTA (COD_PREGUNTA,DES_PREGUNTA,COD_ENCUESTA,NUMERO_PREGUNTA,COD_MODULO) values ('7','Seleccione el tipo de transacciones que realiza','1','7','2');
Insert into SALUDMP.VDIR_PREGUNTA (COD_PREGUNTA,DES_PREGUNTA,COD_ENCUESTA,NUMERO_PREGUNTA,COD_MODULO) values ('8','¿Ha tenido embarazos normales, quirúrgicos o abortos, trastornos de los senos, matriz u ovarios?','2','1','5');
Insert into SALUDMP.VDIR_PREGUNTA (COD_PREGUNTA,DES_PREGUNTA,COD_ENCUESTA,NUMERO_PREGUNTA,COD_MODULO) values ('9','¿Está actualmente embarazada?','2','2','5');
Insert into SALUDMP.VDIR_PREGUNTA (COD_PREGUNTA,DES_PREGUNTA,COD_ENCUESTA,NUMERO_PREGUNTA,COD_MODULO) values ('10','¿Cuántos meses?','2','3','5');
Insert into SALUDMP.VDIR_PREGUNTA (COD_PREGUNTA,DES_PREGUNTA,COD_ENCUESTA,NUMERO_PREGUNTA,COD_MODULO) values ('11','¿Convulsiones, ataques, pérdida de conocimiento, desmayos, trombosis cerebral, hemorragia, epilepsia o cualquier afección neurológica?','2','4','5');
Insert into SALUDMP.VDIR_PREGUNTA (COD_PREGUNTA,DES_PREGUNTA,COD_ENCUESTA,NUMERO_PREGUNTA,COD_MODULO) values ('12','¿Fracturas, artritis, reumatismo, trastornos articulares, enfermedades de la columna, de piel o alergias? ','2','5','5');
Insert into SALUDMP.VDIR_PREGUNTA (COD_PREGUNTA,DES_PREGUNTA,COD_ENCUESTA,NUMERO_PREGUNTA,COD_MODULO) values ('13','¿Diabetes, trastornos de la glándula tiroides, azúcar en la sangre o en la orina?','2','6','5');
Insert into SALUDMP.VDIR_PREGUNTA (COD_PREGUNTA,DES_PREGUNTA,COD_ENCUESTA,NUMERO_PREGUNTA,COD_MODULO) values ('14','¿Ulcera gástrica o duodenal, gastritis, agrieras (reflujo gastroesofágico), colitis, hemorroides, cólicos biliares, enfermedades del hígado?','2','7','5');
Insert into SALUDMP.VDIR_PREGUNTA (COD_PREGUNTA,DES_PREGUNTA,COD_ENCUESTA,NUMERO_PREGUNTA,COD_MODULO) values ('15','¿Asma, tuberculosis, dificultad para respirar, enfermedades del pulmón?','2','8','5');
Insert into SALUDMP.VDIR_PREGUNTA (COD_PREGUNTA,DES_PREGUNTA,COD_ENCUESTA,NUMERO_PREGUNTA,COD_MODULO) values ('16','¿Tensión arterial alta, enfermedades del corazón, angina de pecho, enfermedades de arterias o venas?','2','9','5');
Insert into SALUDMP.VDIR_PREGUNTA (COD_PREGUNTA,DES_PREGUNTA,COD_ENCUESTA,NUMERO_PREGUNTA,COD_MODULO) values ('17','¿Anemia, linfomas, ganglios inflamados, enfermedades renales, de la próstata, de la vejiga, o venereas?','2','10','5');
Insert into SALUDMP.VDIR_PREGUNTA (COD_PREGUNTA,DES_PREGUNTA,COD_ENCUESTA,NUMERO_PREGUNTA,COD_MODULO) values ('18','¿Malformaciones, deformaciones, imperfecciones o anomalías congénitas o adquiridas?','2','11','5');
Insert into SALUDMP.VDIR_PREGUNTA (COD_PREGUNTA,DES_PREGUNTA,COD_ENCUESTA,NUMERO_PREGUNTA,COD_MODULO) values ('19','¿Várices, hinchazón o ulceras en las piernas?','2','12','5');
Insert into SALUDMP.VDIR_PREGUNTA (COD_PREGUNTA,DES_PREGUNTA,COD_ENCUESTA,NUMERO_PREGUNTA,COD_MODULO) values ('20','¿Enfermedades psiquiátricas o trastornos psicológicos?','2','13','5');
Insert into SALUDMP.VDIR_PREGUNTA (COD_PREGUNTA,DES_PREGUNTA,COD_ENCUESTA,NUMERO_PREGUNTA,COD_MODULO) values ('21','¿Accidentes, traumatismos, infecciones o riesgos de padecer enfermedades transmisibles?','2','14','5');
Insert into SALUDMP.VDIR_PREGUNTA (COD_PREGUNTA,DES_PREGUNTA,COD_ENCUESTA,NUMERO_PREGUNTA,COD_MODULO) values ('22','¿Ha estado alguna vez hospitalizado(a) o le han practicado cirugías o transfusiones?','2','15','5');
Insert into SALUDMP.VDIR_PREGUNTA (COD_PREGUNTA,DES_PREGUNTA,COD_ENCUESTA,NUMERO_PREGUNTA,COD_MODULO) values ('23','¿Ha consultado algún médico en el último año?','2','16','5');
Insert into SALUDMP.VDIR_PREGUNTA (COD_PREGUNTA,DES_PREGUNTA,COD_ENCUESTA,NUMERO_PREGUNTA,COD_MODULO) values ('24','¿Le han practicado algún examen de laboratorio clínico, radiológico o algún otro examen de diagnóstico en los últimos seis (6) meses?','2','17','5');
Insert into SALUDMP.VDIR_PREGUNTA (COD_PREGUNTA,DES_PREGUNTA,COD_ENCUESTA,NUMERO_PREGUNTA,COD_MODULO) values ('25','¿Piensa someterse o tiene pendiente algún tratamiento médico o quirúrgico?','2','18','5');
Insert into SALUDMP.VDIR_PREGUNTA (COD_PREGUNTA,DES_PREGUNTA,COD_ENCUESTA,NUMERO_PREGUNTA,COD_MODULO) values ('26','¿Le han diagnosticado en alguna época de su vida tumores benignos o cáncer, ha tenido masas palpables?','2','19','5');
Insert into SALUDMP.VDIR_PREGUNTA (COD_PREGUNTA,DES_PREGUNTA,COD_ENCUESTA,NUMERO_PREGUNTA,COD_MODULO) values ('27','¿Practica deporte de alto riesgo?','2','20','5');
Insert into SALUDMP.VDIR_PREGUNTA (COD_PREGUNTA,DES_PREGUNTA,COD_ENCUESTA,NUMERO_PREGUNTA,COD_MODULO) values ('28','¿Padece o ha padecido alguna enfermedad que no aparezca registrada en el presente cuestionario?','2','21','5');
Insert into SALUDMP.VDIR_PREGUNTA (COD_PREGUNTA,DES_PREGUNTA,COD_ENCUESTA,NUMERO_PREGUNTA,COD_MODULO) values ('29','¿Lo han vacunado de acuerdo al esquema de vacunación del PAI?','2','22','5');
Insert into SALUDMP.VDIR_PREGUNTA (COD_PREGUNTA,DES_PREGUNTA,COD_ENCUESTA,NUMERO_PREGUNTA,COD_MODULO) values ('30','¿Al nacer su hijo requirió de oxigeno e incubadora?','2','23','5');
Insert into SALUDMP.VDIR_PREGUNTA (COD_PREGUNTA,DES_PREGUNTA,COD_ENCUESTA,NUMERO_PREGUNTA,COD_MODULO) values ('31','¿Cuál es su talla?','2','24','5');
Insert into SALUDMP.VDIR_PREGUNTA (COD_PREGUNTA,DES_PREGUNTA,COD_ENCUESTA,NUMERO_PREGUNTA,COD_MODULO) values ('32','¿Cuál es su peso? ','2','25','5');
Insert into SALUDMP.VDIR_PREGUNTA (COD_PREGUNTA,DES_PREGUNTA,COD_ENCUESTA,NUMERO_PREGUNTA,COD_MODULO) values ('33','¿Enfermedades de los ojos, pterigios, estrabismo, defectos de refracción visual, cataratas, enfermedades del oído, vértigo, enfermedades de la garganta?','2','26','5');
REM INSERTING into SALUDMP.VDIR_PRODUCTO
SET DEFINE OFF;
Insert into SALUDMP.VDIR_PRODUCTO (COD_PRODUCTO,DES_PRODUCTO,COD_ESTADO,DESCRIPCION) values ('2','Salud Oral','1','Con nuestros programas odontológicos cuentas con coberturas en diferentes espacialidades de la salud oral como rehabilitación, ortodoncia, odontopediatría, tratamientos excluidos del Plan Obligatorio y coberturas estéticas. También cuenta con asistencias y acompañamiento para inquietudes odontológicas, todo para darte motivos para sonreir.');
Insert into SALUDMP.VDIR_PRODUCTO (COD_PRODUCTO,DES_PRODUCTO,COD_ESTADO,DESCRIPCION) values ('1','Medicina Integral','1','Medicina integral es una alternativa de aseguramiento en salud voluntario que permite acceso directo a todas las especialidades de la salud a través de una amplia red de prestadores, con coberturas y asistencias para cualquier evento en salud. Conoce nuestro completo portafolio de servicios con tarifas que se ajustan a cada una de tus necesidades y beneficios adicionales que aportan en el bienestar de nuestros usuarios.');
Insert into SALUDMP.VDIR_PRODUCTO (COD_PRODUCTO,DES_PRODUCTO,COD_ESTADO,DESCRIPCION) values ('3','Coomeva Emergencia médica','1','Coomeva emergencia medica: Es un servicio diseñado para aquellas personas que quieren tener a sus empleados, visitantes y/o grupo familiar protegidos frente a un accidente o situación vital de salud, bien sea en su trabajo, en su casa o en cualquier lugar donde se encuentre (según área de cobertura)');
REM INSERTING into SALUDMP.VDIR_PROGRAMA
SET DEFINE OFF;
Insert into SALUDMP.VDIR_PROGRAMA (COD_PROGRAMA,DES_PROGRAMA,COD_PRODUCTO,COD_ESTADO,COD_IMPUESTO,URL_CONTRATO,DESCRIPCION) values ('2','Dental Elite','2','1',null,null,'Es un programa de atención odontológica, con el respaldo de una red de especialistas altamente calificada, amplias coberturas integrales y con fines estéticos como ortodoncia correctiva y preventiva, ortopedia maxilar, blanqueamiento cosmético, tratamiento para cáncer oral, cobertura de accidentes y anestesia general en estos casos, y otros procedimientos excluidos del plan obligatorio de salud.');
Insert into SALUDMP.VDIR_PROGRAMA (COD_PROGRAMA,DES_PROGRAMA,COD_PRODUCTO,COD_ESTADO,COD_IMPUESTO,URL_CONTRATO,DESCRIPCION) values ('3','Oro plus','1','1',null,null,'Es un programa de aseguramiento voluntario que cuenta con beneficios como, consulta por fuera de la red, atención médica a domicilio con Coomeva Emergencia Médica 2 veces al año, enfermera acompañante, renta diaria por hospitalización, ambulancia aérea, trastornos congénitos y genéticos, prótesis y ortesis, urgencias en el exterior  50 mil USD, menores periodos de carencia y entre otros.');
Insert into SALUDMP.VDIR_PROGRAMA (COD_PROGRAMA,DES_PROGRAMA,COD_PRODUCTO,COD_ESTADO,COD_IMPUESTO,URL_CONTRATO,DESCRIPCION) values ('1','Coomeva Emergencia Médica','3','1',null,null,'Es un servicio de Atención Médica a Domicilio, Urgencias y Emergencias, orientación médica telefónica y traslado de pacientes. En la comodidad de ser atendido en el lugar donde se encuentre, las 24 horas al día, los 365 días del año, excelente atención con personal (Médico y Paramédico) altamente calificado. Adicionales, orientación medica telefónica, tele salud nutrición y psicología, urgencias odontológicas domiciliarias.');
Insert into SALUDMP.VDIR_PROGRAMA (COD_PROGRAMA,DES_PROGRAMA,COD_PRODUCTO,COD_ESTADO,COD_IMPUESTO,URL_CONTRATO,DESCRIPCION) values ('4','Plata joven','1','1',null,null,'Programa dirigido a población joven menores de 35 años, con amplias coberturas ambulatorias (consulta, terapias, ayudas diagnosticas), maternidad, medicina alternativa, procedimientos quirúrgicos y hospitalario con topes de cobertura y bolsa de hospitalización reinstalable por diagnóstico. Directorio abierto más de 10.000 prestadores entre especialistas e instituciones de salud a nivel nacional.');
Insert into SALUDMP.VDIR_PROGRAMA (COD_PROGRAMA,DES_PROGRAMA,COD_PRODUCTO,COD_ESTADO,COD_IMPUESTO,URL_CONTRATO,DESCRIPCION) values ('5','Tradicional especial','1','1',null,null,'Es un programa de aseguramiento voluntario que cubre hasta 7 especialidades básicas, endoscopia digestiva alta, 100% en urgencias y hospitalización en red especial, maternidad,  y suministros; así como otras coberturas especiales.');
Insert into SALUDMP.VDIR_PROGRAMA (COD_PROGRAMA,DES_PROGRAMA,COD_PRODUCTO,COD_ESTADO,COD_IMPUESTO,URL_CONTRATO,DESCRIPCION) values ('6','Asociado','1','1',null,null,'Dirigido exclusivamente para los asociados a la Cooperativa Coomeva con edad de ingreso hasta los 65 años, con amplias coberturas ambulatorias, procedimientos quirúrgicos y hospitalario con topes de cobertura amplios y bolsa de hospitalización reinstalable por diagnóstico, directorio abierto con más de 10.000 prestadores entre especialistas e instituciones de salud a nivel nacional.');
REM INSERTING into SALUDMP.VDIR_PROGRAMA_FILE
SET DEFINE OFF;
Insert into SALUDMP.VDIR_PROGRAMA_FILE (COD_PROGRAMA_FILE,COD_FILE,COD_PROGRAMA) values ('1','1','3');
Insert into SALUDMP.VDIR_PROGRAMA_FILE (COD_PROGRAMA_FILE,COD_FILE,COD_PROGRAMA) values ('2','2','6');
Insert into SALUDMP.VDIR_PROGRAMA_FILE (COD_PROGRAMA_FILE,COD_FILE,COD_PROGRAMA) values ('3','3','5');
Insert into SALUDMP.VDIR_PROGRAMA_FILE (COD_PROGRAMA_FILE,COD_FILE,COD_PROGRAMA) values ('4','4','4');
Insert into SALUDMP.VDIR_PROGRAMA_FILE (COD_PROGRAMA_FILE,COD_FILE,COD_PROGRAMA) values ('5','5','1');
Insert into SALUDMP.VDIR_PROGRAMA_FILE (COD_PROGRAMA_FILE,COD_FILE,COD_PROGRAMA) values ('6','6','2');
Insert into SALUDMP.VDIR_PROGRAMA_FILE (COD_PROGRAMA_FILE,COD_FILE,COD_PROGRAMA) values ('7','13','3');
Insert into SALUDMP.VDIR_PROGRAMA_FILE (COD_PROGRAMA_FILE,COD_FILE,COD_PROGRAMA) values ('8','14','6');
Insert into SALUDMP.VDIR_PROGRAMA_FILE (COD_PROGRAMA_FILE,COD_FILE,COD_PROGRAMA) values ('9','15','5');
Insert into SALUDMP.VDIR_PROGRAMA_FILE (COD_PROGRAMA_FILE,COD_FILE,COD_PROGRAMA) values ('10','16','4');
Insert into SALUDMP.VDIR_PROGRAMA_FILE (COD_PROGRAMA_FILE,COD_FILE,COD_PROGRAMA) values ('11','17','1');
Insert into SALUDMP.VDIR_PROGRAMA_FILE (COD_PROGRAMA_FILE,COD_FILE,COD_PROGRAMA) values ('12','18','2');
Insert into SALUDMP.VDIR_PROGRAMA_FILE (COD_PROGRAMA_FILE,COD_FILE,COD_PROGRAMA) values ('13','19','3');
Insert into SALUDMP.VDIR_PROGRAMA_FILE (COD_PROGRAMA_FILE,COD_FILE,COD_PROGRAMA) values ('14','20','6');
Insert into SALUDMP.VDIR_PROGRAMA_FILE (COD_PROGRAMA_FILE,COD_FILE,COD_PROGRAMA) values ('15','21','5');
Insert into SALUDMP.VDIR_PROGRAMA_FILE (COD_PROGRAMA_FILE,COD_FILE,COD_PROGRAMA) values ('16','22','4');
Insert into SALUDMP.VDIR_PROGRAMA_FILE (COD_PROGRAMA_FILE,COD_FILE,COD_PROGRAMA) values ('17','23','1');
Insert into SALUDMP.VDIR_PROGRAMA_FILE (COD_PROGRAMA_FILE,COD_FILE,COD_PROGRAMA) values ('18','24','2');
REM INSERTING into SALUDMP.VDIR_RESPUESTA
SET DEFINE OFF;
Insert into SALUDMP.VDIR_RESPUESTA (COD_RESPUESTA,DES_RESPUESTA,PUNTUACION,COD_PREGUNTA,NUMERO_RESPUESTA) values ('51','<input type="text" id="declaro" name="declaro" class="form-control campo-vd"  maxlength="400">',null,'38','1');
Insert into SALUDMP.VDIR_RESPUESTA (COD_RESPUESTA,DES_RESPUESTA,PUNTUACION,COD_PREGUNTA,NUMERO_RESPUESTA) values ('27','<label>Detalle el concepto de otros Ingresos diferentes a la Actiividad Principal</label> <input type="text" id="concept" name="concept" class="form-control campo-vd col-lg-6 col-md-6 col-sm-6" disabled>',null,'3','7');
Insert into SALUDMP.VDIR_RESPUESTA (COD_RESPUESTA,DES_RESPUESTA,PUNTUACION,COD_PREGUNTA,NUMERO_RESPUESTA) values ('11','N/A',null,'3','1');
Insert into SALUDMP.VDIR_RESPUESTA (COD_RESPUESTA,DES_RESPUESTA,PUNTUACION,COD_PREGUNTA,NUMERO_RESPUESTA) values ('28','SI',null,'34','1');
Insert into SALUDMP.VDIR_RESPUESTA (COD_RESPUESTA,DES_RESPUESTA,PUNTUACION,COD_PREGUNTA,NUMERO_RESPUESTA) values ('29','NO',null,'34','2');
Insert into SALUDMP.VDIR_RESPUESTA (COD_RESPUESTA,DES_RESPUESTA,PUNTUACION,COD_PREGUNTA,NUMERO_RESPUESTA) values ('30','<label>Nombre del banco</label> <input type="text" id="nom_banco" name="nom_banco" class="form-control campo-vd col-lg-6 col-md-6 col-sm-6" disabled >',null,'34','3');
Insert into SALUDMP.VDIR_RESPUESTA (COD_RESPUESTA,DES_RESPUESTA,PUNTUACION,COD_PREGUNTA,NUMERO_RESPUESTA) values ('31','<label>Ciudad</label> <input type="text" id="ciudad" name="ciudad" class="form-control campo-vd col-lg-6 col-md-6 col-sm-6" disabled>',null,'34','4');
Insert into SALUDMP.VDIR_RESPUESTA (COD_RESPUESTA,DES_RESPUESTA,PUNTUACION,COD_PREGUNTA,NUMERO_RESPUESTA) values ('32','<label>Pa&iacute;s</label> <input type="text" id="pais" name="pais" class="form-control campo-vd col-lg-6 col-md-6 col-sm-6" disabled >',null,'34','5');
Insert into SALUDMP.VDIR_RESPUESTA (COD_RESPUESTA,DES_RESPUESTA,PUNTUACION,COD_PREGUNTA,NUMERO_RESPUESTA) values ('33','<label>Moneda</label>',null,'34','6');
Insert into SALUDMP.VDIR_RESPUESTA (COD_RESPUESTA,DES_RESPUESTA,PUNTUACION,COD_PREGUNTA,NUMERO_RESPUESTA) values ('34','SI',null,'35','1');
Insert into SALUDMP.VDIR_RESPUESTA (COD_RESPUESTA,DES_RESPUESTA,PUNTUACION,COD_PREGUNTA,NUMERO_RESPUESTA) values ('35','NO',null,'35','2');
Insert into SALUDMP.VDIR_RESPUESTA (COD_RESPUESTA,DES_RESPUESTA,PUNTUACION,COD_PREGUNTA,NUMERO_RESPUESTA) values ('36','<label>Cargo</label> <input type="text" id="cargo" name="cargo" class="form-control campo-vd col-lg-6 col-md-6 col-sm-6" maxlength="50" disabled >',null,'35','3');
Insert into SALUDMP.VDIR_RESPUESTA (COD_RESPUESTA,DES_RESPUESTA,PUNTUACION,COD_PREGUNTA,NUMERO_RESPUESTA) values ('37','<label>Fecha de Inicio</label> <input type="text" id="fecha_ini" name="fecha_ini" class="form-control campo-vd col-lg-6 col-md-6 col-sm-6" disabled>',null,'35','4');
Insert into SALUDMP.VDIR_RESPUESTA (COD_RESPUESTA,DES_RESPUESTA,PUNTUACION,COD_PREGUNTA,NUMERO_RESPUESTA) values ('38','<label>Fecha Fin</label> <input type="text" id="fecha_fin" name="fecha_fin" class="form-control campo-vd col-lg-6 col-md-6 col-sm-6" disabled >',null,'35','5');
Insert into SALUDMP.VDIR_RESPUESTA (COD_RESPUESTA,DES_RESPUESTA,PUNTUACION,COD_PREGUNTA,NUMERO_RESPUESTA) values ('39','SI',null,'36','1');
Insert into SALUDMP.VDIR_RESPUESTA (COD_RESPUESTA,DES_RESPUESTA,PUNTUACION,COD_PREGUNTA,NUMERO_RESPUESTA) values ('40','NO',null,'36','2');
Insert into SALUDMP.VDIR_RESPUESTA (COD_RESPUESTA,DES_RESPUESTA,PUNTUACION,COD_PREGUNTA,NUMERO_RESPUESTA) values ('41','<label>Organización</label> <input type="text" id="organizacion" name="organizacion" class="form-control campo-vd col-lg-6 col-md-6 col-sm-6" maxlength="50" disabled>',null,'36','3');
Insert into SALUDMP.VDIR_RESPUESTA (COD_RESPUESTA,DES_RESPUESTA,PUNTUACION,COD_PREGUNTA,NUMERO_RESPUESTA) values ('42','<label>Fecha de Inicio</label> <input type="text" id="fecha_ini_1" name="fecha_ini_1" class="form-control campo-vd  col-lg-6 col-md-6 col-sm-6"  disabled>',null,'36','4');
Insert into SALUDMP.VDIR_RESPUESTA (COD_RESPUESTA,DES_RESPUESTA,PUNTUACION,COD_PREGUNTA,NUMERO_RESPUESTA) values ('43','<label>Fecha Fin</label> <input type="text" id="fecha_fin_1" name="fecha_fin_1" class="form-control campo-vd  col-lg-6 col-md-6 col-sm-6" disabled>',null,'36','5');
Insert into SALUDMP.VDIR_RESPUESTA (COD_RESPUESTA,DES_RESPUESTA,PUNTUACION,COD_PREGUNTA,NUMERO_RESPUESTA) values ('44','SI',null,'37','1');
Insert into SALUDMP.VDIR_RESPUESTA (COD_RESPUESTA,DES_RESPUESTA,PUNTUACION,COD_PREGUNTA,NUMERO_RESPUESTA) values ('45','NO',null,'37','2');
Insert into SALUDMP.VDIR_RESPUESTA (COD_RESPUESTA,DES_RESPUESTA,PUNTUACION,COD_PREGUNTA,NUMERO_RESPUESTA) values ('46','<label>Nombre</label> <input type="text" id="nombre_1" name="nombre_1" class="form-control campo-vd  col-lg-6 col-md-6 col-sm-6" maxlength="50" disabled >',null,'37','3');
Insert into SALUDMP.VDIR_RESPUESTA (COD_RESPUESTA,DES_RESPUESTA,PUNTUACION,COD_PREGUNTA,NUMERO_RESPUESTA) values ('47','<label>Cargo</label> <input type="text" id="cargo_1" name="cargo_1" class="form-control campo-vd  col-lg-6 col-md-6 col-sm-6" maxlength="50" disabled >',null,'37','4');
Insert into SALUDMP.VDIR_RESPUESTA (COD_RESPUESTA,DES_RESPUESTA,PUNTUACION,COD_PREGUNTA,NUMERO_RESPUESTA) values ('48','<label>Parentesco</label>',null,'37','5');
Insert into SALUDMP.VDIR_RESPUESTA (COD_RESPUESTA,DES_RESPUESTA,PUNTUACION,COD_PREGUNTA,NUMERO_RESPUESTA) values ('49','<label>(&) decreto 1674 donde se establece que las personas expuestas políticamente son aquellas que (a) Manejan recursos públicos, (b) Posee algún grado de poder público y/o (c) Tiene o
goza de reconocimiento o de influencia en la vida pública política.</label>',null,'37','6');
Insert into SALUDMP.VDIR_RESPUESTA (COD_RESPUESTA,DES_RESPUESTA,PUNTUACION,COD_PREGUNTA,NUMERO_RESPUESTA) values ('50','<label>(&&) Sociedad conyugal de hecho o derecho ¿ Cónyuges, familiares hasta segundo grado de consanguinidad ¿ Padres, Hijos, Abuelos, Hermanos, Nietos. Familiares hasta en el segundo
grado de afinidad ¿ Suegros, Cuñados, Hijastros, Yernos, Nueras. Familiares hasta el primer grado civil ¿ Padre adoptante, Hijo adoptivo.</label>',null,'37','7');
Insert into SALUDMP.VDIR_RESPUESTA (COD_RESPUESTA,DES_RESPUESTA,PUNTUACION,COD_PREGUNTA,NUMERO_RESPUESTA) values ('1','Menos de 1,5 millones',null,'1','1');
Insert into SALUDMP.VDIR_RESPUESTA (COD_RESPUESTA,DES_RESPUESTA,PUNTUACION,COD_PREGUNTA,NUMERO_RESPUESTA) values ('2','De 1,5  a menos de 2,5 millones',null,'1','2');
Insert into SALUDMP.VDIR_RESPUESTA (COD_RESPUESTA,DES_RESPUESTA,PUNTUACION,COD_PREGUNTA,NUMERO_RESPUESTA) values ('3','De 2,5  a menos de 4 millones',null,'1','3');
Insert into SALUDMP.VDIR_RESPUESTA (COD_RESPUESTA,DES_RESPUESTA,PUNTUACION,COD_PREGUNTA,NUMERO_RESPUESTA) values ('4','De 4  a menos de 7 millones',null,'1','4');
Insert into SALUDMP.VDIR_RESPUESTA (COD_RESPUESTA,DES_RESPUESTA,PUNTUACION,COD_PREGUNTA,NUMERO_RESPUESTA) values ('5','Menos de 1,5 millones',null,'2','1');
Insert into SALUDMP.VDIR_RESPUESTA (COD_RESPUESTA,DES_RESPUESTA,PUNTUACION,COD_PREGUNTA,NUMERO_RESPUESTA) values ('8','De 4  a menos de 7 millones',null,'2','4');
Insert into SALUDMP.VDIR_RESPUESTA (COD_RESPUESTA,DES_RESPUESTA,PUNTUACION,COD_PREGUNTA,NUMERO_RESPUESTA) values ('6','Menos de 1,5 millones',null,'2','2');
Insert into SALUDMP.VDIR_RESPUESTA (COD_RESPUESTA,DES_RESPUESTA,PUNTUACION,COD_PREGUNTA,NUMERO_RESPUESTA) values ('7','De 2,5  a menos de 4 millones',null,'2','3');
Insert into SALUDMP.VDIR_RESPUESTA (COD_RESPUESTA,DES_RESPUESTA,PUNTUACION,COD_PREGUNTA,NUMERO_RESPUESTA) values ('9','De 7 millones en adelante',null,'1','5');
Insert into SALUDMP.VDIR_RESPUESTA (COD_RESPUESTA,DES_RESPUESTA,PUNTUACION,COD_PREGUNTA,NUMERO_RESPUESTA) values ('10','De 7 millones en adelante',null,'2','5');
Insert into SALUDMP.VDIR_RESPUESTA (COD_RESPUESTA,DES_RESPUESTA,PUNTUACION,COD_PREGUNTA,NUMERO_RESPUESTA) values ('52','SI',null,'8','1');
Insert into SALUDMP.VDIR_RESPUESTA (COD_RESPUESTA,DES_RESPUESTA,PUNTUACION,COD_PREGUNTA,NUMERO_RESPUESTA) values ('12','Menos de 1,5 millones',null,'3','2');
Insert into SALUDMP.VDIR_RESPUESTA (COD_RESPUESTA,DES_RESPUESTA,PUNTUACION,COD_PREGUNTA,NUMERO_RESPUESTA) values ('13','De 1,5  a menos de 2,5 millones',null,'3','3');
Insert into SALUDMP.VDIR_RESPUESTA (COD_RESPUESTA,DES_RESPUESTA,PUNTUACION,COD_PREGUNTA,NUMERO_RESPUESTA) values ('14','De 2,5  a menos de 4 millones',null,'3','4');
Insert into SALUDMP.VDIR_RESPUESTA (COD_RESPUESTA,DES_RESPUESTA,PUNTUACION,COD_PREGUNTA,NUMERO_RESPUESTA) values ('15','De 4  a menos de 7 millones',null,'3','5');
Insert into SALUDMP.VDIR_RESPUESTA (COD_RESPUESTA,DES_RESPUESTA,PUNTUACION,COD_PREGUNTA,NUMERO_RESPUESTA) values ('16','De 7 millones en adelante',null,'3','6');
Insert into SALUDMP.VDIR_RESPUESTA (COD_RESPUESTA,DES_RESPUESTA,PUNTUACION,COD_PREGUNTA,NUMERO_RESPUESTA) values ('17','SI',null,'6','1');
Insert into SALUDMP.VDIR_RESPUESTA (COD_RESPUESTA,DES_RESPUESTA,PUNTUACION,COD_PREGUNTA,NUMERO_RESPUESTA) values ('18','NO',null,'6','2');
Insert into SALUDMP.VDIR_RESPUESTA (COD_RESPUESTA,DES_RESPUESTA,PUNTUACION,COD_PREGUNTA,NUMERO_RESPUESTA) values ('19','Exportaciones',null,'7','1');
Insert into SALUDMP.VDIR_RESPUESTA (COD_RESPUESTA,DES_RESPUESTA,PUNTUACION,COD_PREGUNTA,NUMERO_RESPUESTA) values ('21','Transferencias',null,'7','3');
Insert into SALUDMP.VDIR_RESPUESTA (COD_RESPUESTA,DES_RESPUESTA,PUNTUACION,COD_PREGUNTA,NUMERO_RESPUESTA) values ('20','Importaciones',null,'7','2');
Insert into SALUDMP.VDIR_RESPUESTA (COD_RESPUESTA,DES_RESPUESTA,PUNTUACION,COD_PREGUNTA,NUMERO_RESPUESTA) values ('22','Pago de servicios',null,'7','4');
Insert into SALUDMP.VDIR_RESPUESTA (COD_RESPUESTA,DES_RESPUESTA,PUNTUACION,COD_PREGUNTA,NUMERO_RESPUESTA) values ('23','Prestamos en moneda extranjera',null,'7','5');
Insert into SALUDMP.VDIR_RESPUESTA (COD_RESPUESTA,DES_RESPUESTA,PUNTUACION,COD_PREGUNTA,NUMERO_RESPUESTA) values ('24','Inversiones',null,'7','6');
Insert into SALUDMP.VDIR_RESPUESTA (COD_RESPUESTA,DES_RESPUESTA,PUNTUACION,COD_PREGUNTA,NUMERO_RESPUESTA) values ('25','<input class="form-control campo-vd col-lg-6 col-md-6 col-sm-6" type="text" name="valor_activo" id="valor_activo"  maxlength="17">',null,'4','1');
Insert into SALUDMP.VDIR_RESPUESTA (COD_RESPUESTA,DES_RESPUESTA,PUNTUACION,COD_PREGUNTA,NUMERO_RESPUESTA) values ('26','<input class="form-control campo-vd col-lg-6 col-md-6 col-sm-6" type="text" name="valor_pasivo" id="valor_pasivo"  maxlength="17" >',null,'5','1');
Insert into SALUDMP.VDIR_RESPUESTA (COD_RESPUESTA,DES_RESPUESTA,PUNTUACION,COD_PREGUNTA,NUMERO_RESPUESTA) values ('53','NO',null,'8','2');
Insert into SALUDMP.VDIR_RESPUESTA (COD_RESPUESTA,DES_RESPUESTA,PUNTUACION,COD_PREGUNTA,NUMERO_RESPUESTA) values ('54','Especificar',null,'8','3');
Insert into SALUDMP.VDIR_RESPUESTA (COD_RESPUESTA,DES_RESPUESTA,PUNTUACION,COD_PREGUNTA,NUMERO_RESPUESTA) values ('55','SI',null,'9','1');
Insert into SALUDMP.VDIR_RESPUESTA (COD_RESPUESTA,DES_RESPUESTA,PUNTUACION,COD_PREGUNTA,NUMERO_RESPUESTA) values ('56','NO',null,'9','2');
Insert into SALUDMP.VDIR_RESPUESTA (COD_RESPUESTA,DES_RESPUESTA,PUNTUACION,COD_PREGUNTA,NUMERO_RESPUESTA) values ('57','1',null,'10','1');
Insert into SALUDMP.VDIR_RESPUESTA (COD_RESPUESTA,DES_RESPUESTA,PUNTUACION,COD_PREGUNTA,NUMERO_RESPUESTA) values ('58','SI',null,'11','1');
Insert into SALUDMP.VDIR_RESPUESTA (COD_RESPUESTA,DES_RESPUESTA,PUNTUACION,COD_PREGUNTA,NUMERO_RESPUESTA) values ('59','NO',null,'11','2');
Insert into SALUDMP.VDIR_RESPUESTA (COD_RESPUESTA,DES_RESPUESTA,PUNTUACION,COD_PREGUNTA,NUMERO_RESPUESTA) values ('60','Especificar',null,'11','3');
Insert into SALUDMP.VDIR_RESPUESTA (COD_RESPUESTA,DES_RESPUESTA,PUNTUACION,COD_PREGUNTA,NUMERO_RESPUESTA) values ('61','SI',null,'12','1');
Insert into SALUDMP.VDIR_RESPUESTA (COD_RESPUESTA,DES_RESPUESTA,PUNTUACION,COD_PREGUNTA,NUMERO_RESPUESTA) values ('62','NO',null,'12','2');
Insert into SALUDMP.VDIR_RESPUESTA (COD_RESPUESTA,DES_RESPUESTA,PUNTUACION,COD_PREGUNTA,NUMERO_RESPUESTA) values ('63','Especificar',null,'12','3');
Insert into SALUDMP.VDIR_RESPUESTA (COD_RESPUESTA,DES_RESPUESTA,PUNTUACION,COD_PREGUNTA,NUMERO_RESPUESTA) values ('64','SI',null,'13','1');
Insert into SALUDMP.VDIR_RESPUESTA (COD_RESPUESTA,DES_RESPUESTA,PUNTUACION,COD_PREGUNTA,NUMERO_RESPUESTA) values ('65','NO',null,'13','2');
Insert into SALUDMP.VDIR_RESPUESTA (COD_RESPUESTA,DES_RESPUESTA,PUNTUACION,COD_PREGUNTA,NUMERO_RESPUESTA) values ('66','Especificar',null,'13','3');
Insert into SALUDMP.VDIR_RESPUESTA (COD_RESPUESTA,DES_RESPUESTA,PUNTUACION,COD_PREGUNTA,NUMERO_RESPUESTA) values ('67','SI',null,'14','1');
Insert into SALUDMP.VDIR_RESPUESTA (COD_RESPUESTA,DES_RESPUESTA,PUNTUACION,COD_PREGUNTA,NUMERO_RESPUESTA) values ('68','NO',null,'14','2');
Insert into SALUDMP.VDIR_RESPUESTA (COD_RESPUESTA,DES_RESPUESTA,PUNTUACION,COD_PREGUNTA,NUMERO_RESPUESTA) values ('69','Especificar',null,'14','3');
Insert into SALUDMP.VDIR_RESPUESTA (COD_RESPUESTA,DES_RESPUESTA,PUNTUACION,COD_PREGUNTA,NUMERO_RESPUESTA) values ('70','SI',null,'15','1');
Insert into SALUDMP.VDIR_RESPUESTA (COD_RESPUESTA,DES_RESPUESTA,PUNTUACION,COD_PREGUNTA,NUMERO_RESPUESTA) values ('71','NO',null,'15','2');
Insert into SALUDMP.VDIR_RESPUESTA (COD_RESPUESTA,DES_RESPUESTA,PUNTUACION,COD_PREGUNTA,NUMERO_RESPUESTA) values ('72','Especificar',null,'15','3');
Insert into SALUDMP.VDIR_RESPUESTA (COD_RESPUESTA,DES_RESPUESTA,PUNTUACION,COD_PREGUNTA,NUMERO_RESPUESTA) values ('73','SI',null,'16','1');
Insert into SALUDMP.VDIR_RESPUESTA (COD_RESPUESTA,DES_RESPUESTA,PUNTUACION,COD_PREGUNTA,NUMERO_RESPUESTA) values ('74','NO',null,'16','2');
Insert into SALUDMP.VDIR_RESPUESTA (COD_RESPUESTA,DES_RESPUESTA,PUNTUACION,COD_PREGUNTA,NUMERO_RESPUESTA) values ('75','Especificar',null,'16','3');
Insert into SALUDMP.VDIR_RESPUESTA (COD_RESPUESTA,DES_RESPUESTA,PUNTUACION,COD_PREGUNTA,NUMERO_RESPUESTA) values ('76','SI',null,'17','1');
Insert into SALUDMP.VDIR_RESPUESTA (COD_RESPUESTA,DES_RESPUESTA,PUNTUACION,COD_PREGUNTA,NUMERO_RESPUESTA) values ('77','NO',null,'17','2');
Insert into SALUDMP.VDIR_RESPUESTA (COD_RESPUESTA,DES_RESPUESTA,PUNTUACION,COD_PREGUNTA,NUMERO_RESPUESTA) values ('78','Especificar',null,'17','3');
Insert into SALUDMP.VDIR_RESPUESTA (COD_RESPUESTA,DES_RESPUESTA,PUNTUACION,COD_PREGUNTA,NUMERO_RESPUESTA) values ('79','SI',null,'18','1');
Insert into SALUDMP.VDIR_RESPUESTA (COD_RESPUESTA,DES_RESPUESTA,PUNTUACION,COD_PREGUNTA,NUMERO_RESPUESTA) values ('80','NO',null,'18','2');
Insert into SALUDMP.VDIR_RESPUESTA (COD_RESPUESTA,DES_RESPUESTA,PUNTUACION,COD_PREGUNTA,NUMERO_RESPUESTA) values ('81','Especificar',null,'18','3');
Insert into SALUDMP.VDIR_RESPUESTA (COD_RESPUESTA,DES_RESPUESTA,PUNTUACION,COD_PREGUNTA,NUMERO_RESPUESTA) values ('82','SI',null,'19','1');
Insert into SALUDMP.VDIR_RESPUESTA (COD_RESPUESTA,DES_RESPUESTA,PUNTUACION,COD_PREGUNTA,NUMERO_RESPUESTA) values ('83','NO',null,'19','2');
Insert into SALUDMP.VDIR_RESPUESTA (COD_RESPUESTA,DES_RESPUESTA,PUNTUACION,COD_PREGUNTA,NUMERO_RESPUESTA) values ('84','Especificar',null,'19','3');
Insert into SALUDMP.VDIR_RESPUESTA (COD_RESPUESTA,DES_RESPUESTA,PUNTUACION,COD_PREGUNTA,NUMERO_RESPUESTA) values ('85','SI',null,'20','1');
Insert into SALUDMP.VDIR_RESPUESTA (COD_RESPUESTA,DES_RESPUESTA,PUNTUACION,COD_PREGUNTA,NUMERO_RESPUESTA) values ('86','NO',null,'20','2');
Insert into SALUDMP.VDIR_RESPUESTA (COD_RESPUESTA,DES_RESPUESTA,PUNTUACION,COD_PREGUNTA,NUMERO_RESPUESTA) values ('87','Especificar',null,'20','3');
Insert into SALUDMP.VDIR_RESPUESTA (COD_RESPUESTA,DES_RESPUESTA,PUNTUACION,COD_PREGUNTA,NUMERO_RESPUESTA) values ('88','SI',null,'21','1');
Insert into SALUDMP.VDIR_RESPUESTA (COD_RESPUESTA,DES_RESPUESTA,PUNTUACION,COD_PREGUNTA,NUMERO_RESPUESTA) values ('89','NO',null,'21','2');
Insert into SALUDMP.VDIR_RESPUESTA (COD_RESPUESTA,DES_RESPUESTA,PUNTUACION,COD_PREGUNTA,NUMERO_RESPUESTA) values ('90','Especificar',null,'21','3');
Insert into SALUDMP.VDIR_RESPUESTA (COD_RESPUESTA,DES_RESPUESTA,PUNTUACION,COD_PREGUNTA,NUMERO_RESPUESTA) values ('91','SI',null,'22','1');
Insert into SALUDMP.VDIR_RESPUESTA (COD_RESPUESTA,DES_RESPUESTA,PUNTUACION,COD_PREGUNTA,NUMERO_RESPUESTA) values ('92','NO',null,'22','2');
Insert into SALUDMP.VDIR_RESPUESTA (COD_RESPUESTA,DES_RESPUESTA,PUNTUACION,COD_PREGUNTA,NUMERO_RESPUESTA) values ('93','Especificar',null,'22','3');
Insert into SALUDMP.VDIR_RESPUESTA (COD_RESPUESTA,DES_RESPUESTA,PUNTUACION,COD_PREGUNTA,NUMERO_RESPUESTA) values ('94','SI',null,'23','1');
Insert into SALUDMP.VDIR_RESPUESTA (COD_RESPUESTA,DES_RESPUESTA,PUNTUACION,COD_PREGUNTA,NUMERO_RESPUESTA) values ('95','NO',null,'23','2');
Insert into SALUDMP.VDIR_RESPUESTA (COD_RESPUESTA,DES_RESPUESTA,PUNTUACION,COD_PREGUNTA,NUMERO_RESPUESTA) values ('96','Especificar',null,'23','3');
Insert into SALUDMP.VDIR_RESPUESTA (COD_RESPUESTA,DES_RESPUESTA,PUNTUACION,COD_PREGUNTA,NUMERO_RESPUESTA) values ('97','SI',null,'24','1');
Insert into SALUDMP.VDIR_RESPUESTA (COD_RESPUESTA,DES_RESPUESTA,PUNTUACION,COD_PREGUNTA,NUMERO_RESPUESTA) values ('98','NO',null,'24','2');
Insert into SALUDMP.VDIR_RESPUESTA (COD_RESPUESTA,DES_RESPUESTA,PUNTUACION,COD_PREGUNTA,NUMERO_RESPUESTA) values ('99','Especificar',null,'24','3');
Insert into SALUDMP.VDIR_RESPUESTA (COD_RESPUESTA,DES_RESPUESTA,PUNTUACION,COD_PREGUNTA,NUMERO_RESPUESTA) values ('100','SI',null,'25','1');
Insert into SALUDMP.VDIR_RESPUESTA (COD_RESPUESTA,DES_RESPUESTA,PUNTUACION,COD_PREGUNTA,NUMERO_RESPUESTA) values ('101','NO',null,'25','2');
Insert into SALUDMP.VDIR_RESPUESTA (COD_RESPUESTA,DES_RESPUESTA,PUNTUACION,COD_PREGUNTA,NUMERO_RESPUESTA) values ('102','Especificar',null,'25','3');
Insert into SALUDMP.VDIR_RESPUESTA (COD_RESPUESTA,DES_RESPUESTA,PUNTUACION,COD_PREGUNTA,NUMERO_RESPUESTA) values ('103','SI',null,'26','1');
Insert into SALUDMP.VDIR_RESPUESTA (COD_RESPUESTA,DES_RESPUESTA,PUNTUACION,COD_PREGUNTA,NUMERO_RESPUESTA) values ('104','NO',null,'26','2');
Insert into SALUDMP.VDIR_RESPUESTA (COD_RESPUESTA,DES_RESPUESTA,PUNTUACION,COD_PREGUNTA,NUMERO_RESPUESTA) values ('105','Especificar',null,'26','3');
Insert into SALUDMP.VDIR_RESPUESTA (COD_RESPUESTA,DES_RESPUESTA,PUNTUACION,COD_PREGUNTA,NUMERO_RESPUESTA) values ('106','SI',null,'27','1');
Insert into SALUDMP.VDIR_RESPUESTA (COD_RESPUESTA,DES_RESPUESTA,PUNTUACION,COD_PREGUNTA,NUMERO_RESPUESTA) values ('107','NO',null,'27','2');
Insert into SALUDMP.VDIR_RESPUESTA (COD_RESPUESTA,DES_RESPUESTA,PUNTUACION,COD_PREGUNTA,NUMERO_RESPUESTA) values ('108','Especificar',null,'27','3');
Insert into SALUDMP.VDIR_RESPUESTA (COD_RESPUESTA,DES_RESPUESTA,PUNTUACION,COD_PREGUNTA,NUMERO_RESPUESTA) values ('109','SI',null,'28','1');
Insert into SALUDMP.VDIR_RESPUESTA (COD_RESPUESTA,DES_RESPUESTA,PUNTUACION,COD_PREGUNTA,NUMERO_RESPUESTA) values ('110','NO',null,'28','2');
Insert into SALUDMP.VDIR_RESPUESTA (COD_RESPUESTA,DES_RESPUESTA,PUNTUACION,COD_PREGUNTA,NUMERO_RESPUESTA) values ('111','Especificar',null,'28','3');
Insert into SALUDMP.VDIR_RESPUESTA (COD_RESPUESTA,DES_RESPUESTA,PUNTUACION,COD_PREGUNTA,NUMERO_RESPUESTA) values ('112','SI',null,'29','1');
Insert into SALUDMP.VDIR_RESPUESTA (COD_RESPUESTA,DES_RESPUESTA,PUNTUACION,COD_PREGUNTA,NUMERO_RESPUESTA) values ('113','NO',null,'29','2');
Insert into SALUDMP.VDIR_RESPUESTA (COD_RESPUESTA,DES_RESPUESTA,PUNTUACION,COD_PREGUNTA,NUMERO_RESPUESTA) values ('114','Especificar',null,'29','3');
Insert into SALUDMP.VDIR_RESPUESTA (COD_RESPUESTA,DES_RESPUESTA,PUNTUACION,COD_PREGUNTA,NUMERO_RESPUESTA) values ('115','SI',null,'30','1');
Insert into SALUDMP.VDIR_RESPUESTA (COD_RESPUESTA,DES_RESPUESTA,PUNTUACION,COD_PREGUNTA,NUMERO_RESPUESTA) values ('116','NO',null,'30','2');
Insert into SALUDMP.VDIR_RESPUESTA (COD_RESPUESTA,DES_RESPUESTA,PUNTUACION,COD_PREGUNTA,NUMERO_RESPUESTA) values ('117','Especificar',null,'30','3');
Insert into SALUDMP.VDIR_RESPUESTA (COD_RESPUESTA,DES_RESPUESTA,PUNTUACION,COD_PREGUNTA,NUMERO_RESPUESTA) values ('118','input',null,'31','1');
Insert into SALUDMP.VDIR_RESPUESTA (COD_RESPUESTA,DES_RESPUESTA,PUNTUACION,COD_PREGUNTA,NUMERO_RESPUESTA) values ('119','input',null,'32','1');
Insert into SALUDMP.VDIR_RESPUESTA (COD_RESPUESTA,DES_RESPUESTA,PUNTUACION,COD_PREGUNTA,NUMERO_RESPUESTA) values ('120','SI',null,'33','1');
Insert into SALUDMP.VDIR_RESPUESTA (COD_RESPUESTA,DES_RESPUESTA,PUNTUACION,COD_PREGUNTA,NUMERO_RESPUESTA) values ('121','NO',null,'33','2');
Insert into SALUDMP.VDIR_RESPUESTA (COD_RESPUESTA,DES_RESPUESTA,PUNTUACION,COD_PREGUNTA,NUMERO_RESPUESTA) values ('122','Especificar',null,'33','3');
Insert into SALUDMP.VDIR_RESPUESTA (COD_RESPUESTA,DES_RESPUESTA,PUNTUACION,COD_PREGUNTA,NUMERO_RESPUESTA) values ('123','2',null,'10','2');
Insert into SALUDMP.VDIR_RESPUESTA (COD_RESPUESTA,DES_RESPUESTA,PUNTUACION,COD_PREGUNTA,NUMERO_RESPUESTA) values ('124','3',null,'10','3');
Insert into SALUDMP.VDIR_RESPUESTA (COD_RESPUESTA,DES_RESPUESTA,PUNTUACION,COD_PREGUNTA,NUMERO_RESPUESTA) values ('125','4',null,'10','4');
Insert into SALUDMP.VDIR_RESPUESTA (COD_RESPUESTA,DES_RESPUESTA,PUNTUACION,COD_PREGUNTA,NUMERO_RESPUESTA) values ('126','5',null,'10','5');
Insert into SALUDMP.VDIR_RESPUESTA (COD_RESPUESTA,DES_RESPUESTA,PUNTUACION,COD_PREGUNTA,NUMERO_RESPUESTA) values ('127','6',null,'10','6');
Insert into SALUDMP.VDIR_RESPUESTA (COD_RESPUESTA,DES_RESPUESTA,PUNTUACION,COD_PREGUNTA,NUMERO_RESPUESTA) values ('128','7',null,'10','7');
Insert into SALUDMP.VDIR_RESPUESTA (COD_RESPUESTA,DES_RESPUESTA,PUNTUACION,COD_PREGUNTA,NUMERO_RESPUESTA) values ('129','8',null,'10','8');
Insert into SALUDMP.VDIR_RESPUESTA (COD_RESPUESTA,DES_RESPUESTA,PUNTUACION,COD_PREGUNTA,NUMERO_RESPUESTA) values ('130','9',null,'10','9');
REM INSERTING into SALUDMP.VDIR_RESPUESTAS_MARCADAS
SET DEFINE OFF;
Insert into SALUDMP.VDIR_RESPUESTAS_MARCADAS (COD_RESPUESTAS_MARCADAS,COD_ENCUESTA_PERSONA,COD_RESPUESTA,VALOR_RESPUESTA,COD_PREGUNTA) values ('435','143','1','1','1');
Insert into SALUDMP.VDIR_RESPUESTAS_MARCADAS (COD_RESPUESTAS_MARCADAS,COD_ENCUESTA_PERSONA,COD_RESPUESTA,VALOR_RESPUESTA,COD_PREGUNTA) values ('436','143','5','5','2');
Insert into SALUDMP.VDIR_RESPUESTAS_MARCADAS (COD_RESPUESTAS_MARCADAS,COD_ENCUESTA_PERSONA,COD_RESPUESTA,VALOR_RESPUESTA,COD_PREGUNTA) values ('437','143','11','11','3');
Insert into SALUDMP.VDIR_RESPUESTAS_MARCADAS (COD_RESPUESTAS_MARCADAS,COD_ENCUESTA_PERSONA,COD_RESPUESTA,VALOR_RESPUESTA,COD_PREGUNTA) values ('438','143','25','0','4');
Insert into SALUDMP.VDIR_RESPUESTAS_MARCADAS (COD_RESPUESTAS_MARCADAS,COD_ENCUESTA_PERSONA,COD_RESPUESTA,VALOR_RESPUESTA,COD_PREGUNTA) values ('439','143','26','0','5');
Insert into SALUDMP.VDIR_RESPUESTAS_MARCADAS (COD_RESPUESTAS_MARCADAS,COD_ENCUESTA_PERSONA,COD_RESPUESTA,VALOR_RESPUESTA,COD_PREGUNTA) values ('440','143','18','18','6');
Insert into SALUDMP.VDIR_RESPUESTAS_MARCADAS (COD_RESPUESTAS_MARCADAS,COD_ENCUESTA_PERSONA,COD_RESPUESTA,VALOR_RESPUESTA,COD_PREGUNTA) values ('441','143','29','29','34');
Insert into SALUDMP.VDIR_RESPUESTAS_MARCADAS (COD_RESPUESTAS_MARCADAS,COD_ENCUESTA_PERSONA,COD_RESPUESTA,VALOR_RESPUESTA,COD_PREGUNTA) values ('442','143','35','35','35');
Insert into SALUDMP.VDIR_RESPUESTAS_MARCADAS (COD_RESPUESTAS_MARCADAS,COD_ENCUESTA_PERSONA,COD_RESPUESTA,VALOR_RESPUESTA,COD_PREGUNTA) values ('443','143','40','40','36');
Insert into SALUDMP.VDIR_RESPUESTAS_MARCADAS (COD_RESPUESTAS_MARCADAS,COD_ENCUESTA_PERSONA,COD_RESPUESTA,VALOR_RESPUESTA,COD_PREGUNTA) values ('444','143','45','45','37');
Insert into SALUDMP.VDIR_RESPUESTAS_MARCADAS (COD_RESPUESTAS_MARCADAS,COD_ENCUESTA_PERSONA,COD_RESPUESTA,VALOR_RESPUESTA,COD_PREGUNTA) values ('445','143','51','No aplica','38');
Insert into SALUDMP.VDIR_RESPUESTAS_MARCADAS (COD_RESPUESTAS_MARCADAS,COD_ENCUESTA_PERSONA,COD_RESPUESTA,VALOR_RESPUESTA,COD_PREGUNTA) values ('672','202','59','59','11');
Insert into SALUDMP.VDIR_RESPUESTAS_MARCADAS (COD_RESPUESTAS_MARCADAS,COD_ENCUESTA_PERSONA,COD_RESPUESTA,VALOR_RESPUESTA,COD_PREGUNTA) values ('673','202','62','62','12');
Insert into SALUDMP.VDIR_RESPUESTAS_MARCADAS (COD_RESPUESTAS_MARCADAS,COD_ENCUESTA_PERSONA,COD_RESPUESTA,VALOR_RESPUESTA,COD_PREGUNTA) values ('674','202','65','65','13');
Insert into SALUDMP.VDIR_RESPUESTAS_MARCADAS (COD_RESPUESTAS_MARCADAS,COD_ENCUESTA_PERSONA,COD_RESPUESTA,VALOR_RESPUESTA,COD_PREGUNTA) values ('675','202','68','68','14');
Insert into SALUDMP.VDIR_RESPUESTAS_MARCADAS (COD_RESPUESTAS_MARCADAS,COD_ENCUESTA_PERSONA,COD_RESPUESTA,VALOR_RESPUESTA,COD_PREGUNTA) values ('676','202','71','71','15');
Insert into SALUDMP.VDIR_RESPUESTAS_MARCADAS (COD_RESPUESTAS_MARCADAS,COD_ENCUESTA_PERSONA,COD_RESPUESTA,VALOR_RESPUESTA,COD_PREGUNTA) values ('677','202','74','74','16');
Insert into SALUDMP.VDIR_RESPUESTAS_MARCADAS (COD_RESPUESTAS_MARCADAS,COD_ENCUESTA_PERSONA,COD_RESPUESTA,VALOR_RESPUESTA,COD_PREGUNTA) values ('678','202','77','77','17');
Insert into SALUDMP.VDIR_RESPUESTAS_MARCADAS (COD_RESPUESTAS_MARCADAS,COD_ENCUESTA_PERSONA,COD_RESPUESTA,VALOR_RESPUESTA,COD_PREGUNTA) values ('679','202','80','80','18');
Insert into SALUDMP.VDIR_RESPUESTAS_MARCADAS (COD_RESPUESTAS_MARCADAS,COD_ENCUESTA_PERSONA,COD_RESPUESTA,VALOR_RESPUESTA,COD_PREGUNTA) values ('680','202','83','83','19');
Insert into SALUDMP.VDIR_RESPUESTAS_MARCADAS (COD_RESPUESTAS_MARCADAS,COD_ENCUESTA_PERSONA,COD_RESPUESTA,VALOR_RESPUESTA,COD_PREGUNTA) values ('681','202','86','86','20');
Insert into SALUDMP.VDIR_RESPUESTAS_MARCADAS (COD_RESPUESTAS_MARCADAS,COD_ENCUESTA_PERSONA,COD_RESPUESTA,VALOR_RESPUESTA,COD_PREGUNTA) values ('682','202','89','89','21');
Insert into SALUDMP.VDIR_RESPUESTAS_MARCADAS (COD_RESPUESTAS_MARCADAS,COD_ENCUESTA_PERSONA,COD_RESPUESTA,VALOR_RESPUESTA,COD_PREGUNTA) values ('683','202','92','92','22');
Insert into SALUDMP.VDIR_RESPUESTAS_MARCADAS (COD_RESPUESTAS_MARCADAS,COD_ENCUESTA_PERSONA,COD_RESPUESTA,VALOR_RESPUESTA,COD_PREGUNTA) values ('684','202','95','95','23');
Insert into SALUDMP.VDIR_RESPUESTAS_MARCADAS (COD_RESPUESTAS_MARCADAS,COD_ENCUESTA_PERSONA,COD_RESPUESTA,VALOR_RESPUESTA,COD_PREGUNTA) values ('685','202','98','98','24');
Insert into SALUDMP.VDIR_RESPUESTAS_MARCADAS (COD_RESPUESTAS_MARCADAS,COD_ENCUESTA_PERSONA,COD_RESPUESTA,VALOR_RESPUESTA,COD_PREGUNTA) values ('686','202','101','101','25');
Insert into SALUDMP.VDIR_RESPUESTAS_MARCADAS (COD_RESPUESTAS_MARCADAS,COD_ENCUESTA_PERSONA,COD_RESPUESTA,VALOR_RESPUESTA,COD_PREGUNTA) values ('687','202','104','104','26');
Insert into SALUDMP.VDIR_RESPUESTAS_MARCADAS (COD_RESPUESTAS_MARCADAS,COD_ENCUESTA_PERSONA,COD_RESPUESTA,VALOR_RESPUESTA,COD_PREGUNTA) values ('688','202','107','107','27');
Insert into SALUDMP.VDIR_RESPUESTAS_MARCADAS (COD_RESPUESTAS_MARCADAS,COD_ENCUESTA_PERSONA,COD_RESPUESTA,VALOR_RESPUESTA,COD_PREGUNTA) values ('689','202','110','110','28');
Insert into SALUDMP.VDIR_RESPUESTAS_MARCADAS (COD_RESPUESTAS_MARCADAS,COD_ENCUESTA_PERSONA,COD_RESPUESTA,VALOR_RESPUESTA,COD_PREGUNTA) values ('690','202','118','165','31');
Insert into SALUDMP.VDIR_RESPUESTAS_MARCADAS (COD_RESPUESTAS_MARCADAS,COD_ENCUESTA_PERSONA,COD_RESPUESTA,VALOR_RESPUESTA,COD_PREGUNTA) values ('691','202','119','56','32');
Insert into SALUDMP.VDIR_RESPUESTAS_MARCADAS (COD_RESPUESTAS_MARCADAS,COD_ENCUESTA_PERSONA,COD_RESPUESTA,VALOR_RESPUESTA,COD_PREGUNTA) values ('692','202','121','121','33');
Insert into SALUDMP.VDIR_RESPUESTAS_MARCADAS (COD_RESPUESTAS_MARCADAS,COD_ENCUESTA_PERSONA,COD_RESPUESTA,VALOR_RESPUESTA,COD_PREGUNTA) values ('401','141','1','1','1');
Insert into SALUDMP.VDIR_RESPUESTAS_MARCADAS (COD_RESPUESTAS_MARCADAS,COD_ENCUESTA_PERSONA,COD_RESPUESTA,VALOR_RESPUESTA,COD_PREGUNTA) values ('402','141','5','5','2');
Insert into SALUDMP.VDIR_RESPUESTAS_MARCADAS (COD_RESPUESTAS_MARCADAS,COD_ENCUESTA_PERSONA,COD_RESPUESTA,VALOR_RESPUESTA,COD_PREGUNTA) values ('403','141','11','11','3');
Insert into SALUDMP.VDIR_RESPUESTAS_MARCADAS (COD_RESPUESTAS_MARCADAS,COD_ENCUESTA_PERSONA,COD_RESPUESTA,VALOR_RESPUESTA,COD_PREGUNTA) values ('404','141','25','454','4');
Insert into SALUDMP.VDIR_RESPUESTAS_MARCADAS (COD_RESPUESTAS_MARCADAS,COD_ENCUESTA_PERSONA,COD_RESPUESTA,VALOR_RESPUESTA,COD_PREGUNTA) values ('405','141','26','4545','5');
Insert into SALUDMP.VDIR_RESPUESTAS_MARCADAS (COD_RESPUESTAS_MARCADAS,COD_ENCUESTA_PERSONA,COD_RESPUESTA,VALOR_RESPUESTA,COD_PREGUNTA) values ('406','141','18','18','6');
Insert into SALUDMP.VDIR_RESPUESTAS_MARCADAS (COD_RESPUESTAS_MARCADAS,COD_ENCUESTA_PERSONA,COD_RESPUESTA,VALOR_RESPUESTA,COD_PREGUNTA) values ('407','141','29','29','34');
Insert into SALUDMP.VDIR_RESPUESTAS_MARCADAS (COD_RESPUESTAS_MARCADAS,COD_ENCUESTA_PERSONA,COD_RESPUESTA,VALOR_RESPUESTA,COD_PREGUNTA) values ('408','141','35','35','35');
Insert into SALUDMP.VDIR_RESPUESTAS_MARCADAS (COD_RESPUESTAS_MARCADAS,COD_ENCUESTA_PERSONA,COD_RESPUESTA,VALOR_RESPUESTA,COD_PREGUNTA) values ('409','141','40','40','36');
Insert into SALUDMP.VDIR_RESPUESTAS_MARCADAS (COD_RESPUESTAS_MARCADAS,COD_ENCUESTA_PERSONA,COD_RESPUESTA,VALOR_RESPUESTA,COD_PREGUNTA) values ('410','141','45','45','37');
Insert into SALUDMP.VDIR_RESPUESTAS_MARCADAS (COD_RESPUESTAS_MARCADAS,COD_ENCUESTA_PERSONA,COD_RESPUESTA,VALOR_RESPUESTA,COD_PREGUNTA) values ('411','141','51','65566','38');
Insert into SALUDMP.VDIR_RESPUESTAS_MARCADAS (COD_RESPUESTAS_MARCADAS,COD_ENCUESTA_PERSONA,COD_RESPUESTA,VALOR_RESPUESTA,COD_PREGUNTA) values ('501','161','59','59','11');
Insert into SALUDMP.VDIR_RESPUESTAS_MARCADAS (COD_RESPUESTAS_MARCADAS,COD_ENCUESTA_PERSONA,COD_RESPUESTA,VALOR_RESPUESTA,COD_PREGUNTA) values ('502','161','62','62','12');
Insert into SALUDMP.VDIR_RESPUESTAS_MARCADAS (COD_RESPUESTAS_MARCADAS,COD_ENCUESTA_PERSONA,COD_RESPUESTA,VALOR_RESPUESTA,COD_PREGUNTA) values ('503','161','65','65','13');
Insert into SALUDMP.VDIR_RESPUESTAS_MARCADAS (COD_RESPUESTAS_MARCADAS,COD_ENCUESTA_PERSONA,COD_RESPUESTA,VALOR_RESPUESTA,COD_PREGUNTA) values ('504','161','68','68','14');
Insert into SALUDMP.VDIR_RESPUESTAS_MARCADAS (COD_RESPUESTAS_MARCADAS,COD_ENCUESTA_PERSONA,COD_RESPUESTA,VALOR_RESPUESTA,COD_PREGUNTA) values ('505','161','71','71','15');
Insert into SALUDMP.VDIR_RESPUESTAS_MARCADAS (COD_RESPUESTAS_MARCADAS,COD_ENCUESTA_PERSONA,COD_RESPUESTA,VALOR_RESPUESTA,COD_PREGUNTA) values ('506','161','74','74','16');
Insert into SALUDMP.VDIR_RESPUESTAS_MARCADAS (COD_RESPUESTAS_MARCADAS,COD_ENCUESTA_PERSONA,COD_RESPUESTA,VALOR_RESPUESTA,COD_PREGUNTA) values ('507','161','77','77','17');
Insert into SALUDMP.VDIR_RESPUESTAS_MARCADAS (COD_RESPUESTAS_MARCADAS,COD_ENCUESTA_PERSONA,COD_RESPUESTA,VALOR_RESPUESTA,COD_PREGUNTA) values ('508','161','80','80','18');
Insert into SALUDMP.VDIR_RESPUESTAS_MARCADAS (COD_RESPUESTAS_MARCADAS,COD_ENCUESTA_PERSONA,COD_RESPUESTA,VALOR_RESPUESTA,COD_PREGUNTA) values ('509','161','83','83','19');
Insert into SALUDMP.VDIR_RESPUESTAS_MARCADAS (COD_RESPUESTAS_MARCADAS,COD_ENCUESTA_PERSONA,COD_RESPUESTA,VALOR_RESPUESTA,COD_PREGUNTA) values ('510','161','86','86','20');
Insert into SALUDMP.VDIR_RESPUESTAS_MARCADAS (COD_RESPUESTAS_MARCADAS,COD_ENCUESTA_PERSONA,COD_RESPUESTA,VALOR_RESPUESTA,COD_PREGUNTA) values ('511','161','89','89','21');
Insert into SALUDMP.VDIR_RESPUESTAS_MARCADAS (COD_RESPUESTAS_MARCADAS,COD_ENCUESTA_PERSONA,COD_RESPUESTA,VALOR_RESPUESTA,COD_PREGUNTA) values ('512','161','92','92','22');
Insert into SALUDMP.VDIR_RESPUESTAS_MARCADAS (COD_RESPUESTAS_MARCADAS,COD_ENCUESTA_PERSONA,COD_RESPUESTA,VALOR_RESPUESTA,COD_PREGUNTA) values ('478','146','59','59','11');
Insert into SALUDMP.VDIR_RESPUESTAS_MARCADAS (COD_RESPUESTAS_MARCADAS,COD_ENCUESTA_PERSONA,COD_RESPUESTA,VALOR_RESPUESTA,COD_PREGUNTA) values ('479','146','62','62','12');
Insert into SALUDMP.VDIR_RESPUESTAS_MARCADAS (COD_RESPUESTAS_MARCADAS,COD_ENCUESTA_PERSONA,COD_RESPUESTA,VALOR_RESPUESTA,COD_PREGUNTA) values ('480','146','65','65','13');
Insert into SALUDMP.VDIR_RESPUESTAS_MARCADAS (COD_RESPUESTAS_MARCADAS,COD_ENCUESTA_PERSONA,COD_RESPUESTA,VALOR_RESPUESTA,COD_PREGUNTA) values ('481','146','68','68','14');
Insert into SALUDMP.VDIR_RESPUESTAS_MARCADAS (COD_RESPUESTAS_MARCADAS,COD_ENCUESTA_PERSONA,COD_RESPUESTA,VALOR_RESPUESTA,COD_PREGUNTA) values ('482','146','71','71','15');
Insert into SALUDMP.VDIR_RESPUESTAS_MARCADAS (COD_RESPUESTAS_MARCADAS,COD_ENCUESTA_PERSONA,COD_RESPUESTA,VALOR_RESPUESTA,COD_PREGUNTA) values ('483','146','74','74','16');
Insert into SALUDMP.VDIR_RESPUESTAS_MARCADAS (COD_RESPUESTAS_MARCADAS,COD_ENCUESTA_PERSONA,COD_RESPUESTA,VALOR_RESPUESTA,COD_PREGUNTA) values ('484','146','77','77','17');
Insert into SALUDMP.VDIR_RESPUESTAS_MARCADAS (COD_RESPUESTAS_MARCADAS,COD_ENCUESTA_PERSONA,COD_RESPUESTA,VALOR_RESPUESTA,COD_PREGUNTA) values ('485','146','80','80','18');
Insert into SALUDMP.VDIR_RESPUESTAS_MARCADAS (COD_RESPUESTAS_MARCADAS,COD_ENCUESTA_PERSONA,COD_RESPUESTA,VALOR_RESPUESTA,COD_PREGUNTA) values ('486','146','83','83','19');
Insert into SALUDMP.VDIR_RESPUESTAS_MARCADAS (COD_RESPUESTAS_MARCADAS,COD_ENCUESTA_PERSONA,COD_RESPUESTA,VALOR_RESPUESTA,COD_PREGUNTA) values ('487','146','86','86','20');
Insert into SALUDMP.VDIR_RESPUESTAS_MARCADAS (COD_RESPUESTAS_MARCADAS,COD_ENCUESTA_PERSONA,COD_RESPUESTA,VALOR_RESPUESTA,COD_PREGUNTA) values ('488','146','89','89','21');
Insert into SALUDMP.VDIR_RESPUESTAS_MARCADAS (COD_RESPUESTAS_MARCADAS,COD_ENCUESTA_PERSONA,COD_RESPUESTA,VALOR_RESPUESTA,COD_PREGUNTA) values ('489','146','92','92','22');
Insert into SALUDMP.VDIR_RESPUESTAS_MARCADAS (COD_RESPUESTAS_MARCADAS,COD_ENCUESTA_PERSONA,COD_RESPUESTA,VALOR_RESPUESTA,COD_PREGUNTA) values ('490','146','95','95','23');
Insert into SALUDMP.VDIR_RESPUESTAS_MARCADAS (COD_RESPUESTAS_MARCADAS,COD_ENCUESTA_PERSONA,COD_RESPUESTA,VALOR_RESPUESTA,COD_PREGUNTA) values ('491','146','98','98','24');
Insert into SALUDMP.VDIR_RESPUESTAS_MARCADAS (COD_RESPUESTAS_MARCADAS,COD_ENCUESTA_PERSONA,COD_RESPUESTA,VALOR_RESPUESTA,COD_PREGUNTA) values ('492','146','101','101','25');
Insert into SALUDMP.VDIR_RESPUESTAS_MARCADAS (COD_RESPUESTAS_MARCADAS,COD_ENCUESTA_PERSONA,COD_RESPUESTA,VALOR_RESPUESTA,COD_PREGUNTA) values ('493','146','104','104','26');
Insert into SALUDMP.VDIR_RESPUESTAS_MARCADAS (COD_RESPUESTAS_MARCADAS,COD_ENCUESTA_PERSONA,COD_RESPUESTA,VALOR_RESPUESTA,COD_PREGUNTA) values ('494','146','107','107','27');
Insert into SALUDMP.VDIR_RESPUESTAS_MARCADAS (COD_RESPUESTAS_MARCADAS,COD_ENCUESTA_PERSONA,COD_RESPUESTA,VALOR_RESPUESTA,COD_PREGUNTA) values ('495','146','110','110','28');
Insert into SALUDMP.VDIR_RESPUESTAS_MARCADAS (COD_RESPUESTAS_MARCADAS,COD_ENCUESTA_PERSONA,COD_RESPUESTA,VALOR_RESPUESTA,COD_PREGUNTA) values ('496','146','118','50','31');
Insert into SALUDMP.VDIR_RESPUESTAS_MARCADAS (COD_RESPUESTAS_MARCADAS,COD_ENCUESTA_PERSONA,COD_RESPUESTA,VALOR_RESPUESTA,COD_PREGUNTA) values ('497','146','119','75','32');
Insert into SALUDMP.VDIR_RESPUESTAS_MARCADAS (COD_RESPUESTAS_MARCADAS,COD_ENCUESTA_PERSONA,COD_RESPUESTA,VALOR_RESPUESTA,COD_PREGUNTA) values ('498','146','121','121','33');
Insert into SALUDMP.VDIR_RESPUESTAS_MARCADAS (COD_RESPUESTAS_MARCADAS,COD_ENCUESTA_PERSONA,COD_RESPUESTA,VALOR_RESPUESTA,COD_PREGUNTA) values ('513','161','95','95','23');
Insert into SALUDMP.VDIR_RESPUESTAS_MARCADAS (COD_RESPUESTAS_MARCADAS,COD_ENCUESTA_PERSONA,COD_RESPUESTA,VALOR_RESPUESTA,COD_PREGUNTA) values ('514','161','98','98','24');
Insert into SALUDMP.VDIR_RESPUESTAS_MARCADAS (COD_RESPUESTAS_MARCADAS,COD_ENCUESTA_PERSONA,COD_RESPUESTA,VALOR_RESPUESTA,COD_PREGUNTA) values ('515','161','101','101','25');
Insert into SALUDMP.VDIR_RESPUESTAS_MARCADAS (COD_RESPUESTAS_MARCADAS,COD_ENCUESTA_PERSONA,COD_RESPUESTA,VALOR_RESPUESTA,COD_PREGUNTA) values ('516','161','104','104','26');
Insert into SALUDMP.VDIR_RESPUESTAS_MARCADAS (COD_RESPUESTAS_MARCADAS,COD_ENCUESTA_PERSONA,COD_RESPUESTA,VALOR_RESPUESTA,COD_PREGUNTA) values ('517','161','107','107','27');
Insert into SALUDMP.VDIR_RESPUESTAS_MARCADAS (COD_RESPUESTAS_MARCADAS,COD_ENCUESTA_PERSONA,COD_RESPUESTA,VALOR_RESPUESTA,COD_PREGUNTA) values ('518','161','110','110','28');
Insert into SALUDMP.VDIR_RESPUESTAS_MARCADAS (COD_RESPUESTAS_MARCADAS,COD_ENCUESTA_PERSONA,COD_RESPUESTA,VALOR_RESPUESTA,COD_PREGUNTA) values ('519','161','118','158','31');
Insert into SALUDMP.VDIR_RESPUESTAS_MARCADAS (COD_RESPUESTAS_MARCADAS,COD_ENCUESTA_PERSONA,COD_RESPUESTA,VALOR_RESPUESTA,COD_PREGUNTA) values ('520','161','119','65','32');
Insert into SALUDMP.VDIR_RESPUESTAS_MARCADAS (COD_RESPUESTAS_MARCADAS,COD_ENCUESTA_PERSONA,COD_RESPUESTA,VALOR_RESPUESTA,COD_PREGUNTA) values ('521','161','121','121','33');
Insert into SALUDMP.VDIR_RESPUESTAS_MARCADAS (COD_RESPUESTAS_MARCADAS,COD_ENCUESTA_PERSONA,COD_RESPUESTA,VALOR_RESPUESTA,COD_PREGUNTA) values ('522','162','59','59','11');
Insert into SALUDMP.VDIR_RESPUESTAS_MARCADAS (COD_RESPUESTAS_MARCADAS,COD_ENCUESTA_PERSONA,COD_RESPUESTA,VALOR_RESPUESTA,COD_PREGUNTA) values ('523','162','62','62','12');
Insert into SALUDMP.VDIR_RESPUESTAS_MARCADAS (COD_RESPUESTAS_MARCADAS,COD_ENCUESTA_PERSONA,COD_RESPUESTA,VALOR_RESPUESTA,COD_PREGUNTA) values ('524','162','65','65','13');
Insert into SALUDMP.VDIR_RESPUESTAS_MARCADAS (COD_RESPUESTAS_MARCADAS,COD_ENCUESTA_PERSONA,COD_RESPUESTA,VALOR_RESPUESTA,COD_PREGUNTA) values ('525','162','68','68','14');
Insert into SALUDMP.VDIR_RESPUESTAS_MARCADAS (COD_RESPUESTAS_MARCADAS,COD_ENCUESTA_PERSONA,COD_RESPUESTA,VALOR_RESPUESTA,COD_PREGUNTA) values ('526','162','71','71','15');
Insert into SALUDMP.VDIR_RESPUESTAS_MARCADAS (COD_RESPUESTAS_MARCADAS,COD_ENCUESTA_PERSONA,COD_RESPUESTA,VALOR_RESPUESTA,COD_PREGUNTA) values ('527','162','74','74','16');
Insert into SALUDMP.VDIR_RESPUESTAS_MARCADAS (COD_RESPUESTAS_MARCADAS,COD_ENCUESTA_PERSONA,COD_RESPUESTA,VALOR_RESPUESTA,COD_PREGUNTA) values ('528','162','77','77','17');
Insert into SALUDMP.VDIR_RESPUESTAS_MARCADAS (COD_RESPUESTAS_MARCADAS,COD_ENCUESTA_PERSONA,COD_RESPUESTA,VALOR_RESPUESTA,COD_PREGUNTA) values ('529','162','80','80','18');
Insert into SALUDMP.VDIR_RESPUESTAS_MARCADAS (COD_RESPUESTAS_MARCADAS,COD_ENCUESTA_PERSONA,COD_RESPUESTA,VALOR_RESPUESTA,COD_PREGUNTA) values ('530','162','83','83','19');
Insert into SALUDMP.VDIR_RESPUESTAS_MARCADAS (COD_RESPUESTAS_MARCADAS,COD_ENCUESTA_PERSONA,COD_RESPUESTA,VALOR_RESPUESTA,COD_PREGUNTA) values ('531','162','86','86','20');
Insert into SALUDMP.VDIR_RESPUESTAS_MARCADAS (COD_RESPUESTAS_MARCADAS,COD_ENCUESTA_PERSONA,COD_RESPUESTA,VALOR_RESPUESTA,COD_PREGUNTA) values ('532','162','89','89','21');
Insert into SALUDMP.VDIR_RESPUESTAS_MARCADAS (COD_RESPUESTAS_MARCADAS,COD_ENCUESTA_PERSONA,COD_RESPUESTA,VALOR_RESPUESTA,COD_PREGUNTA) values ('533','162','92','92','22');
Insert into SALUDMP.VDIR_RESPUESTAS_MARCADAS (COD_RESPUESTAS_MARCADAS,COD_ENCUESTA_PERSONA,COD_RESPUESTA,VALOR_RESPUESTA,COD_PREGUNTA) values ('534','162','95','95','23');
Insert into SALUDMP.VDIR_RESPUESTAS_MARCADAS (COD_RESPUESTAS_MARCADAS,COD_ENCUESTA_PERSONA,COD_RESPUESTA,VALOR_RESPUESTA,COD_PREGUNTA) values ('535','162','98','98','24');
Insert into SALUDMP.VDIR_RESPUESTAS_MARCADAS (COD_RESPUESTAS_MARCADAS,COD_ENCUESTA_PERSONA,COD_RESPUESTA,VALOR_RESPUESTA,COD_PREGUNTA) values ('536','162','101','101','25');
Insert into SALUDMP.VDIR_RESPUESTAS_MARCADAS (COD_RESPUESTAS_MARCADAS,COD_ENCUESTA_PERSONA,COD_RESPUESTA,VALOR_RESPUESTA,COD_PREGUNTA) values ('537','162','104','104','26');
Insert into SALUDMP.VDIR_RESPUESTAS_MARCADAS (COD_RESPUESTAS_MARCADAS,COD_ENCUESTA_PERSONA,COD_RESPUESTA,VALOR_RESPUESTA,COD_PREGUNTA) values ('538','162','107','107','27');
Insert into SALUDMP.VDIR_RESPUESTAS_MARCADAS (COD_RESPUESTAS_MARCADAS,COD_ENCUESTA_PERSONA,COD_RESPUESTA,VALOR_RESPUESTA,COD_PREGUNTA) values ('539','162','110','110','28');
Insert into SALUDMP.VDIR_RESPUESTAS_MARCADAS (COD_RESPUESTAS_MARCADAS,COD_ENCUESTA_PERSONA,COD_RESPUESTA,VALOR_RESPUESTA,COD_PREGUNTA) values ('540','162','113','113','29');
Insert into SALUDMP.VDIR_RESPUESTAS_MARCADAS (COD_RESPUESTAS_MARCADAS,COD_ENCUESTA_PERSONA,COD_RESPUESTA,VALOR_RESPUESTA,COD_PREGUNTA) values ('541','162','116','116','30');
Insert into SALUDMP.VDIR_RESPUESTAS_MARCADAS (COD_RESPUESTAS_MARCADAS,COD_ENCUESTA_PERSONA,COD_RESPUESTA,VALOR_RESPUESTA,COD_PREGUNTA) values ('542','162','118','168','31');
Insert into SALUDMP.VDIR_RESPUESTAS_MARCADAS (COD_RESPUESTAS_MARCADAS,COD_ENCUESTA_PERSONA,COD_RESPUESTA,VALOR_RESPUESTA,COD_PREGUNTA) values ('543','162','119','65','32');
Insert into SALUDMP.VDIR_RESPUESTAS_MARCADAS (COD_RESPUESTAS_MARCADAS,COD_ENCUESTA_PERSONA,COD_RESPUESTA,VALOR_RESPUESTA,COD_PREGUNTA) values ('544','162','121','121','33');
Insert into SALUDMP.VDIR_RESPUESTAS_MARCADAS (COD_RESPUESTAS_MARCADAS,COD_ENCUESTA_PERSONA,COD_RESPUESTA,VALOR_RESPUESTA,COD_PREGUNTA) values ('568','164','59','59','11');
Insert into SALUDMP.VDIR_RESPUESTAS_MARCADAS (COD_RESPUESTAS_MARCADAS,COD_ENCUESTA_PERSONA,COD_RESPUESTA,VALOR_RESPUESTA,COD_PREGUNTA) values ('569','164','62','62','12');
Insert into SALUDMP.VDIR_RESPUESTAS_MARCADAS (COD_RESPUESTAS_MARCADAS,COD_ENCUESTA_PERSONA,COD_RESPUESTA,VALOR_RESPUESTA,COD_PREGUNTA) values ('570','164','65','65','13');
Insert into SALUDMP.VDIR_RESPUESTAS_MARCADAS (COD_RESPUESTAS_MARCADAS,COD_ENCUESTA_PERSONA,COD_RESPUESTA,VALOR_RESPUESTA,COD_PREGUNTA) values ('571','164','68','68','14');
Insert into SALUDMP.VDIR_RESPUESTAS_MARCADAS (COD_RESPUESTAS_MARCADAS,COD_ENCUESTA_PERSONA,COD_RESPUESTA,VALOR_RESPUESTA,COD_PREGUNTA) values ('572','164','71','71','15');
Insert into SALUDMP.VDIR_RESPUESTAS_MARCADAS (COD_RESPUESTAS_MARCADAS,COD_ENCUESTA_PERSONA,COD_RESPUESTA,VALOR_RESPUESTA,COD_PREGUNTA) values ('573','164','74','74','16');
Insert into SALUDMP.VDIR_RESPUESTAS_MARCADAS (COD_RESPUESTAS_MARCADAS,COD_ENCUESTA_PERSONA,COD_RESPUESTA,VALOR_RESPUESTA,COD_PREGUNTA) values ('574','164','77','77','17');
Insert into SALUDMP.VDIR_RESPUESTAS_MARCADAS (COD_RESPUESTAS_MARCADAS,COD_ENCUESTA_PERSONA,COD_RESPUESTA,VALOR_RESPUESTA,COD_PREGUNTA) values ('575','164','80','80','18');
Insert into SALUDMP.VDIR_RESPUESTAS_MARCADAS (COD_RESPUESTAS_MARCADAS,COD_ENCUESTA_PERSONA,COD_RESPUESTA,VALOR_RESPUESTA,COD_PREGUNTA) values ('576','164','83','83','19');
Insert into SALUDMP.VDIR_RESPUESTAS_MARCADAS (COD_RESPUESTAS_MARCADAS,COD_ENCUESTA_PERSONA,COD_RESPUESTA,VALOR_RESPUESTA,COD_PREGUNTA) values ('577','164','86','86','20');
Insert into SALUDMP.VDIR_RESPUESTAS_MARCADAS (COD_RESPUESTAS_MARCADAS,COD_ENCUESTA_PERSONA,COD_RESPUESTA,VALOR_RESPUESTA,COD_PREGUNTA) values ('578','164','89','89','21');
Insert into SALUDMP.VDIR_RESPUESTAS_MARCADAS (COD_RESPUESTAS_MARCADAS,COD_ENCUESTA_PERSONA,COD_RESPUESTA,VALOR_RESPUESTA,COD_PREGUNTA) values ('579','164','92','92','22');
Insert into SALUDMP.VDIR_RESPUESTAS_MARCADAS (COD_RESPUESTAS_MARCADAS,COD_ENCUESTA_PERSONA,COD_RESPUESTA,VALOR_RESPUESTA,COD_PREGUNTA) values ('580','164','95','95','23');
Insert into SALUDMP.VDIR_RESPUESTAS_MARCADAS (COD_RESPUESTAS_MARCADAS,COD_ENCUESTA_PERSONA,COD_RESPUESTA,VALOR_RESPUESTA,COD_PREGUNTA) values ('581','164','98','98','24');
Insert into SALUDMP.VDIR_RESPUESTAS_MARCADAS (COD_RESPUESTAS_MARCADAS,COD_ENCUESTA_PERSONA,COD_RESPUESTA,VALOR_RESPUESTA,COD_PREGUNTA) values ('582','164','101','101','25');
Insert into SALUDMP.VDIR_RESPUESTAS_MARCADAS (COD_RESPUESTAS_MARCADAS,COD_ENCUESTA_PERSONA,COD_RESPUESTA,VALOR_RESPUESTA,COD_PREGUNTA) values ('583','164','104','104','26');
Insert into SALUDMP.VDIR_RESPUESTAS_MARCADAS (COD_RESPUESTAS_MARCADAS,COD_ENCUESTA_PERSONA,COD_RESPUESTA,VALOR_RESPUESTA,COD_PREGUNTA) values ('584','164','107','107','27');
Insert into SALUDMP.VDIR_RESPUESTAS_MARCADAS (COD_RESPUESTAS_MARCADAS,COD_ENCUESTA_PERSONA,COD_RESPUESTA,VALOR_RESPUESTA,COD_PREGUNTA) values ('585','164','110','110','28');
Insert into SALUDMP.VDIR_RESPUESTAS_MARCADAS (COD_RESPUESTAS_MARCADAS,COD_ENCUESTA_PERSONA,COD_RESPUESTA,VALOR_RESPUESTA,COD_PREGUNTA) values ('586','164','118','50','31');
Insert into SALUDMP.VDIR_RESPUESTAS_MARCADAS (COD_RESPUESTAS_MARCADAS,COD_ENCUESTA_PERSONA,COD_RESPUESTA,VALOR_RESPUESTA,COD_PREGUNTA) values ('587','164','119','50','32');
Insert into SALUDMP.VDIR_RESPUESTAS_MARCADAS (COD_RESPUESTAS_MARCADAS,COD_ENCUESTA_PERSONA,COD_RESPUESTA,VALOR_RESPUESTA,COD_PREGUNTA) values ('588','164','121','121','33');
Insert into SALUDMP.VDIR_RESPUESTAS_MARCADAS (COD_RESPUESTAS_MARCADAS,COD_ENCUESTA_PERSONA,COD_RESPUESTA,VALOR_RESPUESTA,COD_PREGUNTA) values ('601','181','1','1','1');
Insert into SALUDMP.VDIR_RESPUESTAS_MARCADAS (COD_RESPUESTAS_MARCADAS,COD_ENCUESTA_PERSONA,COD_RESPUESTA,VALOR_RESPUESTA,COD_PREGUNTA) values ('602','181','5','5','2');
Insert into SALUDMP.VDIR_RESPUESTAS_MARCADAS (COD_RESPUESTAS_MARCADAS,COD_ENCUESTA_PERSONA,COD_RESPUESTA,VALOR_RESPUESTA,COD_PREGUNTA) values ('603','181','11','11','3');
Insert into SALUDMP.VDIR_RESPUESTAS_MARCADAS (COD_RESPUESTAS_MARCADAS,COD_ENCUESTA_PERSONA,COD_RESPUESTA,VALOR_RESPUESTA,COD_PREGUNTA) values ('604','181','25','1500000','4');
Insert into SALUDMP.VDIR_RESPUESTAS_MARCADAS (COD_RESPUESTAS_MARCADAS,COD_ENCUESTA_PERSONA,COD_RESPUESTA,VALOR_RESPUESTA,COD_PREGUNTA) values ('605','181','26','500000','5');
Insert into SALUDMP.VDIR_RESPUESTAS_MARCADAS (COD_RESPUESTAS_MARCADAS,COD_ENCUESTA_PERSONA,COD_RESPUESTA,VALOR_RESPUESTA,COD_PREGUNTA) values ('606','181','18','18','6');
Insert into SALUDMP.VDIR_RESPUESTAS_MARCADAS (COD_RESPUESTAS_MARCADAS,COD_ENCUESTA_PERSONA,COD_RESPUESTA,VALOR_RESPUESTA,COD_PREGUNTA) values ('607','181','29','29','34');
Insert into SALUDMP.VDIR_RESPUESTAS_MARCADAS (COD_RESPUESTAS_MARCADAS,COD_ENCUESTA_PERSONA,COD_RESPUESTA,VALOR_RESPUESTA,COD_PREGUNTA) values ('608','181','35','35','35');
Insert into SALUDMP.VDIR_RESPUESTAS_MARCADAS (COD_RESPUESTAS_MARCADAS,COD_ENCUESTA_PERSONA,COD_RESPUESTA,VALOR_RESPUESTA,COD_PREGUNTA) values ('609','181','40','40','36');
Insert into SALUDMP.VDIR_RESPUESTAS_MARCADAS (COD_RESPUESTAS_MARCADAS,COD_ENCUESTA_PERSONA,COD_RESPUESTA,VALOR_RESPUESTA,COD_PREGUNTA) values ('610','181','45','45','37');
Insert into SALUDMP.VDIR_RESPUESTAS_MARCADAS (COD_RESPUESTAS_MARCADAS,COD_ENCUESTA_PERSONA,COD_RESPUESTA,VALOR_RESPUESTA,COD_PREGUNTA) values ('611','181','51','Si','38');
Insert into SALUDMP.VDIR_RESPUESTAS_MARCADAS (COD_RESPUESTAS_MARCADAS,COD_ENCUESTA_PERSONA,COD_RESPUESTA,VALOR_RESPUESTA,COD_PREGUNTA) values ('633','183','59','59','11');
Insert into SALUDMP.VDIR_RESPUESTAS_MARCADAS (COD_RESPUESTAS_MARCADAS,COD_ENCUESTA_PERSONA,COD_RESPUESTA,VALOR_RESPUESTA,COD_PREGUNTA) values ('634','183','62','62','12');
Insert into SALUDMP.VDIR_RESPUESTAS_MARCADAS (COD_RESPUESTAS_MARCADAS,COD_ENCUESTA_PERSONA,COD_RESPUESTA,VALOR_RESPUESTA,COD_PREGUNTA) values ('635','183','65','65','13');
Insert into SALUDMP.VDIR_RESPUESTAS_MARCADAS (COD_RESPUESTAS_MARCADAS,COD_ENCUESTA_PERSONA,COD_RESPUESTA,VALOR_RESPUESTA,COD_PREGUNTA) values ('636','183','68','68','14');
Insert into SALUDMP.VDIR_RESPUESTAS_MARCADAS (COD_RESPUESTAS_MARCADAS,COD_ENCUESTA_PERSONA,COD_RESPUESTA,VALOR_RESPUESTA,COD_PREGUNTA) values ('637','183','71','71','15');
Insert into SALUDMP.VDIR_RESPUESTAS_MARCADAS (COD_RESPUESTAS_MARCADAS,COD_ENCUESTA_PERSONA,COD_RESPUESTA,VALOR_RESPUESTA,COD_PREGUNTA) values ('638','183','74','74','16');
Insert into SALUDMP.VDIR_RESPUESTAS_MARCADAS (COD_RESPUESTAS_MARCADAS,COD_ENCUESTA_PERSONA,COD_RESPUESTA,VALOR_RESPUESTA,COD_PREGUNTA) values ('639','183','77','77','17');
Insert into SALUDMP.VDIR_RESPUESTAS_MARCADAS (COD_RESPUESTAS_MARCADAS,COD_ENCUESTA_PERSONA,COD_RESPUESTA,VALOR_RESPUESTA,COD_PREGUNTA) values ('640','183','80','80','18');
Insert into SALUDMP.VDIR_RESPUESTAS_MARCADAS (COD_RESPUESTAS_MARCADAS,COD_ENCUESTA_PERSONA,COD_RESPUESTA,VALOR_RESPUESTA,COD_PREGUNTA) values ('641','183','83','83','19');
Insert into SALUDMP.VDIR_RESPUESTAS_MARCADAS (COD_RESPUESTAS_MARCADAS,COD_ENCUESTA_PERSONA,COD_RESPUESTA,VALOR_RESPUESTA,COD_PREGUNTA) values ('642','183','86','86','20');
Insert into SALUDMP.VDIR_RESPUESTAS_MARCADAS (COD_RESPUESTAS_MARCADAS,COD_ENCUESTA_PERSONA,COD_RESPUESTA,VALOR_RESPUESTA,COD_PREGUNTA) values ('643','183','89','89','21');
Insert into SALUDMP.VDIR_RESPUESTAS_MARCADAS (COD_RESPUESTAS_MARCADAS,COD_ENCUESTA_PERSONA,COD_RESPUESTA,VALOR_RESPUESTA,COD_PREGUNTA) values ('644','183','92','92','22');
Insert into SALUDMP.VDIR_RESPUESTAS_MARCADAS (COD_RESPUESTAS_MARCADAS,COD_ENCUESTA_PERSONA,COD_RESPUESTA,VALOR_RESPUESTA,COD_PREGUNTA) values ('645','183','95','95','23');
Insert into SALUDMP.VDIR_RESPUESTAS_MARCADAS (COD_RESPUESTAS_MARCADAS,COD_ENCUESTA_PERSONA,COD_RESPUESTA,VALOR_RESPUESTA,COD_PREGUNTA) values ('646','183','98','98','24');
Insert into SALUDMP.VDIR_RESPUESTAS_MARCADAS (COD_RESPUESTAS_MARCADAS,COD_ENCUESTA_PERSONA,COD_RESPUESTA,VALOR_RESPUESTA,COD_PREGUNTA) values ('647','183','101','101','25');
Insert into SALUDMP.VDIR_RESPUESTAS_MARCADAS (COD_RESPUESTAS_MARCADAS,COD_ENCUESTA_PERSONA,COD_RESPUESTA,VALOR_RESPUESTA,COD_PREGUNTA) values ('648','183','104','104','26');
Insert into SALUDMP.VDIR_RESPUESTAS_MARCADAS (COD_RESPUESTAS_MARCADAS,COD_ENCUESTA_PERSONA,COD_RESPUESTA,VALOR_RESPUESTA,COD_PREGUNTA) values ('649','183','107','107','27');
Insert into SALUDMP.VDIR_RESPUESTAS_MARCADAS (COD_RESPUESTAS_MARCADAS,COD_ENCUESTA_PERSONA,COD_RESPUESTA,VALOR_RESPUESTA,COD_PREGUNTA) values ('650','183','110','110','28');
Insert into SALUDMP.VDIR_RESPUESTAS_MARCADAS (COD_RESPUESTAS_MARCADAS,COD_ENCUESTA_PERSONA,COD_RESPUESTA,VALOR_RESPUESTA,COD_PREGUNTA) values ('651','183','112','112','29');
Insert into SALUDMP.VDIR_RESPUESTAS_MARCADAS (COD_RESPUESTAS_MARCADAS,COD_ENCUESTA_PERSONA,COD_RESPUESTA,VALOR_RESPUESTA,COD_PREGUNTA) values ('652','183','114','triple viral','29');
Insert into SALUDMP.VDIR_RESPUESTAS_MARCADAS (COD_RESPUESTAS_MARCADAS,COD_ENCUESTA_PERSONA,COD_RESPUESTA,VALOR_RESPUESTA,COD_PREGUNTA) values ('653','183','116','116','30');
Insert into SALUDMP.VDIR_RESPUESTAS_MARCADAS (COD_RESPUESTAS_MARCADAS,COD_ENCUESTA_PERSONA,COD_RESPUESTA,VALOR_RESPUESTA,COD_PREGUNTA) values ('654','183','118','50','31');
Insert into SALUDMP.VDIR_RESPUESTAS_MARCADAS (COD_RESPUESTAS_MARCADAS,COD_ENCUESTA_PERSONA,COD_RESPUESTA,VALOR_RESPUESTA,COD_PREGUNTA) values ('655','183','119','25','32');
Insert into SALUDMP.VDIR_RESPUESTAS_MARCADAS (COD_RESPUESTAS_MARCADAS,COD_ENCUESTA_PERSONA,COD_RESPUESTA,VALOR_RESPUESTA,COD_PREGUNTA) values ('656','183','121','121','33');
Insert into SALUDMP.VDIR_RESPUESTAS_MARCADAS (COD_RESPUESTAS_MARCADAS,COD_ENCUESTA_PERSONA,COD_RESPUESTA,VALOR_RESPUESTA,COD_PREGUNTA) values ('661','201','1','1','1');
Insert into SALUDMP.VDIR_RESPUESTAS_MARCADAS (COD_RESPUESTAS_MARCADAS,COD_ENCUESTA_PERSONA,COD_RESPUESTA,VALOR_RESPUESTA,COD_PREGUNTA) values ('662','201','5','5','2');
Insert into SALUDMP.VDIR_RESPUESTAS_MARCADAS (COD_RESPUESTAS_MARCADAS,COD_ENCUESTA_PERSONA,COD_RESPUESTA,VALOR_RESPUESTA,COD_PREGUNTA) values ('663','201','11','11','3');
Insert into SALUDMP.VDIR_RESPUESTAS_MARCADAS (COD_RESPUESTAS_MARCADAS,COD_ENCUESTA_PERSONA,COD_RESPUESTA,VALOR_RESPUESTA,COD_PREGUNTA) values ('664','201','25','1500000','4');
Insert into SALUDMP.VDIR_RESPUESTAS_MARCADAS (COD_RESPUESTAS_MARCADAS,COD_ENCUESTA_PERSONA,COD_RESPUESTA,VALOR_RESPUESTA,COD_PREGUNTA) values ('665','201','26','1000000','5');
Insert into SALUDMP.VDIR_RESPUESTAS_MARCADAS (COD_RESPUESTAS_MARCADAS,COD_ENCUESTA_PERSONA,COD_RESPUESTA,VALOR_RESPUESTA,COD_PREGUNTA) values ('666','201','18','18','6');
Insert into SALUDMP.VDIR_RESPUESTAS_MARCADAS (COD_RESPUESTAS_MARCADAS,COD_ENCUESTA_PERSONA,COD_RESPUESTA,VALOR_RESPUESTA,COD_PREGUNTA) values ('667','201','29','29','34');
Insert into SALUDMP.VDIR_RESPUESTAS_MARCADAS (COD_RESPUESTAS_MARCADAS,COD_ENCUESTA_PERSONA,COD_RESPUESTA,VALOR_RESPUESTA,COD_PREGUNTA) values ('668','201','35','35','35');
Insert into SALUDMP.VDIR_RESPUESTAS_MARCADAS (COD_RESPUESTAS_MARCADAS,COD_ENCUESTA_PERSONA,COD_RESPUESTA,VALOR_RESPUESTA,COD_PREGUNTA) values ('669','201','40','40','36');
Insert into SALUDMP.VDIR_RESPUESTAS_MARCADAS (COD_RESPUESTAS_MARCADAS,COD_ENCUESTA_PERSONA,COD_RESPUESTA,VALOR_RESPUESTA,COD_PREGUNTA) values ('670','201','45','45','37');
Insert into SALUDMP.VDIR_RESPUESTAS_MARCADAS (COD_RESPUESTAS_MARCADAS,COD_ENCUESTA_PERSONA,COD_RESPUESTA,VALOR_RESPUESTA,COD_PREGUNTA) values ('671','201','51','prueba','38');
Insert into SALUDMP.VDIR_RESPUESTAS_MARCADAS (COD_RESPUESTAS_MARCADAS,COD_ENCUESTA_PERSONA,COD_RESPUESTA,VALOR_RESPUESTA,COD_PREGUNTA) values ('725','205','1','1','1');
Insert into SALUDMP.VDIR_RESPUESTAS_MARCADAS (COD_RESPUESTAS_MARCADAS,COD_ENCUESTA_PERSONA,COD_RESPUESTA,VALOR_RESPUESTA,COD_PREGUNTA) values ('726','205','5','5','2');
Insert into SALUDMP.VDIR_RESPUESTAS_MARCADAS (COD_RESPUESTAS_MARCADAS,COD_ENCUESTA_PERSONA,COD_RESPUESTA,VALOR_RESPUESTA,COD_PREGUNTA) values ('727','205','11','11','3');
Insert into SALUDMP.VDIR_RESPUESTAS_MARCADAS (COD_RESPUESTAS_MARCADAS,COD_ENCUESTA_PERSONA,COD_RESPUESTA,VALOR_RESPUESTA,COD_PREGUNTA) values ('728','205','25','1500000','4');
Insert into SALUDMP.VDIR_RESPUESTAS_MARCADAS (COD_RESPUESTAS_MARCADAS,COD_ENCUESTA_PERSONA,COD_RESPUESTA,VALOR_RESPUESTA,COD_PREGUNTA) values ('729','205','26','1000000','5');
Insert into SALUDMP.VDIR_RESPUESTAS_MARCADAS (COD_RESPUESTAS_MARCADAS,COD_ENCUESTA_PERSONA,COD_RESPUESTA,VALOR_RESPUESTA,COD_PREGUNTA) values ('730','205','18','18','6');
Insert into SALUDMP.VDIR_RESPUESTAS_MARCADAS (COD_RESPUESTAS_MARCADAS,COD_ENCUESTA_PERSONA,COD_RESPUESTA,VALOR_RESPUESTA,COD_PREGUNTA) values ('731','205','29','29','34');
Insert into SALUDMP.VDIR_RESPUESTAS_MARCADAS (COD_RESPUESTAS_MARCADAS,COD_ENCUESTA_PERSONA,COD_RESPUESTA,VALOR_RESPUESTA,COD_PREGUNTA) values ('732','205','35','35','35');
Insert into SALUDMP.VDIR_RESPUESTAS_MARCADAS (COD_RESPUESTAS_MARCADAS,COD_ENCUESTA_PERSONA,COD_RESPUESTA,VALOR_RESPUESTA,COD_PREGUNTA) values ('733','205','40','40','36');
Insert into SALUDMP.VDIR_RESPUESTAS_MARCADAS (COD_RESPUESTAS_MARCADAS,COD_ENCUESTA_PERSONA,COD_RESPUESTA,VALOR_RESPUESTA,COD_PREGUNTA) values ('734','205','45','45','37');
Insert into SALUDMP.VDIR_RESPUESTAS_MARCADAS (COD_RESPUESTAS_MARCADAS,COD_ENCUESTA_PERSONA,COD_RESPUESTA,VALOR_RESPUESTA,COD_PREGUNTA) values ('735','205','51','prueba','38');
Insert into SALUDMP.VDIR_RESPUESTAS_MARCADAS (COD_RESPUESTAS_MARCADAS,COD_ENCUESTA_PERSONA,COD_RESPUESTA,VALOR_RESPUESTA,COD_PREGUNTA) values ('412','142','53','53','8');
Insert into SALUDMP.VDIR_RESPUESTAS_MARCADAS (COD_RESPUESTAS_MARCADAS,COD_ENCUESTA_PERSONA,COD_RESPUESTA,VALOR_RESPUESTA,COD_PREGUNTA) values ('413','142','56','56','9');
Insert into SALUDMP.VDIR_RESPUESTAS_MARCADAS (COD_RESPUESTAS_MARCADAS,COD_ENCUESTA_PERSONA,COD_RESPUESTA,VALOR_RESPUESTA,COD_PREGUNTA) values ('414','142','59','59','11');
Insert into SALUDMP.VDIR_RESPUESTAS_MARCADAS (COD_RESPUESTAS_MARCADAS,COD_ENCUESTA_PERSONA,COD_RESPUESTA,VALOR_RESPUESTA,COD_PREGUNTA) values ('415','142','62','62','12');
Insert into SALUDMP.VDIR_RESPUESTAS_MARCADAS (COD_RESPUESTAS_MARCADAS,COD_ENCUESTA_PERSONA,COD_RESPUESTA,VALOR_RESPUESTA,COD_PREGUNTA) values ('416','142','65','65','13');
Insert into SALUDMP.VDIR_RESPUESTAS_MARCADAS (COD_RESPUESTAS_MARCADAS,COD_ENCUESTA_PERSONA,COD_RESPUESTA,VALOR_RESPUESTA,COD_PREGUNTA) values ('417','142','68','68','14');
Insert into SALUDMP.VDIR_RESPUESTAS_MARCADAS (COD_RESPUESTAS_MARCADAS,COD_ENCUESTA_PERSONA,COD_RESPUESTA,VALOR_RESPUESTA,COD_PREGUNTA) values ('418','142','71','71','15');
Insert into SALUDMP.VDIR_RESPUESTAS_MARCADAS (COD_RESPUESTAS_MARCADAS,COD_ENCUESTA_PERSONA,COD_RESPUESTA,VALOR_RESPUESTA,COD_PREGUNTA) values ('419','142','74','74','16');
Insert into SALUDMP.VDIR_RESPUESTAS_MARCADAS (COD_RESPUESTAS_MARCADAS,COD_ENCUESTA_PERSONA,COD_RESPUESTA,VALOR_RESPUESTA,COD_PREGUNTA) values ('420','142','77','77','17');
Insert into SALUDMP.VDIR_RESPUESTAS_MARCADAS (COD_RESPUESTAS_MARCADAS,COD_ENCUESTA_PERSONA,COD_RESPUESTA,VALOR_RESPUESTA,COD_PREGUNTA) values ('421','142','80','80','18');
Insert into SALUDMP.VDIR_RESPUESTAS_MARCADAS (COD_RESPUESTAS_MARCADAS,COD_ENCUESTA_PERSONA,COD_RESPUESTA,VALOR_RESPUESTA,COD_PREGUNTA) values ('422','142','83','83','19');
Insert into SALUDMP.VDIR_RESPUESTAS_MARCADAS (COD_RESPUESTAS_MARCADAS,COD_ENCUESTA_PERSONA,COD_RESPUESTA,VALOR_RESPUESTA,COD_PREGUNTA) values ('423','142','86','86','20');
Insert into SALUDMP.VDIR_RESPUESTAS_MARCADAS (COD_RESPUESTAS_MARCADAS,COD_ENCUESTA_PERSONA,COD_RESPUESTA,VALOR_RESPUESTA,COD_PREGUNTA) values ('424','142','89','89','21');
Insert into SALUDMP.VDIR_RESPUESTAS_MARCADAS (COD_RESPUESTAS_MARCADAS,COD_ENCUESTA_PERSONA,COD_RESPUESTA,VALOR_RESPUESTA,COD_PREGUNTA) values ('425','142','92','92','22');
Insert into SALUDMP.VDIR_RESPUESTAS_MARCADAS (COD_RESPUESTAS_MARCADAS,COD_ENCUESTA_PERSONA,COD_RESPUESTA,VALOR_RESPUESTA,COD_PREGUNTA) values ('426','142','95','95','23');
Insert into SALUDMP.VDIR_RESPUESTAS_MARCADAS (COD_RESPUESTAS_MARCADAS,COD_ENCUESTA_PERSONA,COD_RESPUESTA,VALOR_RESPUESTA,COD_PREGUNTA) values ('427','142','98','98','24');
Insert into SALUDMP.VDIR_RESPUESTAS_MARCADAS (COD_RESPUESTAS_MARCADAS,COD_ENCUESTA_PERSONA,COD_RESPUESTA,VALOR_RESPUESTA,COD_PREGUNTA) values ('428','142','101','101','25');
Insert into SALUDMP.VDIR_RESPUESTAS_MARCADAS (COD_RESPUESTAS_MARCADAS,COD_ENCUESTA_PERSONA,COD_RESPUESTA,VALOR_RESPUESTA,COD_PREGUNTA) values ('429','142','104','104','26');
Insert into SALUDMP.VDIR_RESPUESTAS_MARCADAS (COD_RESPUESTAS_MARCADAS,COD_ENCUESTA_PERSONA,COD_RESPUESTA,VALOR_RESPUESTA,COD_PREGUNTA) values ('430','142','107','107','27');
Insert into SALUDMP.VDIR_RESPUESTAS_MARCADAS (COD_RESPUESTAS_MARCADAS,COD_ENCUESTA_PERSONA,COD_RESPUESTA,VALOR_RESPUESTA,COD_PREGUNTA) values ('431','142','110','110','28');
Insert into SALUDMP.VDIR_RESPUESTAS_MARCADAS (COD_RESPUESTAS_MARCADAS,COD_ENCUESTA_PERSONA,COD_RESPUESTA,VALOR_RESPUESTA,COD_PREGUNTA) values ('432','142','118','gfg','31');
Insert into SALUDMP.VDIR_RESPUESTAS_MARCADAS (COD_RESPUESTAS_MARCADAS,COD_ENCUESTA_PERSONA,COD_RESPUESTA,VALOR_RESPUESTA,COD_PREGUNTA) values ('433','142','119','676','32');
Insert into SALUDMP.VDIR_RESPUESTAS_MARCADAS (COD_RESPUESTAS_MARCADAS,COD_ENCUESTA_PERSONA,COD_RESPUESTA,VALOR_RESPUESTA,COD_PREGUNTA) values ('434','142','121','121','33');
Insert into SALUDMP.VDIR_RESPUESTAS_MARCADAS (COD_RESPUESTAS_MARCADAS,COD_ENCUESTA_PERSONA,COD_RESPUESTA,VALOR_RESPUESTA,COD_PREGUNTA) values ('446','144','59','59','11');
Insert into SALUDMP.VDIR_RESPUESTAS_MARCADAS (COD_RESPUESTAS_MARCADAS,COD_ENCUESTA_PERSONA,COD_RESPUESTA,VALOR_RESPUESTA,COD_PREGUNTA) values ('447','144','62','62','12');
Insert into SALUDMP.VDIR_RESPUESTAS_MARCADAS (COD_RESPUESTAS_MARCADAS,COD_ENCUESTA_PERSONA,COD_RESPUESTA,VALOR_RESPUESTA,COD_PREGUNTA) values ('448','144','65','65','13');
Insert into SALUDMP.VDIR_RESPUESTAS_MARCADAS (COD_RESPUESTAS_MARCADAS,COD_ENCUESTA_PERSONA,COD_RESPUESTA,VALOR_RESPUESTA,COD_PREGUNTA) values ('449','144','68','68','14');
Insert into SALUDMP.VDIR_RESPUESTAS_MARCADAS (COD_RESPUESTAS_MARCADAS,COD_ENCUESTA_PERSONA,COD_RESPUESTA,VALOR_RESPUESTA,COD_PREGUNTA) values ('450','144','71','71','15');
Insert into SALUDMP.VDIR_RESPUESTAS_MARCADAS (COD_RESPUESTAS_MARCADAS,COD_ENCUESTA_PERSONA,COD_RESPUESTA,VALOR_RESPUESTA,COD_PREGUNTA) values ('451','144','74','74','16');
Insert into SALUDMP.VDIR_RESPUESTAS_MARCADAS (COD_RESPUESTAS_MARCADAS,COD_ENCUESTA_PERSONA,COD_RESPUESTA,VALOR_RESPUESTA,COD_PREGUNTA) values ('452','144','77','77','17');
Insert into SALUDMP.VDIR_RESPUESTAS_MARCADAS (COD_RESPUESTAS_MARCADAS,COD_ENCUESTA_PERSONA,COD_RESPUESTA,VALOR_RESPUESTA,COD_PREGUNTA) values ('453','144','80','80','18');
Insert into SALUDMP.VDIR_RESPUESTAS_MARCADAS (COD_RESPUESTAS_MARCADAS,COD_ENCUESTA_PERSONA,COD_RESPUESTA,VALOR_RESPUESTA,COD_PREGUNTA) values ('454','144','83','83','19');
Insert into SALUDMP.VDIR_RESPUESTAS_MARCADAS (COD_RESPUESTAS_MARCADAS,COD_ENCUESTA_PERSONA,COD_RESPUESTA,VALOR_RESPUESTA,COD_PREGUNTA) values ('455','144','86','86','20');
Insert into SALUDMP.VDIR_RESPUESTAS_MARCADAS (COD_RESPUESTAS_MARCADAS,COD_ENCUESTA_PERSONA,COD_RESPUESTA,VALOR_RESPUESTA,COD_PREGUNTA) values ('456','144','89','89','21');
Insert into SALUDMP.VDIR_RESPUESTAS_MARCADAS (COD_RESPUESTAS_MARCADAS,COD_ENCUESTA_PERSONA,COD_RESPUESTA,VALOR_RESPUESTA,COD_PREGUNTA) values ('457','144','92','92','22');
Insert into SALUDMP.VDIR_RESPUESTAS_MARCADAS (COD_RESPUESTAS_MARCADAS,COD_ENCUESTA_PERSONA,COD_RESPUESTA,VALOR_RESPUESTA,COD_PREGUNTA) values ('458','144','95','95','23');
Insert into SALUDMP.VDIR_RESPUESTAS_MARCADAS (COD_RESPUESTAS_MARCADAS,COD_ENCUESTA_PERSONA,COD_RESPUESTA,VALOR_RESPUESTA,COD_PREGUNTA) values ('459','144','98','98','24');
Insert into SALUDMP.VDIR_RESPUESTAS_MARCADAS (COD_RESPUESTAS_MARCADAS,COD_ENCUESTA_PERSONA,COD_RESPUESTA,VALOR_RESPUESTA,COD_PREGUNTA) values ('460','144','101','101','25');
Insert into SALUDMP.VDIR_RESPUESTAS_MARCADAS (COD_RESPUESTAS_MARCADAS,COD_ENCUESTA_PERSONA,COD_RESPUESTA,VALOR_RESPUESTA,COD_PREGUNTA) values ('461','144','104','104','26');
Insert into SALUDMP.VDIR_RESPUESTAS_MARCADAS (COD_RESPUESTAS_MARCADAS,COD_ENCUESTA_PERSONA,COD_RESPUESTA,VALOR_RESPUESTA,COD_PREGUNTA) values ('462','144','107','107','27');
Insert into SALUDMP.VDIR_RESPUESTAS_MARCADAS (COD_RESPUESTAS_MARCADAS,COD_ENCUESTA_PERSONA,COD_RESPUESTA,VALOR_RESPUESTA,COD_PREGUNTA) values ('463','144','110','110','28');
Insert into SALUDMP.VDIR_RESPUESTAS_MARCADAS (COD_RESPUESTAS_MARCADAS,COD_ENCUESTA_PERSONA,COD_RESPUESTA,VALOR_RESPUESTA,COD_PREGUNTA) values ('464','144','118','16','31');
Insert into SALUDMP.VDIR_RESPUESTAS_MARCADAS (COD_RESPUESTAS_MARCADAS,COD_ENCUESTA_PERSONA,COD_RESPUESTA,VALOR_RESPUESTA,COD_PREGUNTA) values ('465','144','119','56','32');
Insert into SALUDMP.VDIR_RESPUESTAS_MARCADAS (COD_RESPUESTAS_MARCADAS,COD_ENCUESTA_PERSONA,COD_RESPUESTA,VALOR_RESPUESTA,COD_PREGUNTA) values ('466','144','121','121','33');
Insert into SALUDMP.VDIR_RESPUESTAS_MARCADAS (COD_RESPUESTAS_MARCADAS,COD_ENCUESTA_PERSONA,COD_RESPUESTA,VALOR_RESPUESTA,COD_PREGUNTA) values ('467','145','2','2','1');
Insert into SALUDMP.VDIR_RESPUESTAS_MARCADAS (COD_RESPUESTAS_MARCADAS,COD_ENCUESTA_PERSONA,COD_RESPUESTA,VALOR_RESPUESTA,COD_PREGUNTA) values ('468','145','5','5','2');
Insert into SALUDMP.VDIR_RESPUESTAS_MARCADAS (COD_RESPUESTAS_MARCADAS,COD_ENCUESTA_PERSONA,COD_RESPUESTA,VALOR_RESPUESTA,COD_PREGUNTA) values ('469','145','11','11','3');
Insert into SALUDMP.VDIR_RESPUESTAS_MARCADAS (COD_RESPUESTAS_MARCADAS,COD_ENCUESTA_PERSONA,COD_RESPUESTA,VALOR_RESPUESTA,COD_PREGUNTA) values ('470','145','25','200000','4');
Insert into SALUDMP.VDIR_RESPUESTAS_MARCADAS (COD_RESPUESTAS_MARCADAS,COD_ENCUESTA_PERSONA,COD_RESPUESTA,VALOR_RESPUESTA,COD_PREGUNTA) values ('471','145','26','0','5');
Insert into SALUDMP.VDIR_RESPUESTAS_MARCADAS (COD_RESPUESTAS_MARCADAS,COD_ENCUESTA_PERSONA,COD_RESPUESTA,VALOR_RESPUESTA,COD_PREGUNTA) values ('472','145','18','18','6');
Insert into SALUDMP.VDIR_RESPUESTAS_MARCADAS (COD_RESPUESTAS_MARCADAS,COD_ENCUESTA_PERSONA,COD_RESPUESTA,VALOR_RESPUESTA,COD_PREGUNTA) values ('473','145','29','29','34');
Insert into SALUDMP.VDIR_RESPUESTAS_MARCADAS (COD_RESPUESTAS_MARCADAS,COD_ENCUESTA_PERSONA,COD_RESPUESTA,VALOR_RESPUESTA,COD_PREGUNTA) values ('474','145','35','35','35');
Insert into SALUDMP.VDIR_RESPUESTAS_MARCADAS (COD_RESPUESTAS_MARCADAS,COD_ENCUESTA_PERSONA,COD_RESPUESTA,VALOR_RESPUESTA,COD_PREGUNTA) values ('475','145','40','40','36');
Insert into SALUDMP.VDIR_RESPUESTAS_MARCADAS (COD_RESPUESTAS_MARCADAS,COD_ENCUESTA_PERSONA,COD_RESPUESTA,VALOR_RESPUESTA,COD_PREGUNTA) values ('476','145','45','45','37');
Insert into SALUDMP.VDIR_RESPUESTAS_MARCADAS (COD_RESPUESTAS_MARCADAS,COD_ENCUESTA_PERSONA,COD_RESPUESTA,VALOR_RESPUESTA,COD_PREGUNTA) values ('477','145','51','detalle ocupacón','38');
Insert into SALUDMP.VDIR_RESPUESTAS_MARCADAS (COD_RESPUESTAS_MARCADAS,COD_ENCUESTA_PERSONA,COD_RESPUESTA,VALOR_RESPUESTA,COD_PREGUNTA) values ('545','163','59','59','11');
Insert into SALUDMP.VDIR_RESPUESTAS_MARCADAS (COD_RESPUESTAS_MARCADAS,COD_ENCUESTA_PERSONA,COD_RESPUESTA,VALOR_RESPUESTA,COD_PREGUNTA) values ('546','163','62','62','12');
Insert into SALUDMP.VDIR_RESPUESTAS_MARCADAS (COD_RESPUESTAS_MARCADAS,COD_ENCUESTA_PERSONA,COD_RESPUESTA,VALOR_RESPUESTA,COD_PREGUNTA) values ('547','163','65','65','13');
Insert into SALUDMP.VDIR_RESPUESTAS_MARCADAS (COD_RESPUESTAS_MARCADAS,COD_ENCUESTA_PERSONA,COD_RESPUESTA,VALOR_RESPUESTA,COD_PREGUNTA) values ('548','163','68','68','14');
Insert into SALUDMP.VDIR_RESPUESTAS_MARCADAS (COD_RESPUESTAS_MARCADAS,COD_ENCUESTA_PERSONA,COD_RESPUESTA,VALOR_RESPUESTA,COD_PREGUNTA) values ('549','163','71','71','15');
Insert into SALUDMP.VDIR_RESPUESTAS_MARCADAS (COD_RESPUESTAS_MARCADAS,COD_ENCUESTA_PERSONA,COD_RESPUESTA,VALOR_RESPUESTA,COD_PREGUNTA) values ('550','163','74','74','16');
Insert into SALUDMP.VDIR_RESPUESTAS_MARCADAS (COD_RESPUESTAS_MARCADAS,COD_ENCUESTA_PERSONA,COD_RESPUESTA,VALOR_RESPUESTA,COD_PREGUNTA) values ('551','163','77','77','17');
Insert into SALUDMP.VDIR_RESPUESTAS_MARCADAS (COD_RESPUESTAS_MARCADAS,COD_ENCUESTA_PERSONA,COD_RESPUESTA,VALOR_RESPUESTA,COD_PREGUNTA) values ('552','163','80','80','18');
Insert into SALUDMP.VDIR_RESPUESTAS_MARCADAS (COD_RESPUESTAS_MARCADAS,COD_ENCUESTA_PERSONA,COD_RESPUESTA,VALOR_RESPUESTA,COD_PREGUNTA) values ('553','163','83','83','19');
Insert into SALUDMP.VDIR_RESPUESTAS_MARCADAS (COD_RESPUESTAS_MARCADAS,COD_ENCUESTA_PERSONA,COD_RESPUESTA,VALOR_RESPUESTA,COD_PREGUNTA) values ('554','163','86','86','20');
Insert into SALUDMP.VDIR_RESPUESTAS_MARCADAS (COD_RESPUESTAS_MARCADAS,COD_ENCUESTA_PERSONA,COD_RESPUESTA,VALOR_RESPUESTA,COD_PREGUNTA) values ('555','163','89','89','21');
Insert into SALUDMP.VDIR_RESPUESTAS_MARCADAS (COD_RESPUESTAS_MARCADAS,COD_ENCUESTA_PERSONA,COD_RESPUESTA,VALOR_RESPUESTA,COD_PREGUNTA) values ('556','163','92','92','22');
Insert into SALUDMP.VDIR_RESPUESTAS_MARCADAS (COD_RESPUESTAS_MARCADAS,COD_ENCUESTA_PERSONA,COD_RESPUESTA,VALOR_RESPUESTA,COD_PREGUNTA) values ('557','163','95','95','23');
Insert into SALUDMP.VDIR_RESPUESTAS_MARCADAS (COD_RESPUESTAS_MARCADAS,COD_ENCUESTA_PERSONA,COD_RESPUESTA,VALOR_RESPUESTA,COD_PREGUNTA) values ('558','163','98','98','24');
Insert into SALUDMP.VDIR_RESPUESTAS_MARCADAS (COD_RESPUESTAS_MARCADAS,COD_ENCUESTA_PERSONA,COD_RESPUESTA,VALOR_RESPUESTA,COD_PREGUNTA) values ('559','163','101','101','25');
Insert into SALUDMP.VDIR_RESPUESTAS_MARCADAS (COD_RESPUESTAS_MARCADAS,COD_ENCUESTA_PERSONA,COD_RESPUESTA,VALOR_RESPUESTA,COD_PREGUNTA) values ('560','163','104','104','26');
Insert into SALUDMP.VDIR_RESPUESTAS_MARCADAS (COD_RESPUESTAS_MARCADAS,COD_ENCUESTA_PERSONA,COD_RESPUESTA,VALOR_RESPUESTA,COD_PREGUNTA) values ('561','163','107','107','27');
Insert into SALUDMP.VDIR_RESPUESTAS_MARCADAS (COD_RESPUESTAS_MARCADAS,COD_ENCUESTA_PERSONA,COD_RESPUESTA,VALOR_RESPUESTA,COD_PREGUNTA) values ('562','163','110','110','28');
Insert into SALUDMP.VDIR_RESPUESTAS_MARCADAS (COD_RESPUESTAS_MARCADAS,COD_ENCUESTA_PERSONA,COD_RESPUESTA,VALOR_RESPUESTA,COD_PREGUNTA) values ('563','163','113','113','29');
Insert into SALUDMP.VDIR_RESPUESTAS_MARCADAS (COD_RESPUESTAS_MARCADAS,COD_ENCUESTA_PERSONA,COD_RESPUESTA,VALOR_RESPUESTA,COD_PREGUNTA) values ('564','163','116','116','30');
Insert into SALUDMP.VDIR_RESPUESTAS_MARCADAS (COD_RESPUESTAS_MARCADAS,COD_ENCUESTA_PERSONA,COD_RESPUESTA,VALOR_RESPUESTA,COD_PREGUNTA) values ('565','163','118','168','31');
Insert into SALUDMP.VDIR_RESPUESTAS_MARCADAS (COD_RESPUESTAS_MARCADAS,COD_ENCUESTA_PERSONA,COD_RESPUESTA,VALOR_RESPUESTA,COD_PREGUNTA) values ('566','163','119','65','32');
Insert into SALUDMP.VDIR_RESPUESTAS_MARCADAS (COD_RESPUESTAS_MARCADAS,COD_ENCUESTA_PERSONA,COD_RESPUESTA,VALOR_RESPUESTA,COD_PREGUNTA) values ('567','163','121','121','33');
Insert into SALUDMP.VDIR_RESPUESTAS_MARCADAS (COD_RESPUESTAS_MARCADAS,COD_ENCUESTA_PERSONA,COD_RESPUESTA,VALOR_RESPUESTA,COD_PREGUNTA) values ('693','203','1','1','1');
Insert into SALUDMP.VDIR_RESPUESTAS_MARCADAS (COD_RESPUESTAS_MARCADAS,COD_ENCUESTA_PERSONA,COD_RESPUESTA,VALOR_RESPUESTA,COD_PREGUNTA) values ('694','203','5','5','2');
Insert into SALUDMP.VDIR_RESPUESTAS_MARCADAS (COD_RESPUESTAS_MARCADAS,COD_ENCUESTA_PERSONA,COD_RESPUESTA,VALOR_RESPUESTA,COD_PREGUNTA) values ('695','203','11','11','3');
Insert into SALUDMP.VDIR_RESPUESTAS_MARCADAS (COD_RESPUESTAS_MARCADAS,COD_ENCUESTA_PERSONA,COD_RESPUESTA,VALOR_RESPUESTA,COD_PREGUNTA) values ('696','203','25','1500000','4');
Insert into SALUDMP.VDIR_RESPUESTAS_MARCADAS (COD_RESPUESTAS_MARCADAS,COD_ENCUESTA_PERSONA,COD_RESPUESTA,VALOR_RESPUESTA,COD_PREGUNTA) values ('697','203','26','1000000','5');
Insert into SALUDMP.VDIR_RESPUESTAS_MARCADAS (COD_RESPUESTAS_MARCADAS,COD_ENCUESTA_PERSONA,COD_RESPUESTA,VALOR_RESPUESTA,COD_PREGUNTA) values ('698','203','18','18','6');
Insert into SALUDMP.VDIR_RESPUESTAS_MARCADAS (COD_RESPUESTAS_MARCADAS,COD_ENCUESTA_PERSONA,COD_RESPUESTA,VALOR_RESPUESTA,COD_PREGUNTA) values ('699','203','29','29','34');
Insert into SALUDMP.VDIR_RESPUESTAS_MARCADAS (COD_RESPUESTAS_MARCADAS,COD_ENCUESTA_PERSONA,COD_RESPUESTA,VALOR_RESPUESTA,COD_PREGUNTA) values ('700','203','35','35','35');
Insert into SALUDMP.VDIR_RESPUESTAS_MARCADAS (COD_RESPUESTAS_MARCADAS,COD_ENCUESTA_PERSONA,COD_RESPUESTA,VALOR_RESPUESTA,COD_PREGUNTA) values ('701','203','40','40','36');
Insert into SALUDMP.VDIR_RESPUESTAS_MARCADAS (COD_RESPUESTAS_MARCADAS,COD_ENCUESTA_PERSONA,COD_RESPUESTA,VALOR_RESPUESTA,COD_PREGUNTA) values ('702','203','45','45','37');
Insert into SALUDMP.VDIR_RESPUESTAS_MARCADAS (COD_RESPUESTAS_MARCADAS,COD_ENCUESTA_PERSONA,COD_RESPUESTA,VALOR_RESPUESTA,COD_PREGUNTA) values ('703','203','51','prueba','38');
Insert into SALUDMP.VDIR_RESPUESTAS_MARCADAS (COD_RESPUESTAS_MARCADAS,COD_ENCUESTA_PERSONA,COD_RESPUESTA,VALOR_RESPUESTA,COD_PREGUNTA) values ('612','182','59','59','11');
Insert into SALUDMP.VDIR_RESPUESTAS_MARCADAS (COD_RESPUESTAS_MARCADAS,COD_ENCUESTA_PERSONA,COD_RESPUESTA,VALOR_RESPUESTA,COD_PREGUNTA) values ('613','182','62','62','12');
Insert into SALUDMP.VDIR_RESPUESTAS_MARCADAS (COD_RESPUESTAS_MARCADAS,COD_ENCUESTA_PERSONA,COD_RESPUESTA,VALOR_RESPUESTA,COD_PREGUNTA) values ('614','182','65','65','13');
Insert into SALUDMP.VDIR_RESPUESTAS_MARCADAS (COD_RESPUESTAS_MARCADAS,COD_ENCUESTA_PERSONA,COD_RESPUESTA,VALOR_RESPUESTA,COD_PREGUNTA) values ('615','182','68','68','14');
Insert into SALUDMP.VDIR_RESPUESTAS_MARCADAS (COD_RESPUESTAS_MARCADAS,COD_ENCUESTA_PERSONA,COD_RESPUESTA,VALOR_RESPUESTA,COD_PREGUNTA) values ('616','182','71','71','15');
Insert into SALUDMP.VDIR_RESPUESTAS_MARCADAS (COD_RESPUESTAS_MARCADAS,COD_ENCUESTA_PERSONA,COD_RESPUESTA,VALOR_RESPUESTA,COD_PREGUNTA) values ('617','182','74','74','16');
Insert into SALUDMP.VDIR_RESPUESTAS_MARCADAS (COD_RESPUESTAS_MARCADAS,COD_ENCUESTA_PERSONA,COD_RESPUESTA,VALOR_RESPUESTA,COD_PREGUNTA) values ('618','182','77','77','17');
Insert into SALUDMP.VDIR_RESPUESTAS_MARCADAS (COD_RESPUESTAS_MARCADAS,COD_ENCUESTA_PERSONA,COD_RESPUESTA,VALOR_RESPUESTA,COD_PREGUNTA) values ('619','182','80','80','18');
Insert into SALUDMP.VDIR_RESPUESTAS_MARCADAS (COD_RESPUESTAS_MARCADAS,COD_ENCUESTA_PERSONA,COD_RESPUESTA,VALOR_RESPUESTA,COD_PREGUNTA) values ('620','182','83','83','19');
Insert into SALUDMP.VDIR_RESPUESTAS_MARCADAS (COD_RESPUESTAS_MARCADAS,COD_ENCUESTA_PERSONA,COD_RESPUESTA,VALOR_RESPUESTA,COD_PREGUNTA) values ('621','182','86','86','20');
Insert into SALUDMP.VDIR_RESPUESTAS_MARCADAS (COD_RESPUESTAS_MARCADAS,COD_ENCUESTA_PERSONA,COD_RESPUESTA,VALOR_RESPUESTA,COD_PREGUNTA) values ('622','182','89','89','21');
Insert into SALUDMP.VDIR_RESPUESTAS_MARCADAS (COD_RESPUESTAS_MARCADAS,COD_ENCUESTA_PERSONA,COD_RESPUESTA,VALOR_RESPUESTA,COD_PREGUNTA) values ('623','182','92','92','22');
Insert into SALUDMP.VDIR_RESPUESTAS_MARCADAS (COD_RESPUESTAS_MARCADAS,COD_ENCUESTA_PERSONA,COD_RESPUESTA,VALOR_RESPUESTA,COD_PREGUNTA) values ('624','182','95','95','23');
Insert into SALUDMP.VDIR_RESPUESTAS_MARCADAS (COD_RESPUESTAS_MARCADAS,COD_ENCUESTA_PERSONA,COD_RESPUESTA,VALOR_RESPUESTA,COD_PREGUNTA) values ('625','182','98','98','24');
Insert into SALUDMP.VDIR_RESPUESTAS_MARCADAS (COD_RESPUESTAS_MARCADAS,COD_ENCUESTA_PERSONA,COD_RESPUESTA,VALOR_RESPUESTA,COD_PREGUNTA) values ('626','182','101','101','25');
Insert into SALUDMP.VDIR_RESPUESTAS_MARCADAS (COD_RESPUESTAS_MARCADAS,COD_ENCUESTA_PERSONA,COD_RESPUESTA,VALOR_RESPUESTA,COD_PREGUNTA) values ('627','182','104','104','26');
Insert into SALUDMP.VDIR_RESPUESTAS_MARCADAS (COD_RESPUESTAS_MARCADAS,COD_ENCUESTA_PERSONA,COD_RESPUESTA,VALOR_RESPUESTA,COD_PREGUNTA) values ('628','182','107','107','27');
Insert into SALUDMP.VDIR_RESPUESTAS_MARCADAS (COD_RESPUESTAS_MARCADAS,COD_ENCUESTA_PERSONA,COD_RESPUESTA,VALOR_RESPUESTA,COD_PREGUNTA) values ('629','182','110','110','28');
Insert into SALUDMP.VDIR_RESPUESTAS_MARCADAS (COD_RESPUESTAS_MARCADAS,COD_ENCUESTA_PERSONA,COD_RESPUESTA,VALOR_RESPUESTA,COD_PREGUNTA) values ('630','182','118','185','31');
Insert into SALUDMP.VDIR_RESPUESTAS_MARCADAS (COD_RESPUESTAS_MARCADAS,COD_ENCUESTA_PERSONA,COD_RESPUESTA,VALOR_RESPUESTA,COD_PREGUNTA) values ('631','182','119','75','32');
Insert into SALUDMP.VDIR_RESPUESTAS_MARCADAS (COD_RESPUESTAS_MARCADAS,COD_ENCUESTA_PERSONA,COD_RESPUESTA,VALOR_RESPUESTA,COD_PREGUNTA) values ('632','182','121','121','33');
Insert into SALUDMP.VDIR_RESPUESTAS_MARCADAS (COD_RESPUESTAS_MARCADAS,COD_ENCUESTA_PERSONA,COD_RESPUESTA,VALOR_RESPUESTA,COD_PREGUNTA) values ('704','204','59','59','11');
Insert into SALUDMP.VDIR_RESPUESTAS_MARCADAS (COD_RESPUESTAS_MARCADAS,COD_ENCUESTA_PERSONA,COD_RESPUESTA,VALOR_RESPUESTA,COD_PREGUNTA) values ('705','204','62','62','12');
Insert into SALUDMP.VDIR_RESPUESTAS_MARCADAS (COD_RESPUESTAS_MARCADAS,COD_ENCUESTA_PERSONA,COD_RESPUESTA,VALOR_RESPUESTA,COD_PREGUNTA) values ('706','204','65','65','13');
Insert into SALUDMP.VDIR_RESPUESTAS_MARCADAS (COD_RESPUESTAS_MARCADAS,COD_ENCUESTA_PERSONA,COD_RESPUESTA,VALOR_RESPUESTA,COD_PREGUNTA) values ('707','204','68','68','14');
Insert into SALUDMP.VDIR_RESPUESTAS_MARCADAS (COD_RESPUESTAS_MARCADAS,COD_ENCUESTA_PERSONA,COD_RESPUESTA,VALOR_RESPUESTA,COD_PREGUNTA) values ('708','204','71','71','15');
Insert into SALUDMP.VDIR_RESPUESTAS_MARCADAS (COD_RESPUESTAS_MARCADAS,COD_ENCUESTA_PERSONA,COD_RESPUESTA,VALOR_RESPUESTA,COD_PREGUNTA) values ('709','204','74','74','16');
Insert into SALUDMP.VDIR_RESPUESTAS_MARCADAS (COD_RESPUESTAS_MARCADAS,COD_ENCUESTA_PERSONA,COD_RESPUESTA,VALOR_RESPUESTA,COD_PREGUNTA) values ('710','204','77','77','17');
Insert into SALUDMP.VDIR_RESPUESTAS_MARCADAS (COD_RESPUESTAS_MARCADAS,COD_ENCUESTA_PERSONA,COD_RESPUESTA,VALOR_RESPUESTA,COD_PREGUNTA) values ('711','204','80','80','18');
Insert into SALUDMP.VDIR_RESPUESTAS_MARCADAS (COD_RESPUESTAS_MARCADAS,COD_ENCUESTA_PERSONA,COD_RESPUESTA,VALOR_RESPUESTA,COD_PREGUNTA) values ('712','204','83','83','19');
Insert into SALUDMP.VDIR_RESPUESTAS_MARCADAS (COD_RESPUESTAS_MARCADAS,COD_ENCUESTA_PERSONA,COD_RESPUESTA,VALOR_RESPUESTA,COD_PREGUNTA) values ('713','204','86','86','20');
Insert into SALUDMP.VDIR_RESPUESTAS_MARCADAS (COD_RESPUESTAS_MARCADAS,COD_ENCUESTA_PERSONA,COD_RESPUESTA,VALOR_RESPUESTA,COD_PREGUNTA) values ('714','204','89','89','21');
Insert into SALUDMP.VDIR_RESPUESTAS_MARCADAS (COD_RESPUESTAS_MARCADAS,COD_ENCUESTA_PERSONA,COD_RESPUESTA,VALOR_RESPUESTA,COD_PREGUNTA) values ('715','204','92','92','22');
Insert into SALUDMP.VDIR_RESPUESTAS_MARCADAS (COD_RESPUESTAS_MARCADAS,COD_ENCUESTA_PERSONA,COD_RESPUESTA,VALOR_RESPUESTA,COD_PREGUNTA) values ('716','204','95','95','23');
Insert into SALUDMP.VDIR_RESPUESTAS_MARCADAS (COD_RESPUESTAS_MARCADAS,COD_ENCUESTA_PERSONA,COD_RESPUESTA,VALOR_RESPUESTA,COD_PREGUNTA) values ('717','204','98','98','24');
Insert into SALUDMP.VDIR_RESPUESTAS_MARCADAS (COD_RESPUESTAS_MARCADAS,COD_ENCUESTA_PERSONA,COD_RESPUESTA,VALOR_RESPUESTA,COD_PREGUNTA) values ('718','204','101','101','25');
Insert into SALUDMP.VDIR_RESPUESTAS_MARCADAS (COD_RESPUESTAS_MARCADAS,COD_ENCUESTA_PERSONA,COD_RESPUESTA,VALOR_RESPUESTA,COD_PREGUNTA) values ('719','204','104','104','26');
Insert into SALUDMP.VDIR_RESPUESTAS_MARCADAS (COD_RESPUESTAS_MARCADAS,COD_ENCUESTA_PERSONA,COD_RESPUESTA,VALOR_RESPUESTA,COD_PREGUNTA) values ('720','204','107','107','27');
Insert into SALUDMP.VDIR_RESPUESTAS_MARCADAS (COD_RESPUESTAS_MARCADAS,COD_ENCUESTA_PERSONA,COD_RESPUESTA,VALOR_RESPUESTA,COD_PREGUNTA) values ('721','204','110','110','28');
Insert into SALUDMP.VDIR_RESPUESTAS_MARCADAS (COD_RESPUESTAS_MARCADAS,COD_ENCUESTA_PERSONA,COD_RESPUESTA,VALOR_RESPUESTA,COD_PREGUNTA) values ('722','204','118','165','31');
Insert into SALUDMP.VDIR_RESPUESTAS_MARCADAS (COD_RESPUESTAS_MARCADAS,COD_ENCUESTA_PERSONA,COD_RESPUESTA,VALOR_RESPUESTA,COD_PREGUNTA) values ('723','204','119','56','32');
Insert into SALUDMP.VDIR_RESPUESTAS_MARCADAS (COD_RESPUESTAS_MARCADAS,COD_ENCUESTA_PERSONA,COD_RESPUESTA,VALOR_RESPUESTA,COD_PREGUNTA) values ('724','204','121','121','33');
REM INSERTING into SALUDMP.VDIR_ROL
SET DEFINE OFF;
Insert into SALUDMP.VDIR_ROL (COD_ROL,DES_ROL,COD_ESTADO) values ('1','Cliente','1');
Insert into SALUDMP.VDIR_ROL (COD_ROL,DES_ROL,COD_ESTADO) values ('2','Operador','1');
Insert into SALUDMP.VDIR_ROL (COD_ROL,DES_ROL,COD_ESTADO) values ('3','Administrador','1');
REM INSERTING into SALUDMP.VDIR_ROL_USUARIO
SET DEFINE OFF;
Insert into SALUDMP.VDIR_ROL_USUARIO (COD_ROL_USUARIO,COD_USUARIO,COD_ROL) values ('1','2','3');
Insert into SALUDMP.VDIR_ROL_USUARIO (COD_ROL_USUARIO,COD_USUARIO,COD_ROL) values ('21','21','1');
Insert into SALUDMP.VDIR_ROL_USUARIO (COD_ROL_USUARIO,COD_USUARIO,COD_ROL) values ('41','41','1');
Insert into SALUDMP.VDIR_ROL_USUARIO (COD_ROL_USUARIO,COD_USUARIO,COD_ROL) values ('66','68','1');
Insert into SALUDMP.VDIR_ROL_USUARIO (COD_ROL_USUARIO,COD_USUARIO,COD_ROL) values ('82','82','3');
Insert into SALUDMP.VDIR_ROL_USUARIO (COD_ROL_USUARIO,COD_USUARIO,COD_ROL) values ('83','83','3');
Insert into SALUDMP.VDIR_ROL_USUARIO (COD_ROL_USUARIO,COD_USUARIO,COD_ROL) values ('101','101','1');
Insert into SALUDMP.VDIR_ROL_USUARIO (COD_ROL_USUARIO,COD_USUARIO,COD_ROL) values ('110','110','1');
Insert into SALUDMP.VDIR_ROL_USUARIO (COD_ROL_USUARIO,COD_USUARIO,COD_ROL) values ('102','102','1');
Insert into SALUDMP.VDIR_ROL_USUARIO (COD_ROL_USUARIO,COD_USUARIO,COD_ROL) values ('107','107','1');
Insert into SALUDMP.VDIR_ROL_USUARIO (COD_ROL_USUARIO,COD_USUARIO,COD_ROL) values ('108','108','1');
Insert into SALUDMP.VDIR_ROL_USUARIO (COD_ROL_USUARIO,COD_USUARIO,COD_ROL) values ('109','109','1');
Insert into SALUDMP.VDIR_ROL_USUARIO (COD_ROL_USUARIO,COD_USUARIO,COD_ROL) values ('67','69','1');
Insert into SALUDMP.VDIR_ROL_USUARIO (COD_ROL_USUARIO,COD_USUARIO,COD_ROL) values ('103','103','1');
Insert into SALUDMP.VDIR_ROL_USUARIO (COD_ROL_USUARIO,COD_USUARIO,COD_ROL) values ('61','63','1');
Insert into SALUDMP.VDIR_ROL_USUARIO (COD_ROL_USUARIO,COD_USUARIO,COD_ROL) values ('62','64','1');
Insert into SALUDMP.VDIR_ROL_USUARIO (COD_ROL_USUARIO,COD_USUARIO,COD_ROL) values ('63','65','1');
Insert into SALUDMP.VDIR_ROL_USUARIO (COD_ROL_USUARIO,COD_USUARIO,COD_ROL) values ('64','66','1');
Insert into SALUDMP.VDIR_ROL_USUARIO (COD_ROL_USUARIO,COD_USUARIO,COD_ROL) values ('65','67','1');
Insert into SALUDMP.VDIR_ROL_USUARIO (COD_ROL_USUARIO,COD_USUARIO,COD_ROL) values ('111','111','1');
Insert into SALUDMP.VDIR_ROL_USUARIO (COD_ROL_USUARIO,COD_USUARIO,COD_ROL) values ('68','70','1');
Insert into SALUDMP.VDIR_ROL_USUARIO (COD_ROL_USUARIO,COD_USUARIO,COD_ROL) values ('81','81','3');
Insert into SALUDMP.VDIR_ROL_USUARIO (COD_ROL_USUARIO,COD_USUARIO,COD_ROL) values ('104','104','1');
Insert into SALUDMP.VDIR_ROL_USUARIO (COD_ROL_USUARIO,COD_USUARIO,COD_ROL) values ('105','105','1');
Insert into SALUDMP.VDIR_ROL_USUARIO (COD_ROL_USUARIO,COD_USUARIO,COD_ROL) values ('106','106','1');
REM INSERTING into SALUDMP.VDIR_SEGURO
SET DEFINE OFF;
Insert into SALUDMP.VDIR_SEGURO (COD_SEGURO,DES_SEGURO,COD_PROGRAMA,VALOR,COD_ESTADO) values ('1','Eventos criticos','1','20000','1');
Insert into SALUDMP.VDIR_SEGURO (COD_SEGURO,DES_SEGURO,COD_PROGRAMA,VALOR,COD_ESTADO) values ('2','Desempleo','1','30000','1');
REM INSERTING into SALUDMP.VDIR_SEXO
SET DEFINE OFF;
Insert into SALUDMP.VDIR_SEXO (COD_SEXO,DES_SEXO,COD_ESTADO,DES_ABR) values ('1','Masculino','1','M');
Insert into SALUDMP.VDIR_SEXO (COD_SEXO,DES_SEXO,COD_ESTADO,DES_ABR) values ('2','Femenino','1','F');
REM INSERTING into SALUDMP.VDIR_TARIFA
SET DEFINE OFF;
Insert into SALUDMP.VDIR_TARIFA (COD_TARIFA,COD_PLAN_PROGRAMA,COD_PLAN,COD_ESTADO,COD_TIPO_TARIFA,VALOR,FECHA_VIGE_INICIAL,FECHA_VIGE_FIN,COD_CONDICION_TARIFA,COD_NUM_USUARIOS_TARIFA,COD_SEXO,EDAD_INICIAL,EDAD_FINAL,COD_TARIFA_MP) values ('1','1','1','2','1','500000',to_date('01/01/19','DD/MM/RR'),to_date('01/01/20','DD/MM/RR'),'1','4',null,null,null,'CODT1');
Insert into SALUDMP.VDIR_TARIFA (COD_TARIFA,COD_PLAN_PROGRAMA,COD_PLAN,COD_ESTADO,COD_TIPO_TARIFA,VALOR,FECHA_VIGE_INICIAL,FECHA_VIGE_FIN,COD_CONDICION_TARIFA,COD_NUM_USUARIOS_TARIFA,COD_SEXO,EDAD_INICIAL,EDAD_FINAL,COD_TARIFA_MP) values ('28','9','1','1','1','60000',to_date('22/01/19','DD/MM/RR'),to_date('31/01/19','DD/MM/RR'),'2',null,'1','13','80','CODT2');
Insert into SALUDMP.VDIR_TARIFA (COD_TARIFA,COD_PLAN_PROGRAMA,COD_PLAN,COD_ESTADO,COD_TIPO_TARIFA,VALOR,FECHA_VIGE_INICIAL,FECHA_VIGE_FIN,COD_CONDICION_TARIFA,COD_NUM_USUARIOS_TARIFA,COD_SEXO,EDAD_INICIAL,EDAD_FINAL,COD_TARIFA_MP) values ('27','7','1','1','1','700000',to_date('23/01/19','DD/MM/RR'),to_date('31/01/19','DD/MM/RR'),'2',null,'2','10','80','CODT3');
Insert into SALUDMP.VDIR_TARIFA (COD_TARIFA,COD_PLAN_PROGRAMA,COD_PLAN,COD_ESTADO,COD_TIPO_TARIFA,VALOR,FECHA_VIGE_INICIAL,FECHA_VIGE_FIN,COD_CONDICION_TARIFA,COD_NUM_USUARIOS_TARIFA,COD_SEXO,EDAD_INICIAL,EDAD_FINAL,COD_TARIFA_MP) values ('29','11','1','1','2','60000',to_date('29/01/19','DD/MM/RR'),to_date('29/01/20','DD/MM/RR'),'1','3',null,null,null,'CODT4');
Insert into SALUDMP.VDIR_TARIFA (COD_TARIFA,COD_PLAN_PROGRAMA,COD_PLAN,COD_ESTADO,COD_TIPO_TARIFA,VALOR,FECHA_VIGE_INICIAL,FECHA_VIGE_FIN,COD_CONDICION_TARIFA,COD_NUM_USUARIOS_TARIFA,COD_SEXO,EDAD_INICIAL,EDAD_FINAL,COD_TARIFA_MP) values ('2','6','2','1','2','60000',to_date('01/01/19','DD/MM/RR'),to_date('01/01/20','DD/MM/RR'),'2',null,'2','35','40','CODT15');
Insert into SALUDMP.VDIR_TARIFA (COD_TARIFA,COD_PLAN_PROGRAMA,COD_PLAN,COD_ESTADO,COD_TIPO_TARIFA,VALOR,FECHA_VIGE_INICIAL,FECHA_VIGE_FIN,COD_CONDICION_TARIFA,COD_NUM_USUARIOS_TARIFA,COD_SEXO,EDAD_INICIAL,EDAD_FINAL,COD_TARIFA_MP) values ('42','1','1','1','2','60000',to_date('31/01/19','DD/MM/RR'),to_date('31/01/20','DD/MM/RR'),'1',null,null,null,null,'CODT1');
Insert into SALUDMP.VDIR_TARIFA (COD_TARIFA,COD_PLAN_PROGRAMA,COD_PLAN,COD_ESTADO,COD_TIPO_TARIFA,VALOR,FECHA_VIGE_INICIAL,FECHA_VIGE_FIN,COD_CONDICION_TARIFA,COD_NUM_USUARIOS_TARIFA,COD_SEXO,EDAD_INICIAL,EDAD_FINAL,COD_TARIFA_MP) values ('41','3','1','1','2','50000',to_date('31/01/19','DD/MM/RR'),to_date('31/01/20','DD/MM/RR'),'1','4',null,null,null,'CODTARIFA123');
REM INSERTING into SALUDMP.VDIR_TARIFA_FILE
SET DEFINE OFF;
REM INSERTING into SALUDMP.VDIR_TIPO_FILE
SET DEFINE OFF;
Insert into SALUDMP.VDIR_TIPO_FILE (COD_TIPO_FILE,DES_TIPO_FILE,COD_ESTADO) values ('4','Inclusion','1');
Insert into SALUDMP.VDIR_TIPO_FILE (COD_TIPO_FILE,DES_TIPO_FILE,COD_ESTADO) values ('6','Cédula beneficiario','1');
Insert into SALUDMP.VDIR_TIPO_FILE (COD_TIPO_FILE,DES_TIPO_FILE,COD_ESTADO) values ('7','Afiliación beneficiario','1');
Insert into SALUDMP.VDIR_TIPO_FILE (COD_TIPO_FILE,DES_TIPO_FILE,COD_ESTADO) values ('1','Cobertura inicial','1');
Insert into SALUDMP.VDIR_TIPO_FILE (COD_TIPO_FILE,DES_TIPO_FILE,COD_ESTADO) values ('2','Cobertura_final','1');
Insert into SALUDMP.VDIR_TIPO_FILE (COD_TIPO_FILE,DES_TIPO_FILE,COD_ESTADO) values ('3','Contrato programa','1');
Insert into SALUDMP.VDIR_TIPO_FILE (COD_TIPO_FILE,DES_TIPO_FILE,COD_ESTADO) values ('5','Imagen slider Inicio','1');
REM INSERTING into SALUDMP.VDIR_TIPO_IDENTIFICACION
SET DEFINE OFF;
Insert into SALUDMP.VDIR_TIPO_IDENTIFICACION (COD_TIPO_IDENTIFICACION,DES_TIPO_IDENTIFICACION,COD_ESTADO,DES_ABR) values ('1','Cedula de ciudadania','1','CC');
Insert into SALUDMP.VDIR_TIPO_IDENTIFICACION (COD_TIPO_IDENTIFICACION,DES_TIPO_IDENTIFICACION,COD_ESTADO,DES_ABR) values ('3','Cedula extrangeria','1','CE');
Insert into SALUDMP.VDIR_TIPO_IDENTIFICACION (COD_TIPO_IDENTIFICACION,DES_TIPO_IDENTIFICACION,COD_ESTADO,DES_ABR) values ('4','Pasaporte','1','PASS');
Insert into SALUDMP.VDIR_TIPO_IDENTIFICACION (COD_TIPO_IDENTIFICACION,DES_TIPO_IDENTIFICACION,COD_ESTADO,DES_ABR) values ('5','Permiso especial de permanencia','1','PE');
Insert into SALUDMP.VDIR_TIPO_IDENTIFICACION (COD_TIPO_IDENTIFICACION,DES_TIPO_IDENTIFICACION,COD_ESTADO,DES_ABR) values ('6','Registro Civil de Nacimiento','1','RC');
Insert into SALUDMP.VDIR_TIPO_IDENTIFICACION (COD_TIPO_IDENTIFICACION,DES_TIPO_IDENTIFICACION,COD_ESTADO,DES_ABR) values ('2','Tarjeta de Identidad','1','TI');
REM INSERTING into SALUDMP.VDIR_TIPO_PAGO
SET DEFINE OFF;
Insert into SALUDMP.VDIR_TIPO_PAGO (COD_TIPO_PAGO,DES_TIPO_PAGO,COD_ESTADO) values ('1','Primera cuota','1');
Insert into SALUDMP.VDIR_TIPO_PAGO (COD_TIPO_PAGO,DES_TIPO_PAGO,COD_ESTADO) values ('2','Semestral','1');
Insert into SALUDMP.VDIR_TIPO_PAGO (COD_TIPO_PAGO,DES_TIPO_PAGO,COD_ESTADO) values ('3','Anual','1');
REM INSERTING into SALUDMP.VDIR_TIPO_PERSONA
SET DEFINE OFF;
Insert into SALUDMP.VDIR_TIPO_PERSONA (COD_TIPO_PERSONA,DES_TIPO_PERSONA,COD_ESTADO) values ('1','Contratante','1');
Insert into SALUDMP.VDIR_TIPO_PERSONA (COD_TIPO_PERSONA,DES_TIPO_PERSONA,COD_ESTADO) values ('2','Beneficiario','1');
REM INSERTING into SALUDMP.VDIR_TIPO_SOLICITUD
SET DEFINE OFF;
Insert into SALUDMP.VDIR_TIPO_SOLICITUD (COD_TIPO_SOLICITUD,DES_TIPO_SOLICITUD,COD_ESTADO) values ('1','Inclusion','1');
Insert into SALUDMP.VDIR_TIPO_SOLICITUD (COD_TIPO_SOLICITUD,DES_TIPO_SOLICITUD,COD_ESTADO) values ('2','Venta_nueva','1');
REM INSERTING into SALUDMP.VDIR_TIPO_TARIFA
SET DEFINE OFF;
Insert into SALUDMP.VDIR_TIPO_TARIFA (COD_TIPO_TARIFA,DES_TIPO_TARIFA,COD_ESTADO) values ('1','Promoción','1');
Insert into SALUDMP.VDIR_TIPO_TARIFA (COD_TIPO_TARIFA,DES_TIPO_TARIFA,COD_ESTADO) values ('2','Normal','1');
REM INSERTING into SALUDMP.VDIR_TIPO_VIA
SET DEFINE OFF;
Insert into SALUDMP.VDIR_TIPO_VIA (COD_TIPO_VIA,DES_TIPO_VIA,COD_ESTADO,ABR_TIPO_VIA) values ('1','Apartado Aereo','1','AA');
Insert into SALUDMP.VDIR_TIPO_VIA (COD_TIPO_VIA,DES_TIPO_VIA,COD_ESTADO,ABR_TIPO_VIA) values ('2','Avenida Calle','1','AC');
Insert into SALUDMP.VDIR_TIPO_VIA (COD_TIPO_VIA,DES_TIPO_VIA,COD_ESTADO,ABR_TIPO_VIA) values ('3','Administracion','1','AD');
Insert into SALUDMP.VDIR_TIPO_VIA (COD_TIPO_VIA,DES_TIPO_VIA,COD_ESTADO,ABR_TIPO_VIA) values ('4','Aeropuerto','1','AE');
Insert into SALUDMP.VDIR_TIPO_VIA (COD_TIPO_VIA,DES_TIPO_VIA,COD_ESTADO,ABR_TIPO_VIA) values ('5','Avenida Carrera','1','AK');
Insert into SALUDMP.VDIR_TIPO_VIA (COD_TIPO_VIA,DES_TIPO_VIA,COD_ESTADO,ABR_TIPO_VIA) values ('6','Altillo','1','AL');
Insert into SALUDMP.VDIR_TIPO_VIA (COD_TIPO_VIA,DES_TIPO_VIA,COD_ESTADO,ABR_TIPO_VIA) values ('7','Apartamento','1','AP');
Insert into SALUDMP.VDIR_TIPO_VIA (COD_TIPO_VIA,DES_TIPO_VIA,COD_ESTADO,ABR_TIPO_VIA) values ('8','Autopista','1','AU');
Insert into SALUDMP.VDIR_TIPO_VIA (COD_TIPO_VIA,DES_TIPO_VIA,COD_ESTADO,ABR_TIPO_VIA) values ('9','Avenida','1','AV');
Insert into SALUDMP.VDIR_TIPO_VIA (COD_TIPO_VIA,DES_TIPO_VIA,COD_ESTADO,ABR_TIPO_VIA) values ('10','Bodega','1','BG');
Insert into SALUDMP.VDIR_TIPO_VIA (COD_TIPO_VIA,DES_TIPO_VIA,COD_ESTADO,ABR_TIPO_VIA) values ('11','Bulevar','1','BL');
Insert into SALUDMP.VDIR_TIPO_VIA (COD_TIPO_VIA,DES_TIPO_VIA,COD_ESTADO,ABR_TIPO_VIA) values ('12','Bloque','1','BQ');
Insert into SALUDMP.VDIR_TIPO_VIA (COD_TIPO_VIA,DES_TIPO_VIA,COD_ESTADO,ABR_TIPO_VIA) values ('13','Barrio','1','BR');
Insert into SALUDMP.VDIR_TIPO_VIA (COD_TIPO_VIA,DES_TIPO_VIA,COD_ESTADO,ABR_TIPO_VIA) values ('14','Centro Comercial','1','CC');
Insert into SALUDMP.VDIR_TIPO_VIA (COD_TIPO_VIA,DES_TIPO_VIA,COD_ESTADO,ABR_TIPO_VIA) values ('15','Ciudadela','1','CD');
Insert into SALUDMP.VDIR_TIPO_VIA (COD_TIPO_VIA,DES_TIPO_VIA,COD_ESTADO,ABR_TIPO_VIA) values ('16','Centro Comercial','1','CE');
Insert into SALUDMP.VDIR_TIPO_VIA (COD_TIPO_VIA,DES_TIPO_VIA,COD_ESTADO,ABR_TIPO_VIA) values ('17','Calle','1','CL');
Insert into SALUDMP.VDIR_TIPO_VIA (COD_TIPO_VIA,DES_TIPO_VIA,COD_ESTADO,ABR_TIPO_VIA) values ('18','Condominio','1','CM');
Insert into SALUDMP.VDIR_TIPO_VIA (COD_TIPO_VIA,DES_TIPO_VIA,COD_ESTADO,ABR_TIPO_VIA) values ('19','Conjunto','1','CO');
Insert into SALUDMP.VDIR_TIPO_VIA (COD_TIPO_VIA,DES_TIPO_VIA,COD_ESTADO,ABR_TIPO_VIA) values ('20','Circular','1','CQ');
Insert into SALUDMP.VDIR_TIPO_VIA (COD_TIPO_VIA,DES_TIPO_VIA,COD_ESTADO,ABR_TIPO_VIA) values ('21','Casa','1','CS');
Insert into SALUDMP.VDIR_TIPO_VIA (COD_TIPO_VIA,DES_TIPO_VIA,COD_ESTADO,ABR_TIPO_VIA) values ('22','Carretera','1','CT');
Insert into SALUDMP.VDIR_TIPO_VIA (COD_TIPO_VIA,DES_TIPO_VIA,COD_ESTADO,ABR_TIPO_VIA) values ('23','Circunvalar','1','CV');
Insert into SALUDMP.VDIR_TIPO_VIA (COD_TIPO_VIA,DES_TIPO_VIA,COD_ESTADO,ABR_TIPO_VIA) values ('24','Diagonal','1','DG');
Insert into SALUDMP.VDIR_TIPO_VIA (COD_TIPO_VIA,DES_TIPO_VIA,COD_ESTADO,ABR_TIPO_VIA) values ('25','Deposito','1','DP');
Insert into SALUDMP.VDIR_TIPO_VIA (COD_TIPO_VIA,DES_TIPO_VIA,COD_ESTADO,ABR_TIPO_VIA) values ('26','Edificio','1','ED');
Insert into SALUDMP.VDIR_TIPO_VIA (COD_TIPO_VIA,DES_TIPO_VIA,COD_ESTADO,ABR_TIPO_VIA) values ('27','Entrada','1','EN');
Insert into SALUDMP.VDIR_TIPO_VIA (COD_TIPO_VIA,DES_TIPO_VIA,COD_ESTADO,ABR_TIPO_VIA) values ('28','Esquina','1','EQ');
Insert into SALUDMP.VDIR_TIPO_VIA (COD_TIPO_VIA,DES_TIPO_VIA,COD_ESTADO,ABR_TIPO_VIA) values ('29','Escalera','1','ES');
Insert into SALUDMP.VDIR_TIPO_VIA (COD_TIPO_VIA,DES_TIPO_VIA,COD_ESTADO,ABR_TIPO_VIA) values ('30','Etapa','1','ET');
Insert into SALUDMP.VDIR_TIPO_VIA (COD_TIPO_VIA,DES_TIPO_VIA,COD_ESTADO,ABR_TIPO_VIA) values ('31','Finca','1','FI');
Insert into SALUDMP.VDIR_TIPO_VIA (COD_TIPO_VIA,DES_TIPO_VIA,COD_ESTADO,ABR_TIPO_VIA) values ('32','Garaje','1','GR');
Insert into SALUDMP.VDIR_TIPO_VIA (COD_TIPO_VIA,DES_TIPO_VIA,COD_ESTADO,ABR_TIPO_VIA) values ('33','Garaje Sotano','1','GS');
Insert into SALUDMP.VDIR_TIPO_VIA (COD_TIPO_VIA,DES_TIPO_VIA,COD_ESTADO,ABR_TIPO_VIA) values ('34','Interior','1','IN');
Insert into SALUDMP.VDIR_TIPO_VIA (COD_TIPO_VIA,DES_TIPO_VIA,COD_ESTADO,ABR_TIPO_VIA) values ('35','Kilometro','1','KM');
Insert into SALUDMP.VDIR_TIPO_VIA (COD_TIPO_VIA,DES_TIPO_VIA,COD_ESTADO,ABR_TIPO_VIA) values ('36','Carrera','1','KR');
Insert into SALUDMP.VDIR_TIPO_VIA (COD_TIPO_VIA,DES_TIPO_VIA,COD_ESTADO,ABR_TIPO_VIA) values ('37','Local','1','LC');
Insert into SALUDMP.VDIR_TIPO_VIA (COD_TIPO_VIA,DES_TIPO_VIA,COD_ESTADO,ABR_TIPO_VIA) values ('38','Local Mezzanine','1','LM');
Insert into SALUDMP.VDIR_TIPO_VIA (COD_TIPO_VIA,DES_TIPO_VIA,COD_ESTADO,ABR_TIPO_VIA) values ('39','Lote','1','LT');
Insert into SALUDMP.VDIR_TIPO_VIA (COD_TIPO_VIA,DES_TIPO_VIA,COD_ESTADO,ABR_TIPO_VIA) values ('40','Mezzanine','1','MN');
Insert into SALUDMP.VDIR_TIPO_VIA (COD_TIPO_VIA,DES_TIPO_VIA,COD_ESTADO,ABR_TIPO_VIA) values ('41','Manzana','1','MZ');
Insert into SALUDMP.VDIR_TIPO_VIA (COD_TIPO_VIA,DES_TIPO_VIA,COD_ESTADO,ABR_TIPO_VIA) values ('42','Parqueadero','1','PA');
Insert into SALUDMP.VDIR_TIPO_VIA (COD_TIPO_VIA,DES_TIPO_VIA,COD_ESTADO,ABR_TIPO_VIA) values ('43','Predio','1','PD');
Insert into SALUDMP.VDIR_TIPO_VIA (COD_TIPO_VIA,DES_TIPO_VIA,COD_ESTADO,ABR_TIPO_VIA) values ('44','Pent House','1','PH');
Insert into SALUDMP.VDIR_TIPO_VIA (COD_TIPO_VIA,DES_TIPO_VIA,COD_ESTADO,ABR_TIPO_VIA) values ('45','Piso','1','PI');
Insert into SALUDMP.VDIR_TIPO_VIA (COD_TIPO_VIA,DES_TIPO_VIA,COD_ESTADO,ABR_TIPO_VIA) values ('46','Pasaje','1','PJ');
Insert into SALUDMP.VDIR_TIPO_VIA (COD_TIPO_VIA,DES_TIPO_VIA,COD_ESTADO,ABR_TIPO_VIA) values ('47','Planta','1','PL');
Insert into SALUDMP.VDIR_TIPO_VIA (COD_TIPO_VIA,DES_TIPO_VIA,COD_ESTADO,ABR_TIPO_VIA) values ('48','Parque','1','PQ');
Insert into SALUDMP.VDIR_TIPO_VIA (COD_TIPO_VIA,DES_TIPO_VIA,COD_ESTADO,ABR_TIPO_VIA) values ('49','Porteria','1','PR');
Insert into SALUDMP.VDIR_TIPO_VIA (COD_TIPO_VIA,DES_TIPO_VIA,COD_ESTADO,ABR_TIPO_VIA) values ('50','Paseo','1','PS');
Insert into SALUDMP.VDIR_TIPO_VIA (COD_TIPO_VIA,DES_TIPO_VIA,COD_ESTADO,ABR_TIPO_VIA) values ('51','Puesto','1','PT');
Insert into SALUDMP.VDIR_TIPO_VIA (COD_TIPO_VIA,DES_TIPO_VIA,COD_ESTADO,ABR_TIPO_VIA) values ('52','Puesto','1','PU');
Insert into SALUDMP.VDIR_TIPO_VIA (COD_TIPO_VIA,DES_TIPO_VIA,COD_ESTADO,ABR_TIPO_VIA) values ('53','Round Point Glorieta','1','RP');
Insert into SALUDMP.VDIR_TIPO_VIA (COD_TIPO_VIA,DES_TIPO_VIA,COD_ESTADO,ABR_TIPO_VIA) values ('54','Semisotano','1','SS');
Insert into SALUDMP.VDIR_TIPO_VIA (COD_TIPO_VIA,DES_TIPO_VIA,COD_ESTADO,ABR_TIPO_VIA) values ('55','Suite','1','ST');
Insert into SALUDMP.VDIR_TIPO_VIA (COD_TIPO_VIA,DES_TIPO_VIA,COD_ESTADO,ABR_TIPO_VIA) values ('56','Torre','1','TO');
Insert into SALUDMP.VDIR_TIPO_VIA (COD_TIPO_VIA,DES_TIPO_VIA,COD_ESTADO,ABR_TIPO_VIA) values ('57','Transversal','1','TV');
Insert into SALUDMP.VDIR_TIPO_VIA (COD_TIPO_VIA,DES_TIPO_VIA,COD_ESTADO,ABR_TIPO_VIA) values ('58','Terraza','1','TZ');
Insert into SALUDMP.VDIR_TIPO_VIA (COD_TIPO_VIA,DES_TIPO_VIA,COD_ESTADO,ABR_TIPO_VIA) values ('59','Unidad Residencial','1','UN');
Insert into SALUDMP.VDIR_TIPO_VIA (COD_TIPO_VIA,DES_TIPO_VIA,COD_ESTADO,ABR_TIPO_VIA) values ('60','Urbanizacion','1','UR');
Insert into SALUDMP.VDIR_TIPO_VIA (COD_TIPO_VIA,DES_TIPO_VIA,COD_ESTADO,ABR_TIPO_VIA) values ('61','Vía','1','VI');
Insert into SALUDMP.VDIR_TIPO_VIA (COD_TIPO_VIA,DES_TIPO_VIA,COD_ESTADO,ABR_TIPO_VIA) values ('62','Variante','1','VT');
Insert into SALUDMP.VDIR_TIPO_VIA (COD_TIPO_VIA,DES_TIPO_VIA,COD_ESTADO,ABR_TIPO_VIA) values ('63','X','1','XX');
Insert into SALUDMP.VDIR_TIPO_VIA (COD_TIPO_VIA,DES_TIPO_VIA,COD_ESTADO,ABR_TIPO_VIA) values ('64','Zona','1','ZN');
REM INSERTING into SALUDMP.VDIR_USUARIO
SET DEFINE OFF;
Insert into SALUDMP.VDIR_USUARIO (COD_USUARIO,LOGIN,CLAVE,COD_PERSONA,COD_ESTADO,CODIGO_SEGURIDAD,COD_PLAN) values ('2','felipe','nAQP1cNi81CEdI8v7TXTuQ==','12','1','1561','1');
Insert into SALUDMP.VDIR_USUARIO (COD_USUARIO,LOGIN,CLAVE,COD_PERSONA,COD_ESTADO,CODIGO_SEGURIDAD,COD_PLAN) values ('21','casti','ai5Q6bzxQPWkT5Cy11bFRw==','21','1',null,'2');
Insert into SALUDMP.VDIR_USUARIO (COD_USUARIO,LOGIN,CLAVE,COD_PERSONA,COD_ESTADO,CODIGO_SEGURIDAD,COD_PLAN) values ('41','diego','RUMlfndOqyRvCbH1JtjrtQ==','41','1','1983','2');
Insert into SALUDMP.VDIR_USUARIO (COD_USUARIO,LOGIN,CLAVE,COD_PERSONA,COD_ESTADO,CODIGO_SEGURIDAD,COD_PLAN) values ('68','carlitos','th4/+kKDJ9QlSvw3PgAGDg==','186','1',null,'2');
Insert into SALUDMP.VDIR_USUARIO (COD_USUARIO,LOGIN,CLAVE,COD_PERSONA,COD_ESTADO,CODIGO_SEGURIDAD,COD_PLAN) values ('82','JVALDEZ','QC6ddS/eM4ARjvq9bABINw==','228','1',null,null);
Insert into SALUDMP.VDIR_USUARIO (COD_USUARIO,LOGIN,CLAVE,COD_PERSONA,COD_ESTADO,CODIGO_SEGURIDAD,COD_PLAN) values ('83','WLATORRE','QC6ddS/eM4ARjvq9bABINw==','229','1',null,null);
Insert into SALUDMP.VDIR_USUARIO (COD_USUARIO,LOGIN,CLAVE,COD_PERSONA,COD_ESTADO,CODIGO_SEGURIDAD,COD_PLAN) values ('101','12121212','jeI5/4jRzEQv7YIRjH4yag==','241','1',null,'2');
Insert into SALUDMP.VDIR_USUARIO (COD_USUARIO,LOGIN,CLAVE,COD_PERSONA,COD_ESTADO,CODIGO_SEGURIDAD,COD_PLAN) values ('110','fernando','9366P8akU1FPrA8nU6zxdQ==','257','1',null,'2');
Insert into SALUDMP.VDIR_USUARIO (COD_USUARIO,LOGIN,CLAVE,COD_PERSONA,COD_ESTADO,CODIGO_SEGURIDAD,COD_PLAN) values ('102','1000000','XJWpZqVD9UVulPKmkE6+9Q==','243','1',null,'2');
Insert into SALUDMP.VDIR_USUARIO (COD_USUARIO,LOGIN,CLAVE,COD_PERSONA,COD_ESTADO,CODIGO_SEGURIDAD,COD_PLAN) values ('107','kelly','ZdZdy5o/8dXGD1UjbRYH2A==','252','1',null,'2');
Insert into SALUDMP.VDIR_USUARIO (COD_USUARIO,LOGIN,CLAVE,COD_PERSONA,COD_ESTADO,CODIGO_SEGURIDAD,COD_PLAN) values ('108','gabriel','ih55Sd63mZj2zWy9z0+Wwg==','254','1',null,'2');
Insert into SALUDMP.VDIR_USUARIO (COD_USUARIO,LOGIN,CLAVE,COD_PERSONA,COD_ESTADO,CODIGO_SEGURIDAD,COD_PLAN) values ('109','federico','WHnQq53wmtW2hLZpmDQFGA==','255','1',null,'2');
Insert into SALUDMP.VDIR_USUARIO (COD_USUARIO,LOGIN,CLAVE,COD_PERSONA,COD_ESTADO,CODIGO_SEGURIDAD,COD_PLAN) values ('69','carlos','D69nrsNYvUm7+BsxSxCHWw==','187','1',null,'2');
Insert into SALUDMP.VDIR_USUARIO (COD_USUARIO,LOGIN,CLAVE,COD_PERSONA,COD_ESTADO,CODIGO_SEGURIDAD,COD_PLAN) values ('103','juaasa','+B4MGuo+wxl2dNzxHYhT+w==','244','1',null,'2');
Insert into SALUDMP.VDIR_USUARIO (COD_USUARIO,LOGIN,CLAVE,COD_PERSONA,COD_ESTADO,CODIGO_SEGURIDAD,COD_PLAN) values ('63','carlos01','hxQBYZHp474pBAQc9o5iGA==','161','1','4349','2');
Insert into SALUDMP.VDIR_USUARIO (COD_USUARIO,LOGIN,CLAVE,COD_PERSONA,COD_ESTADO,CODIGO_SEGURIDAD,COD_PLAN) values ('64','nicol','fTri5xWsCzdEgipryMxEKg==','166','1',null,'2');
Insert into SALUDMP.VDIR_USUARIO (COD_USUARIO,LOGIN,CLAVE,COD_PERSONA,COD_ESTADO,CODIGO_SEGURIDAD,COD_PLAN) values ('65','juliana','D69nrsNYvUm7+BsxSxCHWw==','171','1',null,'2');
Insert into SALUDMP.VDIR_USUARIO (COD_USUARIO,LOGIN,CLAVE,COD_PERSONA,COD_ESTADO,CODIGO_SEGURIDAD,COD_PLAN) values ('66','camilo2','P7AN/BCblfhOuIspoMRXSw==','179','1',null,'2');
Insert into SALUDMP.VDIR_USUARIO (COD_USUARIO,LOGIN,CLAVE,COD_PERSONA,COD_ESTADO,CODIGO_SEGURIDAD,COD_PLAN) values ('67','camilo','P7AN/BCblfhOuIspoMRXSw==','185','1',null,'2');
Insert into SALUDMP.VDIR_USUARIO (COD_USUARIO,LOGIN,CLAVE,COD_PERSONA,COD_ESTADO,CODIGO_SEGURIDAD,COD_PLAN) values ('111','ramiro','Xu4Hly6Yd/RZRlZeYarIrA==','259','1',null,'2');
Insert into SALUDMP.VDIR_USUARIO (COD_USUARIO,LOGIN,CLAVE,COD_PERSONA,COD_ESTADO,CODIGO_SEGURIDAD,COD_PLAN) values ('70','1143851048','XJWpZqVD9UVulPKmkE6+9Q==','188','1',null,'2');
Insert into SALUDMP.VDIR_USUARIO (COD_USUARIO,LOGIN,CLAVE,COD_PERSONA,COD_ESTADO,CODIGO_SEGURIDAD,COD_PLAN) values ('81','JKLATORRE','QC6ddS/eM4ARjvq9bABINw==','225','1',null,null);
Insert into SALUDMP.VDIR_USUARIO (COD_USUARIO,LOGIN,CLAVE,COD_PERSONA,COD_ESTADO,CODIGO_SEGURIDAD,COD_PLAN) values ('104','erlinda','ef7uEC53/WPoeBieSAiyVw==','245','1',null,'2');
Insert into SALUDMP.VDIR_USUARIO (COD_USUARIO,LOGIN,CLAVE,COD_PERSONA,COD_ESTADO,CODIGO_SEGURIDAD,COD_PLAN) values ('105','anita','JR5xd/IlQGYLKdR7+4dmbw==','247','1',null,'2');
Insert into SALUDMP.VDIR_USUARIO (COD_USUARIO,LOGIN,CLAVE,COD_PERSONA,COD_ESTADO,CODIGO_SEGURIDAD,COD_PLAN) values ('106','ximena','GkgFbuVKeVfdHkYe17VZ8w==','249','1',null,'2');
--------------------------------------------------------
--  DDL for Index VDIR_AFILIACION_AUDITORIA_IND
--------------------------------------------------------

  CREATE INDEX "SALUDMP"."VDIR_AFILIACION_AUDITORIA_IND" ON "SALUDMP"."VDIR_AFILIACION_AUDITORIA" ("COD_AFILIACION");
--------------------------------------------------------
--  DDL for Index VDIR_AFILIACION_AUDITORIA_IND1
--------------------------------------------------------

  CREATE INDEX "SALUDMP"."VDIR_AFILIACION_AUDITORIA_IND1" ON "SALUDMP"."VDIR_AFILIACION_AUDITORIA" ("COD_AUDITOR");
--------------------------------------------------------
--  DDL for Index VDIR_AFILIACION_AUDITORIA_IND2
--------------------------------------------------------

  CREATE INDEX "SALUDMP"."VDIR_AFILIACION_AUDITORIA_IND2" ON "SALUDMP"."VDIR_AFILIACION_AUDITORIA" ("COD_ESTADO");
--------------------------------------------------------
--  DDL for Index VDIR_AFILIACIONES_INDEX5
--------------------------------------------------------

  CREATE INDEX "SALUDMP"."VDIR_AFILIACIONES_INDEX5" ON "SALUDMP"."VDIR_AFILIACION" ("COD_ESTADO");
--------------------------------------------------------
--  DDL for Index VDIR_AFILIACIONES_PK
--------------------------------------------------------

  CREATE UNIQUE INDEX "SALUDMP"."VDIR_AFILIACIONES_PK" ON "SALUDMP"."VDIR_AFILIACION" ("COD_AFILIACION");
--------------------------------------------------------
--  DDL for Index VDIR_BENEFICIARIO_PROGRAMA_IN
--------------------------------------------------------

  CREATE INDEX "SALUDMP"."VDIR_BENEFICIARIO_PROGRAMA_IN" ON "SALUDMP"."VDIR_BENEFICIARIO_PROGRAMA" ("COD_PROGRAMA");
--------------------------------------------------------
--  DDL for Index VDIR_BENEFICIARIO_PROGRAMA_IN1
--------------------------------------------------------

  CREATE INDEX "SALUDMP"."VDIR_BENEFICIARIO_PROGRAMA_IN1" ON "SALUDMP"."VDIR_BENEFICIARIO_PROGRAMA" ("COD_BENEFICIARIO");
--------------------------------------------------------
--  DDL for Index VDIR_BENEFICIARIO_PROGRAMA_IN2
--------------------------------------------------------

  CREATE INDEX "SALUDMP"."VDIR_BENEFICIARIO_PROGRAMA_IN2" ON "SALUDMP"."VDIR_BENEFICIARIO_PROGRAMA" ("COD_TARIFA");
--------------------------------------------------------
--  DDL for Index VDIR_BENEFICIARIO_PROGRAMA_IN3
--------------------------------------------------------

  CREATE INDEX "SALUDMP"."VDIR_BENEFICIARIO_PROGRAMA_IN3" ON "SALUDMP"."VDIR_BENEFICIARIO_PROGRAMA" ("COD_AFILIACION");
--------------------------------------------------------
--  DDL for Index VDIR_BENEFICIARIO_PROGRAMA_IN4
--------------------------------------------------------

  CREATE UNIQUE INDEX "SALUDMP"."VDIR_BENEFICIARIO_PROGRAMA_IN4" ON "SALUDMP"."VDIR_BENEFICIARIO_PROGRAMA" ("COD_BENEFICIARIO", "COD_PROGRAMA", "COD_AFILIACION");
--------------------------------------------------------
--  DDL for Index VDIR_CONDICION_TARIFA_INDEX1
--------------------------------------------------------

  CREATE INDEX "SALUDMP"."VDIR_CONDICION_TARIFA_INDEX1" ON "SALUDMP"."VDIR_CONDICION_TARIFA" ("COD_ESTADO");
--------------------------------------------------------
--  DDL for Index VDIR_CONTRATANTE_BENEFICIARIO
--------------------------------------------------------

  CREATE INDEX "SALUDMP"."VDIR_CONTRATANTE_BENEFICIARIO" ON "SALUDMP"."VDIR_CONTRATANTE_BENEFICIARIO" ("COD_CONTRATANTE");
--------------------------------------------------------
--  DDL for Index VDIR_CONTRATANTE_BENEFICIARIO1
--------------------------------------------------------

  CREATE INDEX "SALUDMP"."VDIR_CONTRATANTE_BENEFICIARIO1" ON "SALUDMP"."VDIR_CONTRATANTE_BENEFICIARIO" ("COD_BENEFICIARIO");
--------------------------------------------------------
--  DDL for Index VDIR_CONTRATANTE_BENEFICIARIO2
--------------------------------------------------------

  CREATE INDEX "SALUDMP"."VDIR_CONTRATANTE_BENEFICIARIO2" ON "SALUDMP"."VDIR_CONTRATANTE_BENEFICIARIO" ("COD_PARENTESCO");
--------------------------------------------------------
--  DDL for Index VDIR_CONTRATANTE_BENEFICIARIO3
--------------------------------------------------------

  CREATE INDEX "SALUDMP"."VDIR_CONTRATANTE_BENEFICIARIO3" ON "SALUDMP"."VDIR_CONTRATANTE_BENEFICIARIO" ("COD_AFILIACION");
--------------------------------------------------------
--  DDL for Index VDIR_CONTRATANTE_BENEFICIARIO4
--------------------------------------------------------

  CREATE INDEX "SALUDMP"."VDIR_CONTRATANTE_BENEFICIARIO4" ON "SALUDMP"."VDIR_CONTRATANTE_BENEFICIARIO" ("COD_TIPO_SOLICITUD");
--------------------------------------------------------
--  DDL for Index VDIR_DEPARTAMENTO_INDEX1
--------------------------------------------------------

  CREATE INDEX "SALUDMP"."VDIR_DEPARTAMENTO_INDEX1" ON "SALUDMP"."VDIR_DEPARTAMENTO" ("COD_PAIS");
--------------------------------------------------------
--  DDL for Index VDIR_DEPARTAMENTO_INDEX2
--------------------------------------------------------

  CREATE INDEX "SALUDMP"."VDIR_DEPARTAMENTO_INDEX2" ON "SALUDMP"."VDIR_DEPARTAMENTO" ("COD_ESTADO");
--------------------------------------------------------
--  DDL for Index VDIR_DEPARTAMENTO_PK
--------------------------------------------------------

  CREATE UNIQUE INDEX "SALUDMP"."VDIR_DEPARTAMENTO_PK" ON "SALUDMP"."VDIR_DEPARTAMENTO" ("COD_DEPARTAMENTO");
--------------------------------------------------------
--  DDL for Index VDIR_ENCUESTA_CONTRATANTE_IND
--------------------------------------------------------

  CREATE INDEX "SALUDMP"."VDIR_ENCUESTA_CONTRATANTE_IND" ON "SALUDMP"."VDIR_ENCUESTA_PERSONA" ("COD_AFILIACION");
--------------------------------------------------------
--  DDL for Index VDIR_ENCUESTA_CONTRATANTE_IND1
--------------------------------------------------------

  CREATE INDEX "SALUDMP"."VDIR_ENCUESTA_CONTRATANTE_IND1" ON "SALUDMP"."VDIR_ENCUESTA_PERSONA" ("COD_ENCUESTA");
--------------------------------------------------------
--  DDL for Index VDIR_ENCUESTA_CONTRATANTE_IND2
--------------------------------------------------------

  CREATE INDEX "SALUDMP"."VDIR_ENCUESTA_CONTRATANTE_IND2" ON "SALUDMP"."VDIR_ENCUESTA_PERSONA" ("COD_PERSONA");
--------------------------------------------------------
--  DDL for Index VDIR_EPS_PK
--------------------------------------------------------

  CREATE UNIQUE INDEX "SALUDMP"."VDIR_EPS_PK" ON "SALUDMP"."VDIR_EPS" ("COD_EPS");
--------------------------------------------------------
--  DDL for Index VDIR_ESTADO_CIVIL_PK
--------------------------------------------------------

  CREATE UNIQUE INDEX "SALUDMP"."VDIR_ESTADO_CIVIL_PK" ON "SALUDMP"."VDIR_ESTADO_CIVIL" ("COD_ESTADO_CIVIL");
--------------------------------------------------------
--  DDL for Index VDIR_ESTADO_PK
--------------------------------------------------------

  CREATE UNIQUE INDEX "SALUDMP"."VDIR_ESTADO_PK" ON "SALUDMP"."VDIR_ESTADO" ("COD_ESTADO");
--------------------------------------------------------
--  DDL for Index VDIR_FACTURA_DETALLE_INDEX1
--------------------------------------------------------

  CREATE INDEX "SALUDMP"."VDIR_FACTURA_DETALLE_INDEX1" ON "SALUDMP"."VDIR_FACTURA_DETALLE" ("COD_BENEFICIARIO_PROGRAMA");
--------------------------------------------------------
--  DDL for Index VDIR_FACTURA_DETALLE_INDEX2
--------------------------------------------------------

  CREATE INDEX "SALUDMP"."VDIR_FACTURA_DETALLE_INDEX2" ON "SALUDMP"."VDIR_FACTURA_DETALLE" ("COD_FACTURA");
--------------------------------------------------------
--  DDL for Index VDIR_FACTURA_INDEX1
--------------------------------------------------------

  CREATE INDEX "SALUDMP"."VDIR_FACTURA_INDEX1" ON "SALUDMP"."VDIR_FACTURA" ("COD_TIPO_PAGO");
--------------------------------------------------------
--  DDL for Index VDIR_FACTURA_INDEX2
--------------------------------------------------------

  CREATE INDEX "SALUDMP"."VDIR_FACTURA_INDEX2" ON "SALUDMP"."VDIR_FACTURA" ("COD_FORMA_PAGO");
--------------------------------------------------------
--  DDL for Index VDIR_FACTURA_INDEX3
--------------------------------------------------------

  CREATE INDEX "SALUDMP"."VDIR_FACTURA_INDEX3" ON "SALUDMP"."VDIR_FACTURA" ("COD_ESTADO");
--------------------------------------------------------
--  DDL for Index VDIR_FACTURA_INDEX4
--------------------------------------------------------

  CREATE INDEX "SALUDMP"."VDIR_FACTURA_INDEX4" ON "SALUDMP"."VDIR_FACTURA" ("COD_USUARIO");
--------------------------------------------------------
--  DDL for Index VDIR_FILE_AFILIACION_INDEX1
--------------------------------------------------------

  CREATE INDEX "SALUDMP"."VDIR_FILE_AFILIACION_INDEX1" ON "SALUDMP"."VDIR_FILE_BENEFICIARIO" ("COD_AFILIACION");
--------------------------------------------------------
--  DDL for Index VDIR_FILE_AFILIACION_INDEX2
--------------------------------------------------------

  CREATE INDEX "SALUDMP"."VDIR_FILE_AFILIACION_INDEX2" ON "SALUDMP"."VDIR_FILE_BENEFICIARIO" ("COD_FILE");
--------------------------------------------------------
--  DDL for Index VDIR_FILE_AUDITORIA_INDEX1
--------------------------------------------------------

  CREATE INDEX "SALUDMP"."VDIR_FILE_AUDITORIA_INDEX1" ON "SALUDMP"."VDIR_FILE_AUDITORIA" ("COD_AFILIACION_AUDITORIA");
--------------------------------------------------------
--  DDL for Index VDIR_FILE_AUDITORIA_INDEX2
--------------------------------------------------------

  CREATE INDEX "SALUDMP"."VDIR_FILE_AUDITORIA_INDEX2" ON "SALUDMP"."VDIR_FILE_AUDITORIA" ("COD_FILE");
--------------------------------------------------------
--  DDL for Index VDIR_FILE_AUDITORIA_INDEX3
--------------------------------------------------------

  CREATE INDEX "SALUDMP"."VDIR_FILE_AUDITORIA_INDEX3" ON "SALUDMP"."VDIR_FILE_AUDITORIA" ("COD_PERSONA");
--------------------------------------------------------
--  DDL for Index VDIR_FILE_BENEFICIARIO_INDEX1
--------------------------------------------------------

  CREATE INDEX "SALUDMP"."VDIR_FILE_BENEFICIARIO_INDEX1" ON "SALUDMP"."VDIR_FILE_BENEFICIARIO" ("COD_BENEFICIARIO");
--------------------------------------------------------
--  DDL for Index VDIR_FILE_INDEX1
--------------------------------------------------------

  CREATE INDEX "SALUDMP"."VDIR_FILE_INDEX1" ON "SALUDMP"."VDIR_FILE" ("COD_TIPO_FILE");
--------------------------------------------------------
--  DDL for Index VDIR_FORMA_PAGO_INDEX1
--------------------------------------------------------

  CREATE INDEX "SALUDMP"."VDIR_FORMA_PAGO_INDEX1" ON "SALUDMP"."VDIR_FORMA_PAGO" ("COD_ESTADO");
--------------------------------------------------------
--  DDL for Index VDIR_IMPUESTO_INDEX1
--------------------------------------------------------

  CREATE INDEX "SALUDMP"."VDIR_IMPUESTO_INDEX1" ON "SALUDMP"."VDIR_IMPUESTO" ("COD_ESTADO");
--------------------------------------------------------
--  DDL for Index VDIR_MENU_INDEX1
--------------------------------------------------------

  CREATE INDEX "SALUDMP"."VDIR_MENU_INDEX1" ON "SALUDMP"."VDIR_MENU" ("COD_PADRE");
--------------------------------------------------------
--  DDL for Index VDIR_MUNICIPIO_INDEX1
--------------------------------------------------------

  CREATE INDEX "SALUDMP"."VDIR_MUNICIPIO_INDEX1" ON "SALUDMP"."VDIR_MUNICIPIO" ("COD_DEPARTAMENTO");
--------------------------------------------------------
--  DDL for Index VDIR_MUNICIPIO_INDEX2
--------------------------------------------------------

  CREATE INDEX "SALUDMP"."VDIR_MUNICIPIO_INDEX2" ON "SALUDMP"."VDIR_MUNICIPIO" ("COD_ESTADO");
--------------------------------------------------------
--  DDL for Index VDIR_MUNICIPIO_PK
--------------------------------------------------------

  CREATE UNIQUE INDEX "SALUDMP"."VDIR_MUNICIPIO_PK" ON "SALUDMP"."VDIR_MUNICIPIO" ("COD_MUNICIPIO");
--------------------------------------------------------
--  DDL for Index VDIR_NUM_USUARIOS_TARIFA_INDE
--------------------------------------------------------

  CREATE INDEX "SALUDMP"."VDIR_NUM_USUARIOS_TARIFA_INDE" ON "SALUDMP"."VDIR_NUM_USUARIOS_TARIFA" ("COD_ESTADO");
--------------------------------------------------------
--  DDL for Index VDIR_PAIS_INDEX1
--------------------------------------------------------

  CREATE INDEX "SALUDMP"."VDIR_PAIS_INDEX1" ON "SALUDMP"."VDIR_PAIS" ("COD_ESTADO");
--------------------------------------------------------
--  DDL for Index VDIR_PAIS_PK
--------------------------------------------------------

  CREATE UNIQUE INDEX "SALUDMP"."VDIR_PAIS_PK" ON "SALUDMP"."VDIR_PAIS" ("COD_PAIS");
--------------------------------------------------------
--  DDL for Index VDIR_PARAMETRO_INDEX1
--------------------------------------------------------

  CREATE INDEX "SALUDMP"."VDIR_PARAMETRO_INDEX1" ON "SALUDMP"."VDIR_PARAMETRO" ("COD_ESTADO");
--------------------------------------------------------
--  DDL for Index VDIR_PARENTESCO_INDEX1
--------------------------------------------------------

  CREATE INDEX "SALUDMP"."VDIR_PARENTESCO_INDEX1" ON "SALUDMP"."VDIR_PARENTESCO" ("COD_ESTADO");
--------------------------------------------------------
--  DDL for Index VDIR_PARENTESCO_PK
--------------------------------------------------------

  CREATE UNIQUE INDEX "SALUDMP"."VDIR_PARENTESCO_PK" ON "SALUDMP"."VDIR_PARENTESCO" ("COD_PARENTESCO");
--------------------------------------------------------
--  DDL for Index VDIR_PERSONA_CONTRATO_INDEX1
--------------------------------------------------------

  CREATE INDEX "SALUDMP"."VDIR_PERSONA_CONTRATO_INDEX1" ON "SALUDMP"."VDIR_PERSONA_CONTRATO" ("COD_PERSONA");
--------------------------------------------------------
--  DDL for Index VDIR_PERSONA_CONTRATO_INDEX2
--------------------------------------------------------

  CREATE INDEX "SALUDMP"."VDIR_PERSONA_CONTRATO_INDEX2" ON "SALUDMP"."VDIR_PERSONA_CONTRATO" ("COD_PROGRAMA");
--------------------------------------------------------
--  DDL for Index VDIR_PERSONA_CONTRATO_INDEX3
--------------------------------------------------------

  CREATE INDEX "SALUDMP"."VDIR_PERSONA_CONTRATO_INDEX3" ON "SALUDMP"."VDIR_PERSONA_CONTRATO" ("COD_AFILIACION");
--------------------------------------------------------
--  DDL for Index VDIR_PERSONA_CONTRATO_INDEX4
--------------------------------------------------------

  CREATE INDEX "SALUDMP"."VDIR_PERSONA_CONTRATO_INDEX4" ON "SALUDMP"."VDIR_PERSONA_CONTRATO" ("NUMERO_CONTRATO_ADOBE");
--------------------------------------------------------
--  DDL for Index VDIR_PERSONA_CONTRATO_INDEX5
--------------------------------------------------------

  CREATE UNIQUE INDEX "SALUDMP"."VDIR_PERSONA_CONTRATO_INDEX5" ON "SALUDMP"."VDIR_PERSONA_CONTRATO" ("COD_PERSONA", "COD_PROGRAMA", "NUMERO_CONTRATO_ADOBE");
--------------------------------------------------------
--  DDL for Index VDIR_PERSONA_INDEX1
--------------------------------------------------------

  CREATE INDEX "SALUDMP"."VDIR_PERSONA_INDEX1" ON "SALUDMP"."VDIR_PERSONA" ("COD_TIPO_IDENTIFICACION");
--------------------------------------------------------
--  DDL for Index VDIR_PERSONA_INDEX2
--------------------------------------------------------

  CREATE INDEX "SALUDMP"."VDIR_PERSONA_INDEX2" ON "SALUDMP"."VDIR_PERSONA" ("NUMERO_IDENTIFICACION");
--------------------------------------------------------
--  DDL for Index VDIR_PERSONA_INDEX3
--------------------------------------------------------

  CREATE INDEX "SALUDMP"."VDIR_PERSONA_INDEX3" ON "SALUDMP"."VDIR_PERSONA" ("COD_SEXO");
--------------------------------------------------------
--  DDL for Index VDIR_PERSONA_INDEX4
--------------------------------------------------------

  CREATE INDEX "SALUDMP"."VDIR_PERSONA_INDEX4" ON "SALUDMP"."VDIR_PERSONA" ("COD_MUNICIPIO");
--------------------------------------------------------
--  DDL for Index VDIR_PERSONA_INDEX5
--------------------------------------------------------

  CREATE INDEX "SALUDMP"."VDIR_PERSONA_INDEX5" ON "SALUDMP"."VDIR_PERSONA" ("COD_ESTADO");
--------------------------------------------------------
--  DDL for Index VDIR_PERSONA_INDEX6
--------------------------------------------------------

  CREATE INDEX "SALUDMP"."VDIR_PERSONA_INDEX6" ON "SALUDMP"."VDIR_PERSONA" ("COD_EPS");
--------------------------------------------------------
--  DDL for Index VDIR_PERSONA_INDEX7
--------------------------------------------------------

  CREATE INDEX "SALUDMP"."VDIR_PERSONA_INDEX7" ON "SALUDMP"."VDIR_PERSONA" ("COD_ESTADO_CIVIL");
--------------------------------------------------------
--  DDL for Index VDIR_PERSONA_TIPOPER_INDEX1
--------------------------------------------------------

  CREATE INDEX "SALUDMP"."VDIR_PERSONA_TIPOPER_INDEX1" ON "SALUDMP"."VDIR_PERSONA_TIPOPER" ("COD_PERSONA");
--------------------------------------------------------
--  DDL for Index VDIR_PERSONA_TIPOPER_INDEX2
--------------------------------------------------------

  CREATE INDEX "SALUDMP"."VDIR_PERSONA_TIPOPER_INDEX2" ON "SALUDMP"."VDIR_PERSONA_TIPOPER" ("COD_TIPO_PERSONA");
--------------------------------------------------------
--  DDL for Index VDIR_PERSONA_TIPOPER_PK
--------------------------------------------------------

  CREATE UNIQUE INDEX "SALUDMP"."VDIR_PERSONA_TIPOPER_PK" ON "SALUDMP"."VDIR_PERSONA_TIPOPER" ("COD_PERSONA_TIPOPER");
--------------------------------------------------------
--  DDL for Index VDIR_PLAN_INDEX1
--------------------------------------------------------

  CREATE INDEX "SALUDMP"."VDIR_PLAN_INDEX1" ON "SALUDMP"."VDIR_PLAN" ("COD_ESTADO");
--------------------------------------------------------
--  DDL for Index VDIR_PLAN_PK
--------------------------------------------------------

  CREATE UNIQUE INDEX "SALUDMP"."VDIR_PLAN_PK" ON "SALUDMP"."VDIR_PLAN" ("COD_PLAN");
--------------------------------------------------------
--  DDL for Index VDIR_PLAN_PROGRAMA_INDEX1
--------------------------------------------------------

  CREATE INDEX "SALUDMP"."VDIR_PLAN_PROGRAMA_INDEX1" ON "SALUDMP"."VDIR_PLAN_PROGRAMA" ("COD_PLAN");
--------------------------------------------------------
--  DDL for Index VDIR_PLAN_PROGRAMA_INDEX2
--------------------------------------------------------

  CREATE INDEX "SALUDMP"."VDIR_PLAN_PROGRAMA_INDEX2" ON "SALUDMP"."VDIR_PLAN_PROGRAMA" ("COD_PROGRAMA");
--------------------------------------------------------
--  DDL for Index VDIR_PLAN_PROGRAMA_INDEX3
--------------------------------------------------------

  CREATE INDEX "SALUDMP"."VDIR_PLAN_PROGRAMA_INDEX3" ON "SALUDMP"."VDIR_PLAN_PROGRAMA" ("COD_ESTADO");
--------------------------------------------------------
--  DDL for Index VDIR_PLAN_PROGRAMA_INDEX4
--------------------------------------------------------

  CREATE UNIQUE INDEX "SALUDMP"."VDIR_PLAN_PROGRAMA_INDEX4" ON "SALUDMP"."VDIR_PLAN_PROGRAMA" ("COD_PLAN", "COD_PROGRAMA");
--------------------------------------------------------
--  DDL for Index VDIR_PREGUNTA_INDEX1
--------------------------------------------------------

  CREATE INDEX "SALUDMP"."VDIR_PREGUNTA_INDEX1" ON "SALUDMP"."VDIR_PREGUNTA" ("COD_ENCUESTA");
--------------------------------------------------------
--  DDL for Index VDIR_PREGUNTA_INDEX2
--------------------------------------------------------

  CREATE INDEX "SALUDMP"."VDIR_PREGUNTA_INDEX2" ON "SALUDMP"."VDIR_PREGUNTA" ("COD_MODULO");
--------------------------------------------------------
--  DDL for Index VDIR_PREGUNTA_INDEX3
--------------------------------------------------------

  CREATE INDEX "SALUDMP"."VDIR_PREGUNTA_INDEX3" ON "SALUDMP"."VDIR_PREGUNTA" ("NUMERO_PREGUNTA");
--------------------------------------------------------
--  DDL for Index VDIR_PRODUCTO_INDEX1
--------------------------------------------------------

  CREATE INDEX "SALUDMP"."VDIR_PRODUCTO_INDEX1" ON "SALUDMP"."VDIR_PRODUCTO" ("COD_ESTADO");
--------------------------------------------------------
--  DDL for Index VDIR_PRODUCTO_PK
--------------------------------------------------------

  CREATE UNIQUE INDEX "SALUDMP"."VDIR_PRODUCTO_PK" ON "SALUDMP"."VDIR_PRODUCTO" ("COD_PRODUCTO");
--------------------------------------------------------
--  DDL for Index VDIR_PROGRAMA_FILE_INDEX1
--------------------------------------------------------

  CREATE INDEX "SALUDMP"."VDIR_PROGRAMA_FILE_INDEX1" ON "SALUDMP"."VDIR_PROGRAMA_FILE" ("COD_FILE");
--------------------------------------------------------
--  DDL for Index VDIR_PROGRAMA_FILE_INDEX2
--------------------------------------------------------

  CREATE INDEX "SALUDMP"."VDIR_PROGRAMA_FILE_INDEX2" ON "SALUDMP"."VDIR_PROGRAMA_FILE" ("COD_PROGRAMA");
--------------------------------------------------------
--  DDL for Index VDIR_PROGRAMA_FILE_INDEX3
--------------------------------------------------------

  CREATE UNIQUE INDEX "SALUDMP"."VDIR_PROGRAMA_FILE_INDEX3" ON "SALUDMP"."VDIR_PROGRAMA_FILE" ("COD_FILE", "COD_PROGRAMA");
--------------------------------------------------------
--  DDL for Index VDIR_PROGRAMA_INDEX1
--------------------------------------------------------

  CREATE INDEX "SALUDMP"."VDIR_PROGRAMA_INDEX1" ON "SALUDMP"."VDIR_PROGRAMA" ("COD_PRODUCTO");
--------------------------------------------------------
--  DDL for Index VDIR_PROGRAMA_INDEX2
--------------------------------------------------------

  CREATE INDEX "SALUDMP"."VDIR_PROGRAMA_INDEX2" ON "SALUDMP"."VDIR_PROGRAMA" ("COD_ESTADO");
--------------------------------------------------------
--  DDL for Index VDIR_PROGRAMA_INDEX3
--------------------------------------------------------

  CREATE INDEX "SALUDMP"."VDIR_PROGRAMA_INDEX3" ON "SALUDMP"."VDIR_PROGRAMA" ("COD_IMPUESTO");
--------------------------------------------------------
--  DDL for Index VDIR_PROGRAMA_PK
--------------------------------------------------------

  CREATE UNIQUE INDEX "SALUDMP"."VDIR_PROGRAMA_PK" ON "SALUDMP"."VDIR_PROGRAMA" ("COD_PROGRAMA");
--------------------------------------------------------
--  DDL for Index VDIR_RESPUESTA_INDEX1
--------------------------------------------------------

  CREATE INDEX "SALUDMP"."VDIR_RESPUESTA_INDEX1" ON "SALUDMP"."VDIR_RESPUESTA" ("COD_PREGUNTA");
--------------------------------------------------------
--  DDL for Index VDIR_RESPUESTA_INDEX2
--------------------------------------------------------

  CREATE INDEX "SALUDMP"."VDIR_RESPUESTA_INDEX2" ON "SALUDMP"."VDIR_RESPUESTA" ("NUMERO_RESPUESTA");
--------------------------------------------------------
--  DDL for Index VDIR_RESPUESTAS_MARCADAS_INDE
--------------------------------------------------------

  CREATE INDEX "SALUDMP"."VDIR_RESPUESTAS_MARCADAS_INDE" ON "SALUDMP"."VDIR_RESPUESTAS_MARCADAS" ("COD_ENCUESTA_PERSONA");
--------------------------------------------------------
--  DDL for Index VDIR_RESPUESTAS_MARCADAS_INDE1
--------------------------------------------------------

  CREATE INDEX "SALUDMP"."VDIR_RESPUESTAS_MARCADAS_INDE1" ON "SALUDMP"."VDIR_RESPUESTAS_MARCADAS" ("COD_RESPUESTA");
--------------------------------------------------------
--  DDL for Index VDIR_RESPUESTAS_MARCADAS_INDE2
--------------------------------------------------------

  CREATE UNIQUE INDEX "SALUDMP"."VDIR_RESPUESTAS_MARCADAS_INDE2" ON "SALUDMP"."VDIR_RESPUESTAS_MARCADAS" ("COD_ENCUESTA_PERSONA", "COD_RESPUESTA", "COD_PREGUNTA");
--------------------------------------------------------
--  DDL for Index VDIR_ROL_INDEX1
--------------------------------------------------------

  CREATE INDEX "SALUDMP"."VDIR_ROL_INDEX1" ON "SALUDMP"."VDIR_ROL" ("COD_ESTADO");
--------------------------------------------------------
--  DDL for Index VDIR_ROL_PK
--------------------------------------------------------

  CREATE UNIQUE INDEX "SALUDMP"."VDIR_ROL_PK" ON "SALUDMP"."VDIR_ROL" ("COD_ROL");
--------------------------------------------------------
--  DDL for Index VDIR_ROL_USUARIO_INDEX1
--------------------------------------------------------

  CREATE INDEX "SALUDMP"."VDIR_ROL_USUARIO_INDEX1" ON "SALUDMP"."VDIR_ROL_USUARIO" ("COD_USUARIO");
--------------------------------------------------------
--  DDL for Index VDIR_ROL_USUARIO_INDEX2
--------------------------------------------------------

  CREATE INDEX "SALUDMP"."VDIR_ROL_USUARIO_INDEX2" ON "SALUDMP"."VDIR_ROL_USUARIO" ("COD_ROL");
--------------------------------------------------------
--  DDL for Index VDIR_ROL_USUARIO_PK
--------------------------------------------------------

  CREATE UNIQUE INDEX "SALUDMP"."VDIR_ROL_USUARIO_PK" ON "SALUDMP"."VDIR_ROL_USUARIO" ("COD_ROL_USUARIO");
--------------------------------------------------------
--  DDL for Index VDIR_SEXO_INDEX1
--------------------------------------------------------

  CREATE INDEX "SALUDMP"."VDIR_SEXO_INDEX1" ON "SALUDMP"."VDIR_SEXO" ("COD_ESTADO");
--------------------------------------------------------
--  DDL for Index VDIR_SEXO_PK
--------------------------------------------------------

  CREATE UNIQUE INDEX "SALUDMP"."VDIR_SEXO_PK" ON "SALUDMP"."VDIR_SEXO" ("COD_SEXO");
--------------------------------------------------------
--  DDL for Index VDIR_TARIFA_INDEX1
--------------------------------------------------------

  CREATE INDEX "SALUDMP"."VDIR_TARIFA_INDEX1" ON "SALUDMP"."VDIR_TARIFA" ("COD_PLAN_PROGRAMA");
--------------------------------------------------------
--  DDL for Index VDIR_TARIFA_INDEX2
--------------------------------------------------------

  CREATE INDEX "SALUDMP"."VDIR_TARIFA_INDEX2" ON "SALUDMP"."VDIR_TARIFA" ("COD_PLAN");
--------------------------------------------------------
--  DDL for Index VDIR_TARIFA_INDEX3
--------------------------------------------------------

  CREATE INDEX "SALUDMP"."VDIR_TARIFA_INDEX3" ON "SALUDMP"."VDIR_TARIFA" ("COD_ESTADO");
--------------------------------------------------------
--  DDL for Index VDIR_TARIFA_INDEX4
--------------------------------------------------------

  CREATE INDEX "SALUDMP"."VDIR_TARIFA_INDEX4" ON "SALUDMP"."VDIR_TARIFA" ("COD_CONDICION_TARIFA");
--------------------------------------------------------
--  DDL for Index VDIR_TARIFA_INDEX5
--------------------------------------------------------

  CREATE INDEX "SALUDMP"."VDIR_TARIFA_INDEX5" ON "SALUDMP"."VDIR_TARIFA" ("COD_TIPO_TARIFA");
--------------------------------------------------------
--  DDL for Index VDIR_TARIFA_INDEX6
--------------------------------------------------------

  CREATE INDEX "SALUDMP"."VDIR_TARIFA_INDEX6" ON "SALUDMP"."VDIR_TARIFA" ("COD_NUM_USUARIOS_TARIFA");
--------------------------------------------------------
--  DDL for Index VDIR_TARIFA_PK
--------------------------------------------------------

  CREATE UNIQUE INDEX "SALUDMP"."VDIR_TARIFA_PK" ON "SALUDMP"."VDIR_TARIFA" ("COD_TARIFA");
--------------------------------------------------------
--  DDL for Index VDIR_TIPO_FILE_INDEX1
--------------------------------------------------------

  CREATE INDEX "SALUDMP"."VDIR_TIPO_FILE_INDEX1" ON "SALUDMP"."VDIR_TIPO_FILE" ("COD_ESTADO");
--------------------------------------------------------
--  DDL for Index VDIR_TIPO_IDENTIFICACION_INDE
--------------------------------------------------------

  CREATE INDEX "SALUDMP"."VDIR_TIPO_IDENTIFICACION_INDE" ON "SALUDMP"."VDIR_TIPO_IDENTIFICACION" ("COD_ESTADO");
--------------------------------------------------------
--  DDL for Index VDIR_TIPO_IDENTIFICACION_PK
--------------------------------------------------------

  CREATE UNIQUE INDEX "SALUDMP"."VDIR_TIPO_IDENTIFICACION_PK" ON "SALUDMP"."VDIR_TIPO_IDENTIFICACION" ("COD_TIPO_IDENTIFICACION");
--------------------------------------------------------
--  DDL for Index VDIR_TIPO_PAGO_INDEX1
--------------------------------------------------------

  CREATE INDEX "SALUDMP"."VDIR_TIPO_PAGO_INDEX1" ON "SALUDMP"."VDIR_TIPO_PAGO" ("COD_ESTADO");
--------------------------------------------------------
--  DDL for Index VDIR_TIPO_PERSONA_INDEX1
--------------------------------------------------------

  CREATE INDEX "SALUDMP"."VDIR_TIPO_PERSONA_INDEX1" ON "SALUDMP"."VDIR_TIPO_PERSONA" ("COD_ESTADO");
--------------------------------------------------------
--  DDL for Index VDIR_TIPO_PERSONA_PK
--------------------------------------------------------

  CREATE UNIQUE INDEX "SALUDMP"."VDIR_TIPO_PERSONA_PK" ON "SALUDMP"."VDIR_TIPO_PERSONA" ("COD_TIPO_PERSONA");
--------------------------------------------------------
--  DDL for Index VDIR_TIPO_SOLICITUD_INDEX1
--------------------------------------------------------

  CREATE INDEX "SALUDMP"."VDIR_TIPO_SOLICITUD_INDEX1" ON "SALUDMP"."VDIR_TIPO_SOLICITUD" ("COD_ESTADO");
--------------------------------------------------------
--  DDL for Index VDIR_TIPO_TARIFA_INDEX1
--------------------------------------------------------

  CREATE INDEX "SALUDMP"."VDIR_TIPO_TARIFA_INDEX1" ON "SALUDMP"."VDIR_TIPO_TARIFA" ("COD_ESTADO");
--------------------------------------------------------
--  DDL for Index VDIR_TIPO_VIA_PK
--------------------------------------------------------

  CREATE UNIQUE INDEX "SALUDMP"."VDIR_TIPO_VIA_PK" ON "SALUDMP"."VDIR_TIPO_VIA" ("COD_TIPO_VIA");
--------------------------------------------------------
--  DDL for Index VDIR_USUARIO_INDEX1
--------------------------------------------------------

  CREATE INDEX "SALUDMP"."VDIR_USUARIO_INDEX1" ON "SALUDMP"."VDIR_USUARIO" ("LOGIN");
--------------------------------------------------------
--  DDL for Index VDIR_USUARIO_INDEX2
--------------------------------------------------------

  CREATE INDEX "SALUDMP"."VDIR_USUARIO_INDEX2" ON "SALUDMP"."VDIR_USUARIO" ("CLAVE");
--------------------------------------------------------
--  DDL for Index VDIR_USUARIO_INDEX3
--------------------------------------------------------

  CREATE UNIQUE INDEX "SALUDMP"."VDIR_USUARIO_INDEX3" ON "SALUDMP"."VDIR_USUARIO" ("COD_PERSONA");
--------------------------------------------------------
--  DDL for Index VDIR_USUARIO_INDEX4
--------------------------------------------------------

  CREATE INDEX "SALUDMP"."VDIR_USUARIO_INDEX4" ON "SALUDMP"."VDIR_USUARIO" ("COD_ESTADO");
--------------------------------------------------------
--  DDL for Index VDIR_USUARIO_INDEX5
--------------------------------------------------------

  CREATE INDEX "SALUDMP"."VDIR_USUARIO_INDEX5" ON "SALUDMP"."VDIR_USUARIO" ("COD_PLAN");
--------------------------------------------------------
--  DDL for Index VDIR_USUARIO_PK
--------------------------------------------------------

  CREATE UNIQUE INDEX "SALUDMP"."VDIR_USUARIO_PK" ON "SALUDMP"."VDIR_USUARIO" ("COD_USUARIO");
--------------------------------------------------------
--  DDL for Index VDIR_USUARIO_PKV2
--------------------------------------------------------

  CREATE UNIQUE INDEX "SALUDMP"."VDIR_USUARIO_PKV2" ON "SALUDMP"."VDIR_PERSONA" ("COD_PERSONA");
--------------------------------------------------------
--  DDL for Index SYS_C0010180
--------------------------------------------------------

  CREATE UNIQUE INDEX "SALUDMP"."SYS_C0010180" ON "SALUDMP"."VDIR_AFILIACION_AUDITORIA" ("COD_AFILIACION_AUDITORIA");
--------------------------------------------------------
--  DDL for Index SYS_C0010275
--------------------------------------------------------

  CREATE UNIQUE INDEX "SALUDMP"."SYS_C0010275" ON "SALUDMP"."VDIR_BARRIO" ("COD_BARRIO");
--------------------------------------------------------
--  DDL for Index SYS_C0010653
--------------------------------------------------------

  CREATE UNIQUE INDEX "SALUDMP"."SYS_C0010653" ON "SALUDMP"."VDIR_BENEFICIARIO_PROGRAMA" ("COD_BENEFICIARIO_PROGRAMA");
--------------------------------------------------------
--  DDL for Index SYS_C0010268
--------------------------------------------------------

  CREATE UNIQUE INDEX "SALUDMP"."SYS_C0010268" ON "SALUDMP"."VDIR_COMUNA" ("COD_COMUNA");
--------------------------------------------------------
--  DDL for Index SYS_C0011111
--------------------------------------------------------

  CREATE UNIQUE INDEX "SALUDMP"."SYS_C0011111" ON "SALUDMP"."VDIR_CONDICION_TARIFA" ("COD_CONDICION_TARIFA");
--------------------------------------------------------
--  DDL for Index SYS_C0010645
--------------------------------------------------------

  CREATE UNIQUE INDEX "SALUDMP"."SYS_C0010645" ON "SALUDMP"."VDIR_CONTRATANTE_BENEFICIARIO" ("COD_CONTRATANTE_BENEFICIARIO");
--------------------------------------------------------
--  DDL for Index SYS_C0010027
--------------------------------------------------------

  CREATE UNIQUE INDEX "SALUDMP"."SYS_C0010027" ON "SALUDMP"."VDIR_ENCUESTA" ("COD_ENCUESTA");
--------------------------------------------------------
--  DDL for Index SYS_C0010193
--------------------------------------------------------

  CREATE UNIQUE INDEX "SALUDMP"."SYS_C0010193" ON "SALUDMP"."VDIR_ENCUESTA_PERSONA" ("COD_ENCUESTA_PERSONA");
--------------------------------------------------------
--  DDL for Index SYS_C0010111
--------------------------------------------------------

  CREATE UNIQUE INDEX "SALUDMP"."SYS_C0010111" ON "SALUDMP"."VDIR_FACTURA" ("COD_FACTURA");
--------------------------------------------------------
--  DDL for Index SYS_C0010129
--------------------------------------------------------

  CREATE UNIQUE INDEX "SALUDMP"."SYS_C0010129" ON "SALUDMP"."VDIR_FACTURA_DETALLE" ("COD_FACTURA_DETALLE");
--------------------------------------------------------
--  DDL for Index SYS_C0010016
--------------------------------------------------------

  CREATE UNIQUE INDEX "SALUDMP"."SYS_C0010016" ON "SALUDMP"."VDIR_FILE" ("COD_FILE");
--------------------------------------------------------
--  DDL for Index SYS_C0010187
--------------------------------------------------------

  CREATE UNIQUE INDEX "SALUDMP"."SYS_C0010187" ON "SALUDMP"."VDIR_FILE_AUDITORIA" ("COD_FILE_AUDITORIA");
--------------------------------------------------------
--  DDL for Index SYS_C0010021
--------------------------------------------------------

  CREATE UNIQUE INDEX "SALUDMP"."SYS_C0010021" ON "SALUDMP"."VDIR_FILE_BENEFICIARIO" ("COD_FILE_BENEFICIARIO");
--------------------------------------------------------
--  DDL for Index SYS_C0010100
--------------------------------------------------------

  CREATE UNIQUE INDEX "SALUDMP"."SYS_C0010100" ON "SALUDMP"."VDIR_FORMA_PAGO" ("COD_FORMA_PAGO");
--------------------------------------------------------
--  DDL for Index SYS_C0010082
--------------------------------------------------------

  CREATE UNIQUE INDEX "SALUDMP"."SYS_C0010082" ON "SALUDMP"."VDIR_IMPUESTO" ("COD_IMPUESTO");
--------------------------------------------------------
--  DDL for Index SYS_C0011126
--------------------------------------------------------

  CREATE UNIQUE INDEX "SALUDMP"."SYS_C0011126" ON "SALUDMP"."VDIR_LOG_USUARIOS_SISTEMA" ("COD_LOG_USUARIOS_SISTEMA");
--------------------------------------------------------
--  DDL for Index SYS_C0010224
--------------------------------------------------------

  CREATE UNIQUE INDEX "SALUDMP"."SYS_C0010224" ON "SALUDMP"."VDIR_MENU" ("COD_MENU");
--------------------------------------------------------
--  DDL for Index SYS_C0010460
--------------------------------------------------------

  CREATE UNIQUE INDEX "SALUDMP"."SYS_C0010460" ON "SALUDMP"."VDIR_MODULO_ENCUESTA" ("COD_MODULO");
--------------------------------------------------------
--  DDL for Index SYS_C0010484
--------------------------------------------------------

  CREATE UNIQUE INDEX "SALUDMP"."SYS_C0010484" ON "SALUDMP"."VDIR_MONEDA" ("COD_MONEDA");
--------------------------------------------------------
--  DDL for Index SYS_C0011116
--------------------------------------------------------

  CREATE UNIQUE INDEX "SALUDMP"."SYS_C0011116" ON "SALUDMP"."VDIR_NUM_USUARIOS_TARIFA" ("COD_NUM_USUARIOS_TARIFA");
--------------------------------------------------------
--  DDL for Index SYS_C0010317
--------------------------------------------------------

  CREATE UNIQUE INDEX "SALUDMP"."SYS_C0010317" ON "SALUDMP"."VDIR_PARAMETRO" ("COD_PARAMETRO");
--------------------------------------------------------
--  DDL for Index SYS_C0010910
--------------------------------------------------------

  CREATE UNIQUE INDEX "SALUDMP"."SYS_C0010910" ON "SALUDMP"."VDIR_PERSONA_CONTRATO" ("COD_PERSONA_CONTRATO");
--------------------------------------------------------
--  DDL for Index SYS_C0011104
--------------------------------------------------------

  CREATE UNIQUE INDEX "SALUDMP"."SYS_C0011104" ON "SALUDMP"."VDIR_PLAN_PROGRAMA" ("COD_PLAN_PROGRAMA");
--------------------------------------------------------
--  DDL for Index SYS_C0010032
--------------------------------------------------------

  CREATE UNIQUE INDEX "SALUDMP"."SYS_C0010032" ON "SALUDMP"."VDIR_PREGUNTA" ("COD_PREGUNTA");
--------------------------------------------------------
--  DDL for Index SYS_C0010780
--------------------------------------------------------

  CREATE UNIQUE INDEX "SALUDMP"."SYS_C0010780" ON "SALUDMP"."VDIR_PROGRAMA_FILE" ("COD_PROGRAMA_FILE");
--------------------------------------------------------
--  DDL for Index SYS_C0010037
--------------------------------------------------------

  CREATE UNIQUE INDEX "SALUDMP"."SYS_C0010037" ON "SALUDMP"."VDIR_RESPUESTA" ("COD_RESPUESTA");
--------------------------------------------------------
--  DDL for Index SYS_C0010534
--------------------------------------------------------

  CREATE UNIQUE INDEX "SALUDMP"."SYS_C0010534" ON "SALUDMP"."VDIR_RESPUESTAS_MARCADAS" ("COD_RESPUESTAS_MARCADAS");
--------------------------------------------------------
--  DDL for Index SYS_C0010089
--------------------------------------------------------

  CREATE UNIQUE INDEX "SALUDMP"."SYS_C0010089" ON "SALUDMP"."VDIR_SEGURO" ("COD_SEGURO");
--------------------------------------------------------
--  DDL for Index SYS_C0010841
--------------------------------------------------------

  CREATE UNIQUE INDEX "SALUDMP"."SYS_C0010841" ON "SALUDMP"."VDIR_TARIFA_FILE" ("COD_TARIFA_FILE");
--------------------------------------------------------
--  DDL for Index SYS_C0010013
--------------------------------------------------------

  CREATE UNIQUE INDEX "SALUDMP"."SYS_C0010013" ON "SALUDMP"."VDIR_TIPO_FILE" ("COD_TIPO_FILE");
--------------------------------------------------------
--  DDL for Index SYS_C0010095
--------------------------------------------------------

  CREATE UNIQUE INDEX "SALUDMP"."SYS_C0010095" ON "SALUDMP"."VDIR_TIPO_PAGO" ("COD_TIPO_PAGO");
--------------------------------------------------------
--  DDL for Index SYS_C0010683
--------------------------------------------------------

  CREATE UNIQUE INDEX "SALUDMP"."SYS_C0010683" ON "SALUDMP"."VDIR_TIPO_SOLICITUD" ("COD_TIPO_SOLICITUD");
--------------------------------------------------------
--  DDL for Index SYS_C0010637
--------------------------------------------------------

  CREATE UNIQUE INDEX "SALUDMP"."SYS_C0010637" ON "SALUDMP"."VDIR_TIPO_TARIFA" ("COD_TIPO_TARIFA");
  
--------------------------------------------------------
--  DDL for Package VDIR_PACK_CONSULTA_FILE
--------------------------------------------------------

  CREATE OR REPLACE PACKAGE "SALUDMP"."VDIR_PACK_CONSULTA_FILE" AS
/* ---------------------------------------------------------------------
 Copyright  Tecnología Informática Coomeva - Colombia
 Package     : VDIR_PACK_CONSULTA_FILE
 Caso de Uso : 
 Descripción : Procesos para la consulta los archivos adjuntos - VENTA DIRECTA
 --------------------------------------------------------------------
 Autor : katherine.latorre@kalettre.com
 Fecha : 23-01-2018  
 --------------------------------------------------------------------
 Procedimiento :     Descripcion:
 --------------------------------------------------------------------
 Historia de Modificaciones
 ---------------------------------------------------------------------
 Fecha Autor Modificación
 ----------------------------------------------------------------- */

	-- ---------------------------------------------------------------------
	-- Declaracion de estructuras dinamicas
	-- ---------------------------------------------------------------------
	TYPE type_cursor IS REF CURSOR;

	-- ---------------------------------------------------------------------
    -- fnGetValidaDocumentos
    -- ---------------------------------------------------------------------
    FUNCTION fnGetValidaDocumentos
    (
        inu_codAfiliacion IN VDIR_FILE_BENEFICIARIO.COD_AFILIACION%TYPE,
		inu_codPersona    IN VDIR_FILE_BENEFICIARIO.COD_BENEFICIARIO%TYPE
    )
	RETURN NUMBER;

	-- ---------------------------------------------------------------------
    -- fnGetDocumentosBeneficiario
    -- ---------------------------------------------------------------------
    FUNCTION fnGetDocumentosBeneficiario
    (
        inu_codAfiliacion IN VDIR_FILE_BENEFICIARIO.COD_AFILIACION%TYPE,
		inu_codPersona    IN VDIR_FILE_BENEFICIARIO.COD_BENEFICIARIO%TYPE
    )
	RETURN type_cursor;


END VDIR_PACK_CONSULTA_FILE;

/
--------------------------------------------------------
--  DDL for Package VDIR_PACK_CONSULTA_LINEAS
--------------------------------------------------------

  CREATE OR REPLACE PACKAGE "SALUDMP"."VDIR_PACK_CONSULTA_LINEAS" AS
/* ---------------------------------------------------------------------
 Copyright  Tecnología Informática Coomeva - Colombia
 Package     : VDIR_PACK_CONSULTA_LINEAS
 Caso de Uso : 
 Descripción : Procesos para la consulta los productos - VENTA DIRECTA
 --------------------------------------------------------------------
 Autor : katherine.latorre@kalettre.com
 Fecha : 23-01-2018  
 --------------------------------------------------------------------
 Procedimiento :     Descripcion:
 --------------------------------------------------------------------
 Historia de Modificaciones
 ---------------------------------------------------------------------
 Fecha Autor Modificación
 ----------------------------------------------------------------- */

	-- ---------------------------------------------------------------------
	-- Declaracion de estructuras dinamicas
	-- ---------------------------------------------------------------------
	TYPE type_cursor IS REF CURSOR;

	-- ---------------------------------------------------------------------
    -- fnGetLineas
    -- ---------------------------------------------------------------------
    FUNCTION fnGetLineas RETURN type_cursor;

	-- ---------------------------------------------------------------------
    -- fnGetProductos
    -- ---------------------------------------------------------------------
    FUNCTION fnGetProductos RETURN type_cursor;

	-- ---------------------------------------------------------------------
    -- fnGetProgramas
    -- ---------------------------------------------------------------------
    FUNCTION fnGetProgramas 
	(
		inu_codProducto IN VDIR_PRODUCTO.COD_PRODUCTO%TYPE
	)
	RETURN type_cursor;

	-- ---------------------------------------------------------------------
    -- fnGetPlanes
    -- ---------------------------------------------------------------------
    FUNCTION fnGetPlanes RETURN type_cursor;

	-- ---------------------------------------------------------------------
    -- fnGetEstados
    -- ---------------------------------------------------------------------
    FUNCTION fnGetEstados RETURN type_cursor;

	-- ---------------------------------------------------------------------
    -- fnGetPlanPrograma
    -- ---------------------------------------------------------------------
    FUNCTION fnGetPlanPrograma
	(
	    inuCodPlanPrograma IN VDIR_PLAN_PROGRAMA.COD_PLAN_PROGRAMA%TYPE
	)
	RETURN type_cursor;

	-- ---------------------------------------------------------------------
    -- fnGetCoberturas
    -- ---------------------------------------------------------------------
    FUNCTION fnGetCoberturas
    (
        inu_codPrograma IN VDIR_PLAN_PROGRAMA.COD_PROGRAMA%TYPE,
		inu_codPlan     IN VDIR_PLAN_PROGRAMA.COD_PLAN%TYPE
    )
	RETURN type_cursor;


END VDIR_PACK_CONSULTA_LINEAS;

/
--------------------------------------------------------
--  DDL for Package VDIR_PACK_CONSULTA_TARIFAS
--------------------------------------------------------

  CREATE OR REPLACE PACKAGE "SALUDMP"."VDIR_PACK_CONSULTA_TARIFAS" AS
/* ---------------------------------------------------------------------
 Copyright  Tecnología Informática Coomeva - Colombia
 Package     : VDIR_PACK_CONSULTA_TARIFAS
 Caso de Uso : 
 Descripción : Procesos para la consulta las tarifas - VENTA DIRECTA
 --------------------------------------------------------------------
 Autor : katherine.latorre@kalettre.com
 Fecha : 28-01-2019 
 --------------------------------------------------------------------
 Procedimiento :     Descripcion:
 --------------------------------------------------------------------
 Historia de Modificaciones
 ---------------------------------------------------------------------
 Fecha Autor Modificación
 ----------------------------------------------------------------- */

	-- ---------------------------------------------------------------------
	-- Declaracion de estructuras dinamicas
	-- ---------------------------------------------------------------------
	TYPE type_cursor IS REF CURSOR;

	-- ---------------------------------------------------------------------
    -- fnGetTarifas
    -- ---------------------------------------------------------------------
    FUNCTION fnGetTarifas RETURN type_cursor;

	-- ---------------------------------------------------------------------
    -- fnGetTipoTarifas
    -- ---------------------------------------------------------------------
    FUNCTION fnGetTipoTarifas RETURN type_cursor;

	-- ---------------------------------------------------------------------
    -- fnGetProgramasPlan
    -- ---------------------------------------------------------------------
    FUNCTION fnGetProgramasPlan 
	(
		inu_codPlan IN VDIR_PLAN_PROGRAMA.COD_PLAN%TYPE
	)
	RETURN type_cursor;

	-- ---------------------------------------------------------------------
    -- fnGetGeneros
    -- ---------------------------------------------------------------------
    FUNCTION fnGetGeneros RETURN type_cursor;

	-- ---------------------------------------------------------------------
    -- fnGetCondicionTarifa
    -- ---------------------------------------------------------------------
    FUNCTION fnGetCondicionTarifa RETURN type_cursor;

	-- ---------------------------------------------------------------------
    -- fnGetNumUsuarios
    -- ---------------------------------------------------------------------
    FUNCTION fnGetNumUsuarios RETURN type_cursor;

	-- ---------------------------------------------------------------------
    -- fnGetTarifa
    -- ---------------------------------------------------------------------
    FUNCTION fnGetTarifa 
	(
		inu_codTarifa IN VDIR_TARIFA.COD_TARIFA%TYPE
	)
	RETURN type_cursor;

	-- ---------------------------------------------------------------------
    -- fnGetExisteTarifa
    -- ---------------------------------------------------------------------
    FUNCTION fnGetExisteTarifa 
	(
		ivc_codTarifaMP  IN VDIR_TARIFA.COD_TARIFA_MP%TYPE
	)
	RETURN VDIR_TARIFA.COD_TARIFA%TYPE;

END VDIR_PACK_CONSULTA_TARIFAS;

/
--------------------------------------------------------
--  DDL for Package VDIR_PACK_CONSULTA_USUARIOS
--------------------------------------------------------

  CREATE OR REPLACE PACKAGE "SALUDMP"."VDIR_PACK_CONSULTA_USUARIOS" AS
/* ---------------------------------------------------------------------
 Copyright  Tecnología Informática Coomeva - Colombia
 Package     : VDIR_PACK_CONSULTA_USUARIOS
 Caso de Uso : 
 Descripción : Procesos para la consulta los usuarios - VENTA DIRECTA
 --------------------------------------------------------------------
 Autor : katherine.latorre@kalettre.com
 Fecha : 29-01-2019 
 --------------------------------------------------------------------
 Procedimiento :     Descripcion:
 --------------------------------------------------------------------
 Historia de Modificaciones
 ---------------------------------------------------------------------
 Fecha Autor Modificación
 ----------------------------------------------------------------- */

	-- ---------------------------------------------------------------------
	-- Declaracion de estructuras dinamicas
	-- ---------------------------------------------------------------------
	TYPE type_cursor IS REF CURSOR;

	-- ---------------------------------------------------------------------
    -- fnGetUsuarios
    -- ---------------------------------------------------------------------
    FUNCTION fnGetUsuarios RETURN type_cursor;

	-- ---------------------------------------------------------------------
    -- fnGetTiposIdentificacion
    -- ---------------------------------------------------------------------
    FUNCTION fnGetTiposIdentificacion RETURN type_cursor;

	-- ---------------------------------------------------------------------
    -- fnGetPerfiles
    -- ---------------------------------------------------------------------
    FUNCTION fnGetPerfiles RETURN type_cursor;

	-- ---------------------------------------------------------------------
    -- fnGetUsuario
    -- ---------------------------------------------------------------------
    FUNCTION fnGetUsuario 
	(
		inu_codUsuario IN VDIR_USUARIO.COD_USUARIO%TYPE,
		inu_codPersona IN VDIR_USUARIO.COD_PERSONA%TYPE,
		inu_codPerfil  IN VDIR_ROL_USUARIO.COD_ROL%TYPE
	)
	RETURN type_cursor;

	-- ---------------------------------------------------------------------
    -- fnGetExistePersona
    -- ---------------------------------------------------------------------
    FUNCTION fnGetExistePersona 
	(
		inu_codTipoId IN VDIR_PERSONA.COD_TIPO_IDENTIFICACION%TYPE,
        inu_nroId     IN VDIR_PERSONA.NUMERO_IDENTIFICACION%TYPE
	)
	RETURN VDIR_PERSONA.COD_PERSONA%TYPE;

	-- ---------------------------------------------------------------------
    -- fnGetExisteLogin
    -- ---------------------------------------------------------------------
    FUNCTION fnGetExisteLogin 
	(
		ivc_login  IN VDIR_USUARIO.LOGIN%TYPE
	)
	RETURN VDIR_USUARIO.COD_USUARIO%TYPE;

	-- ---------------------------------------------------------------------
    -- fnGetExistePerfil
    -- ---------------------------------------------------------------------
    FUNCTION fnGetExistePerfil 
	(
		inu_codUsuario   IN VDIR_ROL_USUARIO.COD_USUARIO%TYPE,
        inu_codPerfil    IN VDIR_ROL_USUARIO.COD_ROL%TYPE
	)
	RETURN VDIR_ROL_USUARIO.COD_ROL_USUARIO%TYPE;

	-- ---------------------------------------------------------------------
    -- fnGetValidaClaveActual
    -- ---------------------------------------------------------------------
    FUNCTION fnGetValidaClaveActual 
	(
		inu_codUsuario IN VDIR_USUARIO.COD_USUARIO%TYPE,
        ivc_clave      IN VDIR_USUARIO.CLAVE%TYPE
	)
	RETURN VDIR_USUARIO.COD_USUARIO%TYPE;

END VDIR_PACK_CONSULTA_USUARIOS;

/
--------------------------------------------------------
--  DDL for Package VDIR_PACK_ENCUESTAS
--------------------------------------------------------

  CREATE OR REPLACE PACKAGE "SALUDMP"."VDIR_PACK_ENCUESTAS" AS 

--FUNCION PARA TRAER UNA ENCUESTA DE SARLAF-------------------------------
    FUNCTION VDIR_FN_GET_ENCUESTA_SARLAF(p_codigo_afiliacion IN VDIR_AFILIACION.COD_AFILIACION%TYPE ,p_codigo_persona IN VDIR_PERSONA.COD_PERSONA%TYPE) RETURN CLOB;

 --FUNCION PARA TRAER UNA LISTA DE MONEDAS
   FUNCTION VDIR_FN_GET_LIST_MONEDA RETURN VARCHAR2;

  --FUNCION PARA TRAER UNA LISTA DE PARENTESCOS
   FUNCTION VDIR_FN_GET_LIST_PARENTESCO RETURN VARCHAR2;

   --PROCEDIMIENTO PARA GUARDAR LA ENCUESTA
   PROCEDURE VDIR_FN_GUARDAR_ENCUESTA(p_codigo_encuesta IN VDIR_ENCUESTA.COD_ENCUESTA%TYPE,p_codigo_pregunta IN VDIR_PREGUNTA.COD_PREGUNTA%TYPE,p_codigo_respuesta IN VDIR_RESPUESTA.COD_RESPUESTA%TYPE,p_cod_afiliacion IN VDIR_AFILIACION.COD_AFILIACION%TYPE,p_valor_respuesta IN VDIR_RESPUESTAS_MARCADAS.VALOR_RESPUESTA%TYPE,p_codigo_persona IN VDIR_PERSONA.COD_PERSONA%TYPE,p_respuesta OUT VARCHAR2);

 --FUNCION PARA TRAER LA ENCUESTA SARLAF YA DILIGENCIADA-------------------------------
   FUNCTION VDIR_FN_GET_DATOS_ENCT(p_codigo_afiliacion IN VDIR_AFILIACION.COD_AFILIACION%TYPE,p_codigo_persona IN VDIR_PERSONA.COD_PERSONA%TYPE) RETURN CLOB;

   --FUNCION PARA TRAER UNA ENCUESTA DE SALUD-------------------------------
    FUNCTION VDIR_FN_GET_ENCUESTA_DE_SALUD(p_edad IN NUMBER,p_sexo IN NUMBER,p_codigo_afiliacion IN VDIR_AFILIACION.COD_AFILIACION%TYPE ,p_codigo_persona IN VDIR_PERSONA.COD_PERSONA%TYPE) RETURN CLOB; 

    --FUNCION PARA TRAER LA ENCUESTA DE SALUD YA DILIGENCIADA-------------------------------
   FUNCTION VDIR_FN_GET_DATOS_ENCT_SALUD(p_codigo_afiliacion IN VDIR_AFILIACION.COD_AFILIACION%TYPE,p_codigo_persona IN VDIR_PERSONA.COD_PERSONA%TYPE) RETURN CLOB;

    -- ---------------------------------------------------------------------
    -- fnGetValidaEncuesta
    -- ---------------------------------------------------------------------
    FUNCTION fnGetValidaEncuesta
    (
        inu_codAfiliacion IN VDIR_ENCUESTA_PERSONA.COD_AFILIACION%TYPE,
		inu_codPersona    IN VDIR_ENCUESTA_PERSONA.COD_PERSONA%TYPE,
		inu_codEncuesta   IN VDIR_ENCUESTA_PERSONA.COD_ENCUESTA%TYPE
    )
	RETURN NUMBER;

END VDIR_PACK_ENCUESTAS;

/
--------------------------------------------------------
--  DDL for Package VDIR_PACK_ENVIAR_EMAIL
--------------------------------------------------------

  CREATE OR REPLACE PACKAGE "SALUDMP"."VDIR_PACK_ENVIAR_EMAIL" AS 

  FUNCTION send_email(REMITE IN VARCHAR2,DESTINO IN VARCHAR2, ASUNTO IN VARCHAR2, MENSAJE IN VARCHAR2,PUERTO IN NUMBER,SERVIDOR IN VARCHAR2,USUARIO IN VARCHAR2,CLAVE IN VARCHAR2) RETURN VARCHAR2;
  
  PROCEDURE add_destinatatios(P_MAIL_CONN IN OUT UTL_SMTP.CONNECTION,P_LIST IN VARCHAR2);   
  

END VDIR_PACK_ENVIAR_EMAIL;

/
--------------------------------------------------------
--  DDL for Package VDIR_PACK_INICIO_SESSION
--------------------------------------------------------

  CREATE OR REPLACE PACKAGE "SALUDMP"."VDIR_PACK_INICIO_SESSION" AS 

  ----------------------------------------------- FUNCION PARA TRAER DATOS DEL TIPO DE DOCUMENTO  
  FUNCTION VDIR_FN_GET_TIPO_DOCUMENTO RETURN sys_refcursor;

   ----------------------------------------------- FUNCION PARA TRAER DATOS DEL SEXO  
  FUNCTION VDIR_FN_GET_SEXO RETURN sys_refcursor;

  ------------------------------------------------ PROCEDIMIENTO PARA GUARDAR EL USUARIO  
  PROCEDURE VDIR_SP_GUARDAR_USUARIO (
                             p_tipo_identificacion IN VDIR_PERSONA.COD_TIPO_IDENTIFICACION%TYPE,                            
                             p_numero_identificacion IN VDIR_PERSONA.NUMERO_IDENTIFICACION%TYPE,
                             p_nombre_1 IN VDIR_PERSONA.NOMBRE_1%TYPE,
                             p_nombre_2 IN VDIR_PERSONA.NOMBRE_2%TYPE,
                             p_apellido_1 IN VDIR_PERSONA.APELLIDO_1%TYPE,
                             p_apellido_2 IN VDIR_PERSONA.APELLIDO_2%TYPE,
                             p_fecha_nacimiento IN DATE, 
                             p_cod_sexo IN VDIR_PERSONA.COD_SEXO%TYPE,
                             p_telefono IN VDIR_PERSONA.TELEFONO%TYPE,
                             p_celular IN VDIR_PERSONA.CELULAR%TYPE,
                             p_email IN VDIR_PERSONA.EMAIL%TYPE,
                             p_usuario IN VDIR_USUARIO.LOGIN%TYPE,
                             p_clave IN VDIR_USUARIO.CLAVE%TYPE,
                             p_tipo_persona IN VDIR_TIPO_PERSONA.COD_TIPO_PERSONA%TYPE,
                             p_plan IN VDIR_PLAN.COD_PLAN%TYPE,
                             p_cod_estado IN VDIR_ESTADO.COD_ESTADO%TYPE,                             
                             p_respuesta OUT VARCHAR2                            
                             );  

 ------------------------------------------------ PROCEDIMIENTO PARA ACTUALIZAR EL CODIGO DE SEGURIDAD PARA CAMBIAR LA CLAVE

 PROCEDURE VDIR_SP_ACTUALIZAR_COD_SEG(p_identificacacion IN VDIR_PERSONA.numero_identificacion%TYPE,p_codigo_seguridad OUT VDIR_USUARIO.CODIGO_SEGURIDAD%TYPE);

 ------------------------------------------------ PROCEDIMIENTO PARA ACTUALIZAR LA CLAVE DEL USUARIO
 PROCEDURE VDIR_SP_CAMBIAR_CLAVE(p_identificacacion IN VDIR_PERSONA.numero_identificacion%TYPE,p_codigo_seguridad IN VDIR_USUARIO.CODIGO_SEGURIDAD%TYPE,p_clave IN VDIR_USUARIO.CLAVE%TYPE,p_respuesta OUT VARCHAR2);

  ------------------------------------------------FUNCION PARA TRAER LOS DAOS DE LA PERSONA,USUAIRO Y ROLES 
 FUNCTION VDIR_FN_GET_DATOS_USUARIO(p_login IN vdir_usuario.login%TYPE,p_clave IN vdir_usuario.clave%TYPE) RETURN sys_refcursor;

 -------------------------------------------------FUNCION PARA TRAER LOS ROLES QUE TIENE UNA PERSONA 
 FUNCTION VDIR_FN_GET_ROLES_PERSONA(p_cod_user IN vdir_usuario.cod_usuario%TYPE) RETURN VARCHAR2;


 ------------------------------------------------ PROCEDIMIENTO PARA INSERTAR EL LOG DE USUARIO
 PROCEDURE VDIR_SP_INSERT_LOG_USER(p_login IN VDIR_USUARIO.login%TYPE,p_ip IN VARCHAR2,p_navegador IN VARCHAR2);

 ------------------------------------------------ FUNCION PARA TRAER LAS IMAGENES DE LAS PROMOCIONES DE LOS PRODUCTOS 
 FUNCTION VDIR_FN_GET_DATOS_IMG_PROMO(p_codigo_plan IN vdir_plan.cod_plan%TYPE) RETURN sys_refcursor;

 ------------------------------------------------ FUNCION PARA ENVIAR EMAILS 
 FUNCTION VDIR_FN_SEND_EMAIL(p_to IN VARCHAR2,p_asunto IN VARCHAR2, p_mensaje IN VARCHAR2)  RETURN VARCHAR2;



END VDIR_PACK_INICIO_SESSION;


/
--------------------------------------------------------
--  DDL for Package VDIR_PACK_REGISTRO_CONTRATO
--------------------------------------------------------

  CREATE OR REPLACE PACKAGE "SALUDMP"."VDIR_PACK_REGISTRO_CONTRATO" AS
/* ---------------------------------------------------------------------
 Copyright  Tecnología Informática Coomeva - Colombia
 Package     : VDIR_PACK_REGISTRO_CONTRATO
 Caso de Uso : 
 Descripción : Procesos para el registro del contrato asociado al contratante - VENTA DIRECTA
 --------------------------------------------------------------------
 Autor : katherine.latorre@kalettre.com
 Fecha : 14-01-2018  
 --------------------------------------------------------------------
 Procedimiento :     Descripcion:
 --------------------------------------------------------------------
 Historia de Modificaciones
 ---------------------------------------------------------------------
 Fecha Autor Modificación
 ----------------------------------------------------------------- */

	-- ---------------------------------------------------------------------
	-- Declaracion de estructuras dinamicas
	-- ---------------------------------------------------------------------
	TYPE type_cursor IS REF CURSOR;

	-- ---------------------------------------------------------------------
	-- prGuardarContratoAdobe
	-- ---------------------------------------------------------------------
	PROCEDURE prGuardarContratoAdobe
	(
		inu_codPersona        IN VDIR_PERSONA_CONTRATO.COD_PERSONA%TYPE, 
		inu_codPrograma       IN VDIR_PERSONA_CONTRATO.COD_PROGRAMA%TYPE,
		inu_codAfiliacion     IN VDIR_PERSONA_CONTRATO.COD_AFILIACION%TYPE,
		ivc_nroContratoAdobe  IN VDIR_PERSONA_CONTRATO.NUMERO_CONTRATO_ADOBE%TYPE
    );

END VDIR_PACK_REGISTRO_CONTRATO;


/
--------------------------------------------------------
--  DDL for Package VDIR_PACK_REGISTRO_DATOS
--------------------------------------------------------

  CREATE OR REPLACE PACKAGE "SALUDMP"."VDIR_PACK_REGISTRO_DATOS" AS
/* ---------------------------------------------------------------------
 Copyright  Tecnología Informática Coomeva - Colombia
 Package     : VDIR_PACK_REGISTRO_DATOS
 Caso de Uso : 
 Descripción : Procesos para la ejecucion del requerimiento Registro datos basicos - VENTA DIRECTA
 --------------------------------------------------------------------
 Autor : diego.castillo@kalettre.com
 Fecha : 03-12-2018  
 --------------------------------------------------------------------
 Procedimiento :     Descripcion:
 --------------------------------------------------------------------
 Historia de Modificaciones
 ---------------------------------------------------------------------
 Fecha Autor Modificación
 ----------------------------------------------------------------- */

 ----------------------------------------------------------------------------
 -- Declaracion de estructuras dinamicas
 ----------------------------------------------------------------------------
 TYPE type_cursor IS REF CURSOR;

 TYPE datasplit_record IS RECORD(
       idx NUMBER, 
       dato VARCHAR2(4000)
  );

 TYPE datasplit_table IS TABLE OF datasplit_record;

/*---------------------------------------------------------------------
  fn_get_contratante: Traer la informacion del usuario contratante
 ----------------------------------------------------------------------- */
 FUNCTION fn_get_contratante
 (
    pty_cod_usuario in vdir_usuario.cod_usuario%type
 )RETURN type_cursor;

/*---------------------------------------------------------------------
  fn_get_info_persona: Taer iformacion de la persona con el numero de y tipo de identificacion
 ----------------------------------------------------------------------- */
 FUNCTION fn_get_info_persona
 (
    pty_num_indentificacion in vdir_persona.numero_identificacion%type,
    pty_tip_indentificacion in vdir_persona.cod_tipo_identificacion%type
 )RETURN type_cursor;

 /*---------------------------------------------------------------------
  sp_set_beneficiario: Agregar beneficiario
 ----------------------------------------------------------------------- */
 PROCEDURE sp_set_beneficiario
 (
    p_cod_contratante in vdir_persona.cod_persona%type,
    p_cod_tipo_doc in vdir_persona.cod_tipo_identificacion%type,
    p_num_doc in vdir_persona.numero_identificacion%type,
    p_nombre_1 in vdir_persona.nombre_1%type,
    p_nombre_2 in vdir_persona.nombre_2%type,
    p_apellido_1 in vdir_persona.apellido_1%type,
    p_apellido_2 in vdir_persona.apellido_2%type,
    p_fecha_nacimiento in vdir_persona.fecha_nacimiento%type,
    p_telefono in vdir_persona.telefono%type,
    p_email in vdir_persona.email%type,
    p_cod_sexo in vdir_persona.cod_sexo%type,
    p_cod_municipio in vdir_persona.cod_municipio%type,
    p_celular in vdir_persona.celular%type,
    p_eps in vdir_persona.cod_eps%type,
    p_estado_civil in vdir_persona.cod_estado_civil%type,
    p_ind_tiene_mascota in vdir_persona.ind_tiene_mascota%type,
    p_tipo_via_dir in vdir_tipo_via.cod_tipo_via%type,
    p_num_tipo_via_dir in varchar2,
    p_num_placa_dir in varchar2,
    p_complemento_dir in varchar2,
    p_parentesco in vdir_parentesco.cod_parentesco%type,
    p_estado in vdir_persona.cod_estado%type,
    p_cod_afiliacion in vdir_afiliacion.cod_afiliacion%type,
    p_cod_afiliacion_out out vdir_afiliacion.cod_afiliacion%type
 );

  /*---------------------------------------------------------------------
  fn_get_afiliacion_pendiente: Trae afiliacion pendiente
 ----------------------------------------------------------------------- */
 FUNCTION fn_get_afiliacion_pendiente
 (
    pty_cod_usuario in vdir_usuario.cod_usuario%type
 )RETURN vdir_afiliacion.cod_afiliacion%type;

 /*---------------------------------------------------------------------
  fn_get_benficiarios_contra: Traer los beneficiarios que esta registrando un contratante
 ----------------------------------------------------------------------- */
 FUNCTION fn_get_benficiarios_contra
 (
    pty_cod_usuario in vdir_usuario.cod_usuario%type
 )RETURN type_cursor;

 /*---------------------------------------------------------------------
  sp_quitar_contra_benefi: Quitar la relacion entre el contratante y los beneficiarios de una afiliacion pendiente
  ----------------------------------------------------------------------- */
 PROCEDURE sp_quitar_contra_benefi
 (
    pty_cod_usuario in vdir_usuario.cod_usuario%type,
    pnu_result out numeric
 );

 /*---------------------------------------------------------------------
  sp_cambiar_estado_contra_benefi: Cambiar de estado la relacion entre el contratante y los beneficiarios de una afiliacion pendiente
  ---------------------------------------------------------------------- */
 PROCEDURE sp_set_estado_contra_benefi
 (
    pty_cod_usuario in vdir_usuario.cod_usuario%type,
    pty_cod_estado in vdir_estado.cod_estado%type
 );

 /* ------------------------------------------
  fn_splitData: funcion para retornar tabla con los datos de una cadena separados por un caracter
 -- ------------------------------------------  */
 FUNCTION fn_splitData
 (
    P_STRING_DATA IN VARCHAR2,
    P_SEPARATOR IN VARCHAR2
 )RETURN datasplit_table PIPELINED;

    -- ---------------------------------------------------------------------
    -- fnGetProgramasBeneficiario
    -- --------------------------------------------------------------------- 
	FUNCTION fnGetProgramasBeneficiario
	(
		inu_codBeneficiario  IN VDIR_BENEFICIARIO_PROGRAMA.COD_BENEFICIARIO%TYPE
	)
	RETURN VARCHAR2;

END VDIR_PACK_REGISTRO_DATOS;

/
--------------------------------------------------------
--  DDL for Package VDIR_PACK_REGISTRO_FILE
--------------------------------------------------------

  CREATE OR REPLACE PACKAGE "SALUDMP"."VDIR_PACK_REGISTRO_FILE" AS
/* ---------------------------------------------------------------------
 Copyright  Tecnología Informática Coomeva - Colombia
 Package     : VDIR_PACK_REGISTRO_FILE
 Caso de Uso : 
 Descripción : Procesos para el registro los archivos adjuntos - VENTA DIRECTA
 --------------------------------------------------------------------
 Autor : katherine.latorre@kalettre.com
 Fecha : 23-01-2018  
 --------------------------------------------------------------------
 Procedimiento :     Descripcion:
 --------------------------------------------------------------------
 Historia de Modificaciones
 ---------------------------------------------------------------------
 Fecha Autor Modificación
 ----------------------------------------------------------------- */

	-- ---------------------------------------------------------------------
	-- Declaracion de estructuras dinamicas
	-- ---------------------------------------------------------------------
	TYPE type_cursor IS REF CURSOR;

	-- ---------------------------------------------------------------------
	-- prGuardarFile
	-- ---------------------------------------------------------------------
	PROCEDURE prGuardarFile
	(
		ivc_desFile        IN VDIR_FILE.DES_FILE%TYPE, 
		ivc_observacion    IN VDIR_FILE.OBSERVACION%TYPE,
		ivc_ruta           IN VDIR_FILE.RUTA%TYPE,
		inu_codTipoFile    IN VDIR_FILE.COD_TIPO_FILE%TYPE,
		onu_codFile       OUT VDIR_FILE.COD_FILE%TYPE
    );

	-- ---------------------------------------------------------------------
	-- prGuardarFileBeneficiario
	-- ---------------------------------------------------------------------
	PROCEDURE prGuardarFileBeneficiario
	(
		inu_codAfiliacion    IN VDIR_FILE_BENEFICIARIO.COD_AFILIACION%TYPE, 
		inu_codFile          IN VDIR_FILE_BENEFICIARIO.COD_FILE%TYPE,
		inu_codBeneficiaro   IN VDIR_FILE_BENEFICIARIO.COD_BENEFICIARIO%TYPE
	);

END VDIR_PACK_REGISTRO_FILE;

/
--------------------------------------------------------
--  DDL for Package VDIR_PACK_REGISTRO_LINEAS
--------------------------------------------------------

  CREATE OR REPLACE PACKAGE "SALUDMP"."VDIR_PACK_REGISTRO_LINEAS" AS
/* ---------------------------------------------------------------------
 Copyright  Tecnología Informática Coomeva - Colombia
 Package     : VDIR_PACK_REGISTRO_LINEAS
 Caso de Uso : 
 Descripción : Procesos para el registro del los programas asociados al 
               plan - VENTA DIRECTA
 --------------------------------------------------------------------
 Autor : katherine.latorre@kalettre.com
 Fecha : 25-01-2018  
 --------------------------------------------------------------------
 Procedimiento :     Descripcion:
 --------------------------------------------------------------------
 Historia de Modificaciones
 ---------------------------------------------------------------------
 Fecha Autor Modificación
 ----------------------------------------------------------------- */

	-- ---------------------------------------------------------------------
	-- Declaracion de estructuras dinamicas
	-- ---------------------------------------------------------------------
	TYPE type_cursor IS REF CURSOR;

	-- ---------------------------------------------------------------------
	-- prGuardarPlanPrograma
	-- ---------------------------------------------------------------------
	PROCEDURE prGuardarPlanPrograma
	(
		inu_codPlan           IN VDIR_PLAN_PROGRAMA.COD_PLAN%TYPE, 
		inu_codPrograma       IN VDIR_PLAN_PROGRAMA.COD_PROGRAMA%TYPE,
		inu_codEstado         IN VDIR_PLAN_PROGRAMA.COD_ESTADO%TYPE,
		ivc_coberturaInicial  IN VDIR_PLAN_PROGRAMA.COBERTURA_INICIAL%TYPE,
		ivc_coberturaFinal    IN VDIR_PLAN_PROGRAMA.COBERTURA_FINAL%TYPE
    );

	-- ---------------------------------------------------------------------
	-- prActualizarPlanPrograma
	-- ---------------------------------------------------------------------
	PROCEDURE prActualizarPlanPrograma
	(
	    inu_codPlanPrograma   IN VDIR_PLAN_PROGRAMA.COD_PLAN_PROGRAMA%TYPE,
		inu_codPlan           IN VDIR_PLAN_PROGRAMA.COD_PLAN%TYPE, 
		inu_codPrograma       IN VDIR_PLAN_PROGRAMA.COD_PROGRAMA%TYPE,
		inu_codEstado         IN VDIR_PLAN_PROGRAMA.COD_ESTADO%TYPE,
		ivc_coberturaInicial  IN VDIR_PLAN_PROGRAMA.COBERTURA_INICIAL%TYPE,
		ivc_coberturaFinal    IN VDIR_PLAN_PROGRAMA.COBERTURA_FINAL%TYPE
    );

END VDIR_PACK_REGISTRO_LINEAS;

/
--------------------------------------------------------
--  DDL for Package VDIR_PACK_REGISTRO_PRODUCTOS
--------------------------------------------------------

  CREATE OR REPLACE PACKAGE "SALUDMP"."VDIR_PACK_REGISTRO_PRODUCTOS" AS
/* ---------------------------------------------------------------------
 Copyright  Tecnología Informática Coomeva - Colombia
 Package     : VDIR_PACK_REGISTRO_PRODUCTOS
 Caso de Uso : 
 Descripción : Procesos para la ejecucion del requerimiento Registro de productos - VENTA DIRECTA
 --------------------------------------------------------------------
 Autor : diego.castillo@kalettre.com
 Fecha : 10-12-2018  
 --------------------------------------------------------------------
 Procedimiento :     Descripcion:
 --------------------------------------------------------------------
 Historia de Modificaciones
 ---------------------------------------------------------------------
 Fecha Autor Modificación
 ----------------------------------------------------------------- */

 ----------------------------------------------------------------------------
 -- Declaracion de estructuras dinamicas
 ----------------------------------------------------------------------------
 TYPE type_cursor IS REF CURSOR;

/*---------------------------------------------------------------------
  fn_get_producto: Traer los programas de cada producto en un string con estructura de objeto
 ----------------------------------------------------------------------- */
 FUNCTION fn_get_producto
 (
    pty_cod_producto in vdir_producto.cod_producto%type,
	inu_codPlan      IN VDIR_PLAN_PROGRAMA.COD_PLAN%TYPE
 )RETURN type_cursor;

 /*---------------------------------------------------------------------
  fn_get_programaxproducto_str: Traer los programas de cada producto en un string con estructura de objeto
 ----------------------------------------------------------------------- */
 FUNCTION fn_get_programaxproducto_str
 (
    pty_cod_producto in vdir_producto.cod_producto%type,
	inu_codPlan      IN VDIR_PLAN_PROGRAMA.COD_PLAN%TYPE
 )RETURN VARCHAR2;

 /*---------------------------------------------------------------------
  fn_get_promocion_producto: Trae la el valor de la promocion a la que aplica un producto
 ----------------------------------------------------------------------- */
 FUNCTION fn_get_promocion_producto
 (
    pty_cod_producto in vdir_producto.cod_producto%type
 )RETURN NUMBER; 

    -- ---------------------------------------------------------------------
    -- fnGetDatosUrlPrograma
    -- ---------------------------------------------------------------------
    FUNCTION fnGetDatosUrlPrograma
    (
        ivc_url         IN VDIR_FILE.URL%TYPE,
		inu_codPersona  IN VDIR_PERSONA.COD_PERSONA%TYPE,
		inu_codPrograma IN VDIR_PROGRAMA.COD_PROGRAMA%TYPE
    )
	RETURN VARCHAR2;

	/*---------------------------------------------------------------------
    fn_get_tarifa: Traer tarifa beneficiario por programa
    ----------------------------------------------------------------------*/
    FUNCTION fn_get_tarifa
     (
        pty_cod_beneficiario in vdir_persona.cod_persona%type,
        pty_cod_programa in vdir_programa.cod_programa%type
     )RETURN vdir_tarifa.cod_tarifa%type;

     /*---------------------------------------------------------------------
      fn_get_valor_tarifa: Traer el valor de la tarifa
      ---------------------------------------------------------------------- */
     FUNCTION fn_get_valor_tarifa
     (
        pty_cod_tarifa in vdir_tarifa.cod_tarifa%type
     )RETURN NUMBER;

     /*---------------------------------------------------------------------
      sp_quitar_beneficiario_programa: Quitar registros diferentes a estado 1 en la tabla vdir_beneficiario_programa
      ----------------------------------------------------------------------- */
     PROCEDURE sp_quitar_benefi_programa
     (
        pty_cod_usuario in vdir_usuario.cod_usuario%type
     );

    /*---------------------------------------------------------------------
      sp_registra_benefi_programa: Agregar beneficiario programa 
      ----------------------------------------------------------------------*/

     PROCEDURE sp_registra_benefi_programa
     (
        p_cod_beneficiario in vdir_persona.cod_persona%type,
        p_cod_programa in vdir_programa.cod_programa%type,
        p_cod_afiliacion in vdir_afiliacion.cod_afiliacion%type,
        p_cod_estado in vdir_estado.cod_estado%type,
        p_val_tarifa out number,
        p_replica_val_tarifa out number
     );

    /*---------------------------------------------------------------------
    sp_registra_factura: Registrar factura de compra productos (linea, programa, beneficiario) 
    ----------------------------------------------------------------------*/
     PROCEDURE sp_registra_factura
     (
        pty_cod_usuario in vdir_usuario.cod_usuario%type,
        pty_cod_afiliacion in vdir_afiliacion.cod_afiliacion%type,
        pty_cod_factura out vdir_factura.cod_factura%type
     );

     /*---------------------------------------------------------------------
      fn_get_benficiarios_programas: Traer los beneficiarios que estan registrados a un programa
      ---------------------------------------------------------------------- */
     FUNCTION fn_get_benficiarios_programas
     (
        pty_cod_usuario in vdir_usuario.cod_usuario%type
     )RETURN type_cursor;

END VDIR_PACK_REGISTRO_PRODUCTOS;

/
--------------------------------------------------------
--  DDL for Package VDIR_PACK_REGISTRO_TARIFAS
--------------------------------------------------------

  CREATE OR REPLACE PACKAGE "SALUDMP"."VDIR_PACK_REGISTRO_TARIFAS" AS
/* ---------------------------------------------------------------------
 Copyright  Tecnología Informática Coomeva - Colombia
 Package     : VDIR_PACK_REGISTRO_TARIFAS
 Caso de Uso : 
 Descripción : Procesos para el registro del las tarifas - VENTA DIRECTA
 --------------------------------------------------------------------
 Autor : katherine.latorre@kalettre.com
 Fecha : 28-01-2018  
 --------------------------------------------------------------------
 Procedimiento :     Descripcion:
 --------------------------------------------------------------------
 Historia de Modificaciones
 ---------------------------------------------------------------------
 Fecha Autor Modificación
 ----------------------------------------------------------------- */

	-- ---------------------------------------------------------------------
	-- Declaracion de estructuras dinamicas
	-- ---------------------------------------------------------------------
	TYPE type_cursor IS REF CURSOR;

	-- ---------------------------------------------------------------------
	-- prGuardarTarifa
	-- ---------------------------------------------------------------------
	PROCEDURE prGuardarTarifa
	(
		inu_codPlanPrograma  IN VDIR_TARIFA.COD_PLAN_PROGRAMA%TYPE,
        inu_codPlan          IN VDIR_TARIFA.COD_PLAN%TYPE,
		inu_codEstado        IN VDIR_TARIFA.COD_ESTADO%TYPE,
		inu_codTipoTarifa    IN VDIR_TARIFA.COD_TIPO_TARIFA%TYPE,
		inu_valorTarifa      IN VDIR_TARIFA.VALOR%TYPE,
		idt_fecVigenciaIni   IN VDIR_TARIFA.FECHA_VIGE_INICIAL%TYPE,
		idt_fecVigenciaFin   IN VDIR_TARIFA.FECHA_VIGE_FIN%TYPE,
		inu_codCondicion     IN VDIR_TARIFA.COD_CONDICION_TARIFA%TYPE,
		inu_codNumUsuarios   IN VDIR_TARIFA.COD_NUM_USUARIOS_TARIFA%TYPE,
		inu_codSexo          IN VDIR_TARIFA.COD_SEXO%TYPE,
		inu_edadInicial      IN VDIR_TARIFA.EDAD_INICIAL%TYPE,
		inu_edadFinal        IN VDIR_TARIFA.EDAD_FINAL%TYPE,
		ivc_codTarifaMP      IN VDIR_TARIFA.COD_TARIFA_MP%TYPE
    );

	-- ---------------------------------------------------------------------
	-- prActualizarTarifa
	-- ---------------------------------------------------------------------
	PROCEDURE prActualizarTarifa
	(
	    inu_codTarifa        IN VDIR_TARIFA.COD_TARIFA%TYPE,
	    inu_codPlanPrograma  IN VDIR_TARIFA.COD_PLAN_PROGRAMA%TYPE,
        inu_codPlan          IN VDIR_TARIFA.COD_PLAN%TYPE,
		inu_codEstado        IN VDIR_TARIFA.COD_ESTADO%TYPE,
		inu_codTipoTarifa    IN VDIR_TARIFA.COD_TIPO_TARIFA%TYPE,
		inu_valorTarifa      IN VDIR_TARIFA.VALOR%TYPE,
		idt_fecVigenciaIni   IN VDIR_TARIFA.FECHA_VIGE_INICIAL%TYPE,
		idt_fecVigenciaFin   IN VDIR_TARIFA.FECHA_VIGE_FIN%TYPE,
		inu_codCondicion     IN VDIR_TARIFA.COD_CONDICION_TARIFA%TYPE,
		inu_codNumUsuarios   IN VDIR_TARIFA.COD_NUM_USUARIOS_TARIFA%TYPE,
		inu_codSexo          IN VDIR_TARIFA.COD_SEXO%TYPE,
		inu_edadInicial      IN VDIR_TARIFA.EDAD_INICIAL%TYPE,
		inu_edadFinal        IN VDIR_TARIFA.EDAD_FINAL%TYPE
    );

END VDIR_PACK_REGISTRO_TARIFAS;

/
--------------------------------------------------------
--  DDL for Package VDIR_PACK_REGISTRO_USUARIOS
--------------------------------------------------------

  CREATE OR REPLACE PACKAGE "SALUDMP"."VDIR_PACK_REGISTRO_USUARIOS" AS
/* ---------------------------------------------------------------------
 Copyright  Tecnología Informática Coomeva - Colombia
 Package     : VDIR_PACK_REGISTRO_USUARIOS
 Caso de Uso : 
 Descripción : Procesos para el registro del los usuarios - VENTA DIRECTA
 --------------------------------------------------------------------
 Autor : katherine.latorre@kalettre.com
 Fecha : 30-01-2018  
 --------------------------------------------------------------------
 Procedimiento :     Descripcion:
 --------------------------------------------------------------------
 Historia de Modificaciones
 ---------------------------------------------------------------------
 Fecha Autor Modificación
 ----------------------------------------------------------------- */

	-- ---------------------------------------------------------------------
	-- Declaracion de estructuras dinamicas
	-- ---------------------------------------------------------------------
	TYPE type_cursor IS REF CURSOR;

	-- ---------------------------------------------------------------------
	-- prGuardarUsuario
	-- ---------------------------------------------------------------------
	PROCEDURE prGuardarUsuario
	(
		inu_codTipoId         IN VDIR_PERSONA.COD_TIPO_IDENTIFICACION%TYPE,
        inu_nroId             IN VDIR_PERSONA.NUMERO_IDENTIFICACION%TYPE,
		ivc_primerNombre      IN VDIR_PERSONA.NOMBRE_1%TYPE,
		ivc_segundoNombre     IN VDIR_PERSONA.NOMBRE_2%TYPE,
		ivc_primerApellido    IN VDIR_PERSONA.APELLIDO_1%TYPE,
		ivc_segundoApellido   IN VDIR_PERSONA.APELLIDO_2%TYPE,
		ivc_correoElectronico IN VDIR_PERSONA.EMAIL%TYPE,
		ivc_telefono          IN VDIR_PERSONA.TELEFONO%TYPE,
		ivc_login             IN VDIR_USUARIO.LOGIN%TYPE,
		ivc_clave             IN VDIR_USUARIO.CLAVE%TYPE,
		inu_codPerfil         IN VDIR_ROL_USUARIO.COD_ROL%TYPE,
		inu_codEstado         IN VDIR_USUARIO.COD_ESTADO%TYPE
    );

	-- ---------------------------------------------------------------------
	-- prActualizarUsuario
	-- ---------------------------------------------------------------------
	PROCEDURE prActualizarUsuario
	(
	    inu_codUsuario   IN VDIR_USUARIO.COD_USUARIO%TYPE,
        inu_codPerfil    IN VDIR_ROL_USUARIO.COD_ROL%TYPE,
		inu_codEstado    IN VDIR_USUARIO.COD_ESTADO%TYPE
    );

	-- ---------------------------------------------------------------------
	-- prActualizarClave
	-- ---------------------------------------------------------------------
	PROCEDURE prActualizarClave
	(
	    inu_codUsuario IN VDIR_USUARIO.COD_USUARIO%TYPE,
        ivc_clave      IN VDIR_USUARIO.CLAVE%TYPE
    );

END VDIR_PACK_REGISTRO_USUARIOS;

/
--------------------------------------------------------
--  DDL for Package VDIR_PACK_TARIFAS
--------------------------------------------------------

  CREATE OR REPLACE PACKAGE "SALUDMP"."VDIR_PACK_TARIFAS" AS 

   -------------------FUNCION PARA TRAER LAS IMAGENES DE LAS PROMOCIONES
 FUNCTION VDIR_FN_GET_DATOS_PROMO_IMG RETURN sys_refcursor;

 -------------------- PROCEDIMIENTO PARA GUARDAR LAS IMAGNES DE LAS PROMOCIONES
 PROCEDURE VDIR_SP_SAVE_PROMO_IMG(p_name IN VARCHAR2,p_name_encript IN VARCHAR2,p_ruta IN VARCHAR2,p_respuesta OUT VARCHAR2);

 -------------------- PROCEDIMIENTO PARA ELIMINAR UNA IMAGEN
 PROCEDURE VDIR_SP_DELETE_PROMO_IMG(p_codigo_imagen IN NUMBER,p_respuesta OUT VARCHAR2);


END VDIR_PACK_TARIFAS;


/
--------------------------------------------------------
--  DDL for Package VDIR_PACK_UTILIDADES
--------------------------------------------------------

  CREATE OR REPLACE PACKAGE "SALUDMP"."VDIR_PACK_UTILIDADES" AS 
 
   
   FUNCTION VDIR_FN_GETCOLECCION_WHERE(p_nom_cod_tabla IN VARCHAR2,p_nom_des_tabla IN VARCHAR2,p_nom_table IN VARCHAR2,p_aux_where IN VARCHAR2,p_fila_order IN VARCHAR2) RETURN sys_refcursor;

   ------------------------------------------------------------------------------FUNCION PARA TRAER LA DESCRIPCION DE UNA PARAMETRO 
    FUNCTION VDIR_FN_GET_PARAMETRO(p_codigoParametro IN NUMBER) RETURN VARCHAR2;

   ----------------------------------------------------------------------------  FUNCION PARA TRAER LOS DAOS DE LA PERSONA,USUAIRO Y ROLES 
   FUNCTION VDIR_FN_GET_DATOS_PERSONA(p_identificacion IN vdir_persona.numero_identificacion%TYPE) RETURN sys_refcursor;

   ------------------------------------------------------------------------------FUNCION PARA TRAER LOS ROLES QUE TIENE UNA PERSONA 
    FUNCTION VDIR_FN_GET_ROLES_PERSONA(p_cod_user IN vdir_usuario.cod_usuario%TYPE) RETURN VARCHAR2;

     TYPE type_cursor IS REF CURSOR;

    TYPE datasplit_record IS RECORD(
       idx NUMBER, 
       dato VARCHAR2(4000)
    );

    TYPE datasplit_table IS TABLE OF datasplit_record;

     /* ------------------------------------------
     fn_splitData: funcion para retornar tabla con los datos de una cadena separados por un caracter
     -- ------------------------------------------  */
     FUNCTION fn_splitData
     (
        P_STRING_DATA IN VARCHAR2,
        P_SEPARATOR IN VARCHAR2
     )RETURN datasplit_table PIPELINED;

END VDIR_PACK_UTILIDADES;


/
--------------------------------------------------------
--  DDL for Package Body VDIR_PACK_CONSULTA_FILE
--------------------------------------------------------

  CREATE OR REPLACE PACKAGE BODY "SALUDMP"."VDIR_PACK_CONSULTA_FILE" AS
/* ---------------------------------------------------------------------
 Copyright  Tecnología Informática Coomeva - Colombia
 Package     : VDIR_PACK_CONSULTA_FILE
 Caso de Uso : 
 Descripción : Procesos para la consulta los archivos adjuntos - VENTA DIRECTA
 --------------------------------------------------------------------
 Autor : katherine.latorre@kalettre.com
 Fecha : 23-01-2018  
 --------------------------------------------------------------------
 Procedimiento :     Descripcion:
 --------------------------------------------------------------------
 Historia de Modificaciones
 ---------------------------------------------------------------------
 Fecha Autor Modificación
 ----------------------------------------------------------------- */

	-- ---------------------------------------------------------------------
    -- fnGetValidaDocumentos
    -- ---------------------------------------------------------------------
    FUNCTION fnGetValidaDocumentos
    (
        inu_codAfiliacion IN VDIR_FILE_BENEFICIARIO.COD_AFILIACION%TYPE,
		inu_codPersona    IN VDIR_FILE_BENEFICIARIO.COD_BENEFICIARIO%TYPE
    )
	RETURN NUMBER IS

	/* ---------------------------------------------------------------------
	 Copyright   : Tecnología Informática Coomeva - Colombia
	 Package     : VDIR_PACK_CONSULTA_FILE
	 Caso de Uso : 
	 Descripción : Retorna 1 = Si / 0 = No si el beneficiario tiene los 
	               documentos
	 ----------------------------------------------------------------------
	 Autor : katherine.latorre@kalettre.com
	 Fecha : 23-01-2019  
	 ----------------------------------------------------------------------
	 Parámetros :     Descripción:
	 inu_codAfiliacion       Código de la afiliación
	 inu_codPersona          Código de la persona contratante / beneficiario
	 ----------------------------------------------------------------------
	 Historia de Modificaciones
	 ----------------------------------------------------------------------
	 Fecha Autor Modificación
	 ----------------------------------------------------------------- */

	    CURSOR cu_valida_archivo IS
		SELECT COUNT(1)
		  FROM VDIR_FILE_BENEFICIARIO
	     WHERE COD_AFILIACION   = inu_codAfiliacion
		   AND COD_BENEFICIARIO = inu_codPersona;

		lnu_validaArchivo NUMBER(1) := 0;

	BEGIN

		 OPEN cu_valida_archivo; 
		FETCH cu_valida_archivo INTO lnu_validaArchivo; 
		CLOSE cu_valida_archivo;

		RETURN lnu_validaArchivo;

	END fnGetValidaDocumentos;

	-- ---------------------------------------------------------------------
    -- fnGetDocumentosBeneficiario
    -- ---------------------------------------------------------------------
    FUNCTION fnGetDocumentosBeneficiario
    (
        inu_codAfiliacion IN VDIR_FILE_BENEFICIARIO.COD_AFILIACION%TYPE,
		inu_codPersona    IN VDIR_FILE_BENEFICIARIO.COD_BENEFICIARIO%TYPE
    )
	RETURN type_cursor IS

	/* ---------------------------------------------------------------------
	 Copyright   : Tecnología Informática Coomeva - Colombia
	 Package     : VDIR_PACK_CONSULTA_FILE
	 Caso de Uso : 
	 Descripción : Retorna los datos de las documentos por beneficiarip
	 ----------------------------------------------------------------------
	 Autor : katherine.latorre@kalettre.com
	 Fecha : 23-01-2019  
	 ----------------------------------------------------------------------
	 Parámetros :     Descripción:
	 inu_codAfiliacion       Código de la afiliación
	 inu_codPersona          Código de la persona contratante / beneficiario
	 ----------------------------------------------------------------------
	 Historia de Modificaciones
	 ----------------------------------------------------------------------
	 Fecha Autor Modificación
	 ----------------------------------------------------------------- */

		ltc_datos type_cursor;

	BEGIN 

		  OPEN ltc_datos FOR
		SELECT vfil.des_file,
		       vfil.ruta
		  FROM VDIR_FILE_BENEFICIARIO fibe,
		       VDIR_FILE              vfil
	 	 WHERE fibe.cod_file = vfil.cod_file
		   AND vfil.cod_tipo_file IN (6,7)
		   AND fibe.cod_afiliacion = inu_codAfiliacion
		   AND fibe.cod_beneficiario = inu_codPersona;

		RETURN ltc_datos;

	END fnGetDocumentosBeneficiario;


END VDIR_PACK_CONSULTA_FILE;

/
--------------------------------------------------------
--  DDL for Package Body VDIR_PACK_CONSULTA_LINEAS
--------------------------------------------------------

  CREATE OR REPLACE PACKAGE BODY "SALUDMP"."VDIR_PACK_CONSULTA_LINEAS" AS
/* ---------------------------------------------------------------------
 Copyright  Tecnología Informática Coomeva - Colombia
 Package     : VDIR_PACK_CONSULTA_LINEAS
 Caso de Uso : 
 Descripción : Procesos para la consulta los archivos adjuntos - VENTA DIRECTA
 --------------------------------------------------------------------
 Autor : katherine.latorre@kalettre.com
 Fecha : 23-01-2018  
 --------------------------------------------------------------------
 Procedimiento :     Descripcion:
 --------------------------------------------------------------------
 Historia de Modificaciones
 ---------------------------------------------------------------------
 Fecha Autor Modificación
 ----------------------------------------------------------------- */

	-- ---------------------------------------------------------------------
    -- fnGetLineas
    -- ---------------------------------------------------------------------
    FUNCTION fnGetLineas RETURN type_cursor IS

	/* ---------------------------------------------------------------------
	 Copyright   : Tecnología Informática Coomeva - Colombia
	 Package     : VDIR_PACK_CONSULTA_LINEAS
	 Caso de Uso : 
	 Descripción : Retorna los datos de los datos de los productos y 
	               programas asociados a un plan y coberturas
	 ----------------------------------------------------------------------
	 Autor : katherine.latorre@kalettre.com
	 Fecha : 24-01-2019  
	 ----------------------------------------------------------------------
	 Parámetros :     Descripción:
	 ----------------------------------------------------------------------
	 Historia de Modificaciones
	 ----------------------------------------------------------------------
	 Fecha Autor Modificación
	 ----------------------------------------------------------------- */

		ltc_datos type_cursor;

	BEGIN 

		  OPEN ltc_datos FOR
		SELECT plpr.cod_plan_programa,
		       prog.cod_programa,
		       prog.des_programa,
			   prod.des_producto,
			   vpla.des_plan,
			   vest.des_estado,
			   plpr.cobertura_inicial,
			   plpr.cobertura_final
		  FROM VDIR_PROGRAMA      prog,
		       VDIR_PRODUCTO      prod,
			   VDIR_PLAN_PROGRAMA plpr,
			   VDIR_PLAN          vpla,
			   VDIR_ESTADO        vest
	 	 WHERE prog.cod_producto = prod.cod_producto
		   AND prog.cod_programa = plpr.cod_programa
		   AND plpr.cod_plan     = vpla.cod_plan
		   AND plpr.cod_estado   = vest.cod_estado;

		RETURN ltc_datos;

	END fnGetLineas;

	-- ---------------------------------------------------------------------
    -- fnGetProductos
    -- ---------------------------------------------------------------------
    FUNCTION fnGetProductos RETURN type_cursor IS

	/* ---------------------------------------------------------------------
	 Copyright   : Tecnología Informática Coomeva - Colombia
	 Package     : VDIR_PACK_CONSULTA_LINEAS
	 Caso de Uso : 
	 Descripción : Retorna los datos de los productos
	 ----------------------------------------------------------------------
	 Autor : katherine.latorre@kalettre.com
	 Fecha : 24-01-2019  
	 ----------------------------------------------------------------------
	 Parámetros :     Descripción:
	 ----------------------------------------------------------------------
	 Historia de Modificaciones
	 ----------------------------------------------------------------------
	 Fecha Autor Modificación
	 ----------------------------------------------------------------- */

		ltc_datos type_cursor;

	BEGIN 

		  OPEN ltc_datos FOR
		SELECT prod.cod_producto,
			   prod.des_producto
		  FROM VDIR_PRODUCTO prod
	 	 WHERE prod.cod_estado = 1;

		RETURN ltc_datos;

	END fnGetProductos;

	-- ---------------------------------------------------------------------
    -- fnGetProgramas
    -- ---------------------------------------------------------------------
    FUNCTION fnGetProgramas 
	(
		inu_codProducto IN VDIR_PRODUCTO.COD_PRODUCTO%TYPE
	)	
	RETURN type_cursor IS

	/* ---------------------------------------------------------------------
	 Copyright   : Tecnología Informática Coomeva - Colombia
	 Package     : VDIR_PACK_CONSULTA_LINEAS
	 Caso de Uso : 
	 Descripción : Retorna los datos de los programas
	 ----------------------------------------------------------------------
	 Autor : katherine.latorre@kalettre.com
	 Fecha : 24-01-2019  
	 ----------------------------------------------------------------------
	 Parámetros :     Descripción:
	 ----------------------------------------------------------------------
	 Historia de Modificaciones
	 ----------------------------------------------------------------------
	 Fecha Autor Modificación
	 ----------------------------------------------------------------- */

		ltc_datos type_cursor;

	BEGIN 

		  OPEN ltc_datos FOR
		SELECT prog.cod_programa,
		       prog.des_programa
		  FROM VDIR_PROGRAMA prog
	 	 WHERE prog.cod_estado   = 1
		   AND prog.cod_producto = inu_codProducto;

		RETURN ltc_datos;

	END fnGetProgramas;

	-- ---------------------------------------------------------------------
    -- fnGetPlanes
    -- ---------------------------------------------------------------------
    FUNCTION fnGetPlanes RETURN type_cursor IS

	/* ---------------------------------------------------------------------
	 Copyright   : Tecnología Informática Coomeva - Colombia
	 Package     : VDIR_PACK_CONSULTA_LINEAS
	 Caso de Uso : 
	 Descripción : Retorna los datos de los planes
	 ----------------------------------------------------------------------
	 Autor : katherine.latorre@kalettre.com
	 Fecha : 24-01-2019  
	 ----------------------------------------------------------------------
	 Parámetros :     Descripción:
	 ----------------------------------------------------------------------
	 Historia de Modificaciones
	 ----------------------------------------------------------------------
	 Fecha Autor Modificación
	 ----------------------------------------------------------------- */

		ltc_datos type_cursor;

	BEGIN 

		  OPEN ltc_datos FOR
		SELECT vpla.cod_plan,
			   vpla.des_plan
		  FROM VDIR_PLAN vpla
	 	 WHERE vpla.cod_estado = 1;

		RETURN ltc_datos;

	END fnGetPlanes;

	-- ---------------------------------------------------------------------
    -- fnGetEstados
    -- ---------------------------------------------------------------------
    FUNCTION fnGetEstados RETURN type_cursor IS

	/* ---------------------------------------------------------------------
	 Copyright   : Tecnología Informática Coomeva - Colombia
	 Package     : VDIR_PACK_CONSULTA_LINEAS
	 Caso de Uso : 
	 Descripción : Retorna los datos de los estados
	 ----------------------------------------------------------------------
	 Autor : katherine.latorre@kalettre.com
	 Fecha : 24-01-2019  
	 ----------------------------------------------------------------------
	 Parámetros :     Descripción:
	 ----------------------------------------------------------------------
	 Historia de Modificaciones
	 ----------------------------------------------------------------------
	 Fecha Autor Modificación
	 ----------------------------------------------------------------- */

		ltc_datos type_cursor;

	BEGIN 

		  OPEN ltc_datos FOR
		SELECT vest.cod_estado,
			   vest.des_estado
		  FROM VDIR_ESTADO vest;

		RETURN ltc_datos;

	END fnGetEstados;

	-- ---------------------------------------------------------------------
    -- fnGetPlanPrograma
    -- ---------------------------------------------------------------------
    FUNCTION fnGetPlanPrograma
	(
	    inuCodPlanPrograma IN VDIR_PLAN_PROGRAMA.COD_PLAN_PROGRAMA%TYPE
	)
	RETURN type_cursor IS

	/* ---------------------------------------------------------------------
	 Copyright   : Tecnología Informática Coomeva - Colombia
	 Package     : VDIR_PACK_CONSULTA_LINEAS
	 Caso de Uso : 
	 Descripción : Retorna los datos de los datos del plan programa
	 ----------------------------------------------------------------------
	 Autor : katherine.latorre@kalettre.com
	 Fecha : 24-01-2019  
	 ----------------------------------------------------------------------
	 Parámetros :     Descripción:
	 ----------------------------------------------------------------------
	 Historia de Modificaciones
	 ----------------------------------------------------------------------
	 Fecha Autor Modificación
	 ----------------------------------------------------------------- */

		ltc_datos type_cursor;

	BEGIN 

		  OPEN ltc_datos FOR
		SELECT plpr.cod_plan_programa, 
		       prog.cod_producto,
		       prog.cod_programa,
		       plpr.cod_plan,
			   plpr.cod_estado,
			   plpr.cobertura_inicial,
			   plpr.cobertura_final
		  FROM VDIR_PROGRAMA      prog,
			   VDIR_PLAN_PROGRAMA plpr
	 	 WHERE prog.cod_programa = plpr.cod_programa
		   AND plpr.cod_plan_programa = inuCodPlanPrograma;

		RETURN ltc_datos;

	END fnGetPlanPrograma;

	-- ---------------------------------------------------------------------
    -- fnGetCoberturas
    -- ---------------------------------------------------------------------
    FUNCTION fnGetCoberturas
    (
        inu_codPrograma IN VDIR_PLAN_PROGRAMA.COD_PROGRAMA%TYPE,
		inu_codPlan     IN VDIR_PLAN_PROGRAMA.COD_PLAN%TYPE
    )
	RETURN type_cursor IS

	/* ---------------------------------------------------------------------
	 Copyright   : Tecnología Informática Coomeva - Colombia
	 Package     : VDIR_PACK_REGISTRO_PRODUCTOS
	 Caso de Uso : 
	 Descripción : Retorna los datos de las imagenes para un programa
	 ----------------------------------------------------------------------
	 Autor : katherine.latorre@kalettre.com
	 Fecha : 04-01-2019  
	 ----------------------------------------------------------------------
	 Parámetros :     Descripción:
	 inu_codPrograma   Código del programa
	 inu_codPlan       Código del plan
	 ----------------------------------------------------------------------
	 Historia de Modificaciones
	 ----------------------------------------------------------------------
	 Fecha Autor Modificación
	 ----------------------------------------------------------------- */

		ltc_datos type_cursor;

	BEGIN 

		  OPEN ltc_datos FOR
		SELECT plpr.cobertura_inicial,
			   plpr.cobertura_final,
			   prog.des_programa
		  FROM VDIR_PROGRAMA      prog,
			   VDIR_PLAN_PROGRAMA plpr
	 	 WHERE prog.cod_programa = plpr.cod_programa
		   AND plpr.cod_programa = inu_codPrograma
		   AND plpr.cod_plan     = inu_codPlan;

		RETURN ltc_datos;

	END fnGetCoberturas;

END VDIR_PACK_CONSULTA_LINEAS;

/
--------------------------------------------------------
--  DDL for Package Body VDIR_PACK_CONSULTA_TARIFAS
--------------------------------------------------------

  CREATE OR REPLACE PACKAGE BODY "SALUDMP"."VDIR_PACK_CONSULTA_TARIFAS" AS
/* ---------------------------------------------------------------------
 Copyright  Tecnología Informática Coomeva - Colombia
 Package     : VDIR_PACK_CONSULTA_TARIFAS
 Caso de Uso : 
 Descripción : Procesos para la consulta las tarifas - VENTA DIRECTA
 --------------------------------------------------------------------
 Autor : katherine.latorre@kalettre.com
 Fecha : 28-01-2019 
 --------------------------------------------------------------------
 Procedimiento :     Descripcion:
 --------------------------------------------------------------------
 Historia de Modificaciones
 ---------------------------------------------------------------------
 Fecha Autor Modificación
 ----------------------------------------------------------------- */

	-- ---------------------------------------------------------------------
    -- fnGetTarifas
    -- ---------------------------------------------------------------------
    FUNCTION fnGetTarifas RETURN type_cursor IS

	/* ---------------------------------------------------------------------
	 Copyright   : Tecnología Informática Coomeva - Colombia
	 Package     : VDIR_PACK_CONSULTA_TARIFAS
	 Caso de Uso : 
	 Descripción : Retorna los datos de los datos de los productos 
	               asociados a las tarifas
	 ----------------------------------------------------------------------
	 Autor : katherine.latorre@kalettre.com
	 Fecha : 28-01-2019  
	 ----------------------------------------------------------------------
	 Parámetros :     Descripción:
	 ----------------------------------------------------------------------
	 Historia de Modificaciones
	 ----------------------------------------------------------------------
	 Fecha Autor Modificación
	 ----------------------------------------------------------------- */

		ltc_datos type_cursor;

	BEGIN 

		  OPEN ltc_datos FOR
		SELECT tari.cod_tarifa,
		       prod.des_producto,
			   prog.des_programa,
			   vpla.des_plan,
			   vtta.des_tipo_tarifa,
			   TO_CHAR(tari.fecha_vige_inicial, 'dd/mm/yyyy') fecha_vige_inicial,
			   TO_CHAR(tari.fecha_vige_fin, 'dd/mm/yyyy') fecha_vige_fin,
			   vest.des_estado
		  FROM VDIR_TARIFA        tari,
		       VDIR_PLAN_PROGRAMA plpr,
		       VDIR_PROGRAMA      prog,
		       VDIR_PRODUCTO      prod,
			   VDIR_PLAN          vpla,
			   VDIR_ESTADO        vest,
			   VDIR_TIPO_TARIFA   vtta			   
	 	 WHERE tari.cod_plan_programa = plpr.cod_plan_programa
		    AND plpr.cod_programa     = prog.cod_programa
			AND plpr.cod_plan         = vpla.cod_plan
			AND prog.cod_producto     = prod.cod_producto
			AND tari.cod_estado       = vest.cod_estado
			AND tari.cod_tipo_tarifa  = vtta.cod_tipo_tarifa;

		RETURN ltc_datos;

	END fnGetTarifas;

	-- ---------------------------------------------------------------------
    -- fnGetTipoTarifas
    -- ---------------------------------------------------------------------
    FUNCTION fnGetTipoTarifas RETURN type_cursor IS

	/* ---------------------------------------------------------------------
	 Copyright   : Tecnología Informática Coomeva - Colombia
	 Package     : VDIR_PACK_CONSULTA_TARIFAS
	 Caso de Uso : 
	 Descripción : Retorna los datos de los tipos de tarifas
	 ----------------------------------------------------------------------
	 Autor : katherine.latorre@kalettre.com
	 Fecha : 28-01-2019  
	 ----------------------------------------------------------------------
	 Parámetros :     Descripción:
	 ----------------------------------------------------------------------
	 Historia de Modificaciones
	 ----------------------------------------------------------------------
	 Fecha Autor Modificación
	 ----------------------------------------------------------------- */

		ltc_datos type_cursor;

	BEGIN 

		  OPEN ltc_datos FOR
		SELECT vtta.cod_tipo_tarifa,
		       vtta.des_tipo_tarifa
		  FROM VDIR_TIPO_TARIFA   vtta			   
	 	 WHERE vtta.cod_estado = 1;

		RETURN ltc_datos;

	END fnGetTipoTarifas;

	-- ---------------------------------------------------------------------
    -- fnGetProgramasPlan
    -- ---------------------------------------------------------------------
    FUNCTION fnGetProgramasPlan 
	(
		inu_codPlan IN VDIR_PLAN_PROGRAMA.COD_PLAN%TYPE
	)
	RETURN type_cursor IS

	/* ---------------------------------------------------------------------
	 Copyright   : Tecnología Informática Coomeva - Colombia
	 Package     : VDIR_PACK_CONSULTA_TARIFAS
	 Caso de Uso : 
	 Descripción : Retorna los datos de los productos y programas por plan
	 ----------------------------------------------------------------------
	 Autor : katherine.latorre@kalettre.com
	 Fecha : 28-01-2019  
	 ----------------------------------------------------------------------
	 Parámetros :     Descripción:
	 ----------------------------------------------------------------------
	 Historia de Modificaciones
	 ----------------------------------------------------------------------
	 Fecha Autor Modificación
	 ----------------------------------------------------------------- */

		ltc_datos type_cursor;

	BEGIN 

		  OPEN ltc_datos FOR
		SELECT plpr.cod_plan_programa,
		       prod.des_producto||' - '||prog.des_programa des_plan_programa
		  FROM VDIR_PLAN_PROGRAMA plpr,
		       VDIR_PROGRAMA      prog,
			   VDIR_PRODUCTO      prod
	 	 WHERE plpr.cod_programa = prog.cod_programa
		   AND prog.cod_producto = prod.cod_producto
		   AND plpr.cod_estado   = 1
		   AND plpr.cod_plan     = inu_codPlan;

		RETURN ltc_datos;

	END fnGetProgramasPlan;

	-- ---------------------------------------------------------------------
    -- fnGetGeneros
    -- ---------------------------------------------------------------------
    FUNCTION fnGetGeneros RETURN type_cursor IS

	/* ---------------------------------------------------------------------
	 Copyright   : Tecnología Informática Coomeva - Colombia
	 Package     : VDIR_PACK_CONSULTA_TARIFAS
	 Caso de Uso : 
	 Descripción : Retorna los datos de los tipos de generos
	 ----------------------------------------------------------------------
	 Autor : katherine.latorre@kalettre.com
	 Fecha : 28-01-2019  
	 ----------------------------------------------------------------------
	 Parámetros :     Descripción:
	 ----------------------------------------------------------------------
	 Historia de Modificaciones
	 ----------------------------------------------------------------------
	 Fecha Autor Modificación
	 ----------------------------------------------------------------- */

		ltc_datos type_cursor;

	BEGIN 

		  OPEN ltc_datos FOR
		SELECT vsex.cod_sexo,
		       vsex.des_sexo
		  FROM VDIR_SEXO vsex			   
	 	 WHERE vsex.cod_estado = 1;

		RETURN ltc_datos;

	END fnGetGeneros;

	-- ---------------------------------------------------------------------
    -- fnGetCondicionTarifa
    -- ---------------------------------------------------------------------
    FUNCTION fnGetCondicionTarifa RETURN type_cursor IS

	/* ---------------------------------------------------------------------
	 Copyright   : Tecnología Informática Coomeva - Colombia
	 Package     : VDIR_PACK_CONSULTA_TARIFAS
	 Caso de Uso : 
	 Descripción : Retorna los datos de los tipos condicion por tarifa
	 ----------------------------------------------------------------------
	 Autor : katherine.latorre@kalettre.com
	 Fecha : 28-01-2019  
	 ----------------------------------------------------------------------
	 Parámetros :     Descripción:
	 ----------------------------------------------------------------------
	 Historia de Modificaciones
	 ----------------------------------------------------------------------
	 Fecha Autor Modificación
	 ----------------------------------------------------------------- */

		ltc_datos type_cursor;

	BEGIN 

		  OPEN ltc_datos FOR
		SELECT vcot.cod_condicion_tarifa,
		       vcot.des_condicion_tarifa
		  FROM VDIR_CONDICION_TARIFA vcot			   
	 	 WHERE vcot.cod_estado = 1;

		RETURN ltc_datos;

	END fnGetCondicionTarifa;

	-- ---------------------------------------------------------------------
    -- fnGetNumUsuarios
    -- ---------------------------------------------------------------------
    FUNCTION fnGetNumUsuarios RETURN type_cursor IS

	/* ---------------------------------------------------------------------
	 Copyright   : Tecnología Informática Coomeva - Colombia
	 Package     : VDIR_PACK_CONSULTA_TARIFAS
	 Caso de Uso : 
	 Descripción : Retorna los datos de los números de usuarios por tarifa
	 ----------------------------------------------------------------------
	 Autor : katherine.latorre@kalettre.com
	 Fecha : 28-01-2019  
	 ----------------------------------------------------------------------
	 Parámetros :     Descripción:
	 ----------------------------------------------------------------------
	 Historia de Modificaciones
	 ----------------------------------------------------------------------
	 Fecha Autor Modificación
	 ----------------------------------------------------------------- */

		ltc_datos type_cursor;

	BEGIN 

		  OPEN ltc_datos FOR
		SELECT vnut.cod_num_usuarios_tarifa,
		       vnut.des_num_usuarios_tarifa
		  FROM VDIR_NUM_USUARIOS_TARIFA vnut			   
	 	 WHERE vnut.cod_estado = 1;

		RETURN ltc_datos;

	END fnGetNumUsuarios;

	-- ---------------------------------------------------------------------
    -- fnGetTarifa
    -- ---------------------------------------------------------------------
    FUNCTION fnGetTarifa 
	(
		inu_codTarifa IN VDIR_TARIFA.COD_TARIFA%TYPE
	)
	RETURN type_cursor IS

	/* ---------------------------------------------------------------------
	 Copyright   : Tecnología Informática Coomeva - Colombia
	 Package     : VDIR_PACK_CONSULTA_TARIFAS
	 Caso de Uso : 
	 Descripción : Retorna los datos de la tarifa
	 ----------------------------------------------------------------------
	 Autor : katherine.latorre@kalettre.com
	 Fecha : 28-01-2019  
	 ----------------------------------------------------------------------
	 Parámetros :     Descripción:
	 ----------------------------------------------------------------------
	 Historia de Modificaciones
	 ----------------------------------------------------------------------
	 Fecha Autor Modificación
	 ----------------------------------------------------------------- */

		ltc_datos type_cursor;

	BEGIN 

		  OPEN ltc_datos FOR
		SELECT tari.cod_tarifa,
		       tari.cod_plan_programa,
			   plpr.cod_plan,
			   tari.cod_estado,
			   tari.cod_tipo_tarifa,
			   tari.valor,
			   TO_CHAR(tari.fecha_vige_inicial , 'dd/mm/yyyy') fecha_vige_inicial,
			   TO_CHAR(tari.fecha_vige_fin, 'dd/mm/yyyy') fecha_vige_fin,
			   tari.cod_condicion_tarifa,
			   tari.cod_num_usuarios_tarifa,
			   tari.cod_sexo,
			   tari.edad_inicial,
			   tari.edad_final,
			   tari.cod_tarifa_mp
		  FROM VDIR_TARIFA        tari,
		       VDIR_PLAN_PROGRAMA plpr
	 	 WHERE tari.cod_plan_programa = plpr.cod_plan_programa 
		   AND tari.cod_tarifa        = inu_codTarifa;

		RETURN ltc_datos;

	END fnGetTarifa;

	-- ---------------------------------------------------------------------
    -- fnGetExisteTarifa
    -- ---------------------------------------------------------------------
    FUNCTION fnGetExisteTarifa 
	(
		ivc_codTarifaMP  IN VDIR_TARIFA.COD_TARIFA_MP%TYPE
	)
	RETURN VDIR_TARIFA.COD_TARIFA%TYPE IS

	/* ---------------------------------------------------------------------
	 Copyright   : Tecnología Informática Coomeva - Colombia
	 Package     : VDIR_PACK_CONSULTA_TARIFAS
	 Caso de Uso : 
	 Descripción : Retorna el código de la tarifa si existe
	 ----------------------------------------------------------------------
	 Autor : katherine.latorre@kalettre.com
	 Fecha : 31-01-2019  
	 ----------------------------------------------------------------------
	 Parámetros :     Descripción:
	 ----------------------------------------------------------------------
	 Historia de Modificaciones
	 ----------------------------------------------------------------------
	 Fecha Autor Modificación
	 ----------------------------------------------------------------- */

		lnu_codTarifa VDIR_TARIFA.COD_TARIFA%TYPE;

	BEGIN 

		BEGIN 

			SELECT cod_tarifa INTO lnu_codTarifa       
              FROM VDIR_TARIFA
             WHERE UPPER(COD_TARIFA_MP) = UPPER(ivc_codTarifaMP)
			   AND cod_estado = 1;

		EXCEPTION WHEN OTHERS THEN  
			lnu_codTarifa := NULL;
		END;       

		RETURN lnu_codTarifa;

	END fnGetExisteTarifa;	

END VDIR_PACK_CONSULTA_TARIFAS;

/
--------------------------------------------------------
--  DDL for Package Body VDIR_PACK_CONSULTA_USUARIOS
--------------------------------------------------------

  CREATE OR REPLACE PACKAGE BODY "SALUDMP"."VDIR_PACK_CONSULTA_USUARIOS" AS
/* ---------------------------------------------------------------------
 Copyright  Tecnología Informática Coomeva - Colombia
 Package     : VDIR_PACK_CONSULTA_USUARIOS
 Caso de Uso : 
 Descripción : Procesos para la consulta los usuarios - VENTA DIRECTA
 --------------------------------------------------------------------
 Autor : katherine.latorre@kalettre.com
 Fecha : 29-01-2019 
 --------------------------------------------------------------------
 Procedimiento :     Descripcion:
 --------------------------------------------------------------------
 Historia de Modificaciones
 ---------------------------------------------------------------------
 Fecha Autor Modificación
 ----------------------------------------------------------------- */

	-- ---------------------------------------------------------------------
    -- fnGetUsuarios
    -- ---------------------------------------------------------------------
    FUNCTION fnGetUsuarios RETURN type_cursor IS

	/* ---------------------------------------------------------------------
	 Copyright   : Tecnología Informática Coomeva - Colombia
	 Package     : VDIR_PACK_CONSULTA_USUARIOS
	 Caso de Uso : 
	 Descripción : Retorna los datos de los usuarios
	 ----------------------------------------------------------------------
	 Autor : katherine.latorre@kalettre.com
	 Fecha : 29-01-2019  
	 ----------------------------------------------------------------------
	 Parámetros :     Descripción:
	 ----------------------------------------------------------------------
	 Historia de Modificaciones
	 ----------------------------------------------------------------------
	 Fecha Autor Modificación
	 ----------------------------------------------------------------- */

		ltc_datos type_cursor;

	BEGIN 

		  OPEN ltc_datos FOR
		SELECT tiid.des_abr,
			   pers.numero_identificacion,
			   pers.nombre_1,
			   pers.apellido_1,
			   usua.login,
			   pers.email,
			   vrol.des_rol,
			   pers.cod_persona,
			   usua.cod_usuario,
			   vrol.cod_rol
		  FROM VDIR_USUARIO             usua,
		       VDIR_PERSONA             pers,
			   VDIR_TIPO_IDENTIFICACION tiid,
			   VDIR_ROL_USUARIO         rous,
			   VDIR_ROL                 vrol
	 	 WHERE usua.cod_persona             = pers.cod_persona
		   AND pers.cod_tipo_identificacion = tiid.cod_tipo_identificacion
		   AND usua.cod_usuario             = rous.cod_usuario
		   AND rous.cod_rol                 = vrol.cod_rol;

		RETURN ltc_datos;

	END fnGetUsuarios;

	-- ---------------------------------------------------------------------
    -- fnGetTiposIdentificacion
    -- ---------------------------------------------------------------------
    FUNCTION fnGetTiposIdentificacion RETURN type_cursor IS

	/* ---------------------------------------------------------------------
	 Copyright   : Tecnología Informática Coomeva - Colombia
	 Package     : VDIR_PACK_CONSULTA_USUARIOS
	 Caso de Uso : 
	 Descripción : Retorna los datos de los tipos de identificación
	 ----------------------------------------------------------------------
	 Autor : katherine.latorre@kalettre.com
	 Fecha : 30-01-2019  
	 ----------------------------------------------------------------------
	 Parámetros :     Descripción:
	 ----------------------------------------------------------------------
	 Historia de Modificaciones
	 ----------------------------------------------------------------------
	 Fecha Autor Modificación
	 ----------------------------------------------------------------- */

		ltc_datos type_cursor;

	BEGIN 

		  OPEN ltc_datos FOR
		SELECT tiid.cod_tipo_identificacion,
		       tiid.des_tipo_identificacion
		  FROM VDIR_TIPO_IDENTIFICACION tiid			   
	 	 WHERE tiid.cod_estado = 1;

		RETURN ltc_datos;

	END fnGetTiposIdentificacion;

	-- ---------------------------------------------------------------------
    -- fnGetPerfiles
    -- ---------------------------------------------------------------------
    FUNCTION fnGetPerfiles RETURN type_cursor IS

	/* ---------------------------------------------------------------------
	 Copyright   : Tecnología Informática Coomeva - Colombia
	 Package     : VDIR_PACK_CONSULTA_USUARIOS
	 Caso de Uso : 
	 Descripción : Retorna los datos de los perfiles
	 ----------------------------------------------------------------------
	 Autor : katherine.latorre@kalettre.com
	 Fecha : 30-01-2019  
	 ----------------------------------------------------------------------
	 Parámetros :     Descripción:
	 ----------------------------------------------------------------------
	 Historia de Modificaciones
	 ----------------------------------------------------------------------
	 Fecha Autor Modificación
	 ----------------------------------------------------------------- */

		ltc_datos type_cursor;

	BEGIN 

		  OPEN ltc_datos FOR
		SELECT vrol.cod_rol,
		       vrol.des_rol
		  FROM VDIR_ROL vrol			   
	 	 WHERE vrol.cod_estado = 1;

		RETURN ltc_datos;

	END fnGetPerfiles;

	-- ---------------------------------------------------------------------
    -- fnGetUsuario
    -- ---------------------------------------------------------------------
    FUNCTION fnGetUsuario 
	(
		inu_codUsuario IN VDIR_USUARIO.COD_USUARIO%TYPE,
		inu_codPersona IN VDIR_USUARIO.COD_PERSONA%TYPE,
		inu_codPerfil  IN VDIR_ROL_USUARIO.COD_ROL%TYPE
	)
	RETURN type_cursor IS

	/* ---------------------------------------------------------------------
	 Copyright   : Tecnología Informática Coomeva - Colombia
	 Package     : VDIR_PACK_CONSULTA_USUARIOS
	 Caso de Uso : 
	 Descripción : Retorna los datos del usuario
	 ----------------------------------------------------------------------
	 Autor : katherine.latorre@kalettre.com
	 Fecha : 28-01-2019  
	 ----------------------------------------------------------------------
	 Parámetros :     Descripción:
	 ----------------------------------------------------------------------
	 Historia de Modificaciones
	 ----------------------------------------------------------------------
	 Fecha Autor Modificación
	 ----------------------------------------------------------------- */

		ltc_datos type_cursor;

	BEGIN 

		  OPEN ltc_datos FOR
		SELECT pers.cod_tipo_identificacion,
			   pers.numero_identificacion,
			   pers.nombre_1,
			   pers.nombre_2,
			   pers.apellido_1,
			   pers.apellido_2,
			   pers.email,
			   pers.telefono,
			   rous.cod_rol,
			   usua.login,
			   usua.cod_estado,
			   pers.cod_persona,
			   usua.cod_usuario,
			   usua.clave
		  FROM VDIR_USUARIO      usua,
		       VDIR_PERSONA      pers,
			   VDIR_ROL_USUARIO  rous
	 	 WHERE usua.cod_persona  = pers.cod_persona
		   AND usua.cod_usuario  = rous.cod_usuario
		   AND pers.cod_persona  = inu_codPersona
		   AND usua.cod_usuario  = inu_codUsuario
		   AND rous.cod_rol      = inu_codPerfil;

		RETURN ltc_datos;

	END fnGetUsuario;

	-- ---------------------------------------------------------------------
    -- fnGetExistePersona
    -- ---------------------------------------------------------------------
    FUNCTION fnGetExistePersona 
	(
		inu_codTipoId IN VDIR_PERSONA.COD_TIPO_IDENTIFICACION%TYPE,
        inu_nroId     IN VDIR_PERSONA.NUMERO_IDENTIFICACION%TYPE
	)
	RETURN VDIR_PERSONA.COD_PERSONA%TYPE IS

	/* ---------------------------------------------------------------------
	 Copyright   : Tecnología Informática Coomeva - Colombia
	 Package     : VDIR_PACK_CONSULTA_USUARIOS
	 Caso de Uso : 
	 Descripción : Retorna el código de la persona
	 ----------------------------------------------------------------------
	 Autor : katherine.latorre@kalettre.com
	 Fecha : 31-01-2019  
	 ----------------------------------------------------------------------
	 Parámetros :     Descripción:
	 ----------------------------------------------------------------------
	 Historia de Modificaciones
	 ----------------------------------------------------------------------
	 Fecha Autor Modificación
	 ----------------------------------------------------------------- */

		lnu_codPersona VDIR_PERSONA.COD_PERSONA%TYPE;

	BEGIN 

		BEGIN 

			SELECT cod_persona 
			  INTO lnu_codPersona   
			  FROM VDIR_PERSONA 
			 WHERE numero_identificacion   = inu_nroId 
			   AND cod_tipo_identificacion = inu_codTipoId;

		EXCEPTION WHEN OTHERS THEN  
			lnu_codPersona := NULL;
		END;       

		RETURN lnu_codPersona;

	END fnGetExistePersona;

	-- ---------------------------------------------------------------------
    -- fnGetExisteLogin
    -- ---------------------------------------------------------------------
    FUNCTION fnGetExisteLogin 
	(
		ivc_login  IN VDIR_USUARIO.LOGIN%TYPE
	)
	RETURN VDIR_USUARIO.COD_USUARIO%TYPE IS

	/* ---------------------------------------------------------------------
	 Copyright   : Tecnología Informática Coomeva - Colombia
	 Package     : VDIR_PACK_CONSULTA_USUARIOS
	 Caso de Uso : 
	 Descripción : Retorna el código del usuario si el login existe
	 ----------------------------------------------------------------------
	 Autor : katherine.latorre@kalettre.com
	 Fecha : 31-01-2019  
	 ----------------------------------------------------------------------
	 Parámetros :     Descripción:
	 ----------------------------------------------------------------------
	 Historia de Modificaciones
	 ----------------------------------------------------------------------
	 Fecha Autor Modificación
	 ----------------------------------------------------------------- */

		lnu_codUsuario VDIR_USUARIO.COD_USUARIO%TYPE;

	BEGIN 

		BEGIN 

			SELECT cod_usuario INTO lnu_codUsuario       
              FROM VDIR_USUARIO
             WHERE UPPER(login) = UPPER(ivc_login);

		EXCEPTION WHEN OTHERS THEN  
			lnu_codUsuario := NULL;
		END;       

		RETURN lnu_codUsuario;

	END fnGetExisteLogin;

	-- ---------------------------------------------------------------------
    -- fnGetExistePerfil
    -- ---------------------------------------------------------------------
    FUNCTION fnGetExistePerfil 
	(
		inu_codUsuario   IN VDIR_ROL_USUARIO.COD_USUARIO%TYPE,
        inu_codPerfil    IN VDIR_ROL_USUARIO.COD_ROL%TYPE
	)
	RETURN VDIR_ROL_USUARIO.COD_ROL_USUARIO%TYPE IS

	/* ---------------------------------------------------------------------
	 Copyright   : Tecnología Informática Coomeva - Colombia
	 Package     : VDIR_PACK_CONSULTA_USUARIOS
	 Caso de Uso : 
	 Descripción : Retorna el código del usuario asocido al rol
	 ----------------------------------------------------------------------
	 Autor : katherine.latorre@kalettre.com
	 Fecha : 31-01-2019  
	 ----------------------------------------------------------------------
	 Parámetros :     Descripción:
	 ----------------------------------------------------------------------
	 Historia de Modificaciones
	 ----------------------------------------------------------------------
	 Fecha Autor Modificación
	 ----------------------------------------------------------------- */

		lnu_codRolUsuario VDIR_ROL_USUARIO.COD_ROL_USUARIO%TYPE;

	BEGIN 

		BEGIN 

			SELECT cod_rol_usuario INTO lnu_codRolUsuario       
              FROM VDIR_ROL_USUARIO
             WHERE cod_usuario = inu_codUsuario
			   AND cod_rol     = inu_codPerfil;

		EXCEPTION WHEN OTHERS THEN  
			lnu_codRolUsuario := NULL;
		END;       

		RETURN lnu_codRolUsuario;

	END fnGetExistePerfil;

	-- ---------------------------------------------------------------------
    -- fnGetValidaClaveActual
    -- ---------------------------------------------------------------------
    FUNCTION fnGetValidaClaveActual 
	(
		inu_codUsuario IN VDIR_USUARIO.COD_USUARIO%TYPE,
        ivc_clave      IN VDIR_USUARIO.CLAVE%TYPE
	)
	RETURN VDIR_USUARIO.COD_USUARIO%TYPE IS

	/* ---------------------------------------------------------------------
	 Copyright   : Tecnología Informática Coomeva - Colombia
	 Package     : VDIR_PACK_CONSULTA_USUARIOS
	 Caso de Uso : 
	 Descripción : Retorna el código del usuario si la clave es correcta
	 ----------------------------------------------------------------------
	 Autor : katherine.latorre@kalettre.com
	 Fecha : 01-02-2019  
	 ----------------------------------------------------------------------
	 Parámetros :     Descripción:
	 ----------------------------------------------------------------------
	 Historia de Modificaciones
	 ----------------------------------------------------------------------
	 Fecha Autor Modificación
	 ----------------------------------------------------------------- */

		lnu_codUsuario VDIR_USUARIO.COD_USUARIO%TYPE;

	BEGIN 

		BEGIN 

			SELECT cod_usuario INTO lnu_codUsuario       
              FROM VDIR_USUARIO
             WHERE cod_usuario = inu_codUsuario
			   AND clave       = ivc_clave;

		EXCEPTION WHEN OTHERS THEN  
			lnu_codUsuario := NULL;
		END;       

		RETURN lnu_codUsuario;

	END fnGetValidaClaveActual;

END VDIR_PACK_CONSULTA_USUARIOS;

/
--------------------------------------------------------
--  DDL for Package Body VDIR_PACK_ENCUESTAS
--------------------------------------------------------

  CREATE OR REPLACE PACKAGE BODY "SALUDMP"."VDIR_PACK_ENCUESTAS" AS

 FUNCTION VDIR_FN_GET_LIST_MONEDA RETURN VARCHAR2 AS
 vl_option VARCHAR2(2000);

 BEGIN

    vl_option := ' <option value="-1">Seleccione una moneda</option>'; 

     FOR fila IN (SELECT
                    cod_moneda,
                    des_moneda                    
                  FROM
                        vdir_moneda
                    WHERE
                        cod_estado = 1) LOOP

      vl_option := vl_option||' <option value='||fila.cod_moneda||'>'||fila.des_moneda||'</option>';                 

     END LOOP; 

     RETURN '<select disabled id="moneda" name="moneda" class="form-control lista-vd  col-lg-6 col-md-6 col-sm-6">'||vl_option||'</select>';


 END VDIR_FN_GET_LIST_MONEDA;

--FUNCION PARA TRAER UNA LISTA DE PARENTESCOS-----------------------------------------------
   FUNCTION VDIR_FN_GET_LIST_PARENTESCO RETURN VARCHAR2 AS 

   vl_option VARCHAR2(2000);

   BEGIN

       vl_option := ' <option value="-1">Seleccione un parentesco</option>'; 

     FOR fila IN (SELECT
                    cod_parentesco,
                    des_parentesco                    
                  FROM
                        vdir_parentesco
                    WHERE
                        cod_estado = 1) LOOP

      vl_option := vl_option||' <option value='||fila.cod_parentesco||'>'||fila.des_parentesco||'</option>';                 

     END LOOP; 

     RETURN '<select disabled id="parentesco" name="parentesco" class="form-control lista-vd  col-lg-6 col-md-6 col-sm-6">'||vl_option||'</select>';


   END VDIR_FN_GET_LIST_PARENTESCO;

-----------------------------------------------------------------------------

 FUNCTION VDIR_FN_GET_ENCUESTA_SARLAF(p_codigo_afiliacion IN VDIR_AFILIACION.COD_AFILIACION%TYPE ,p_codigo_persona IN VDIR_PERSONA.COD_PERSONA%TYPE) RETURN CLOB AS
   vl_cadena CLOB;

   vl_form_ini VARCHAR2(100);
   vl_form_fin VARCHAR2(40);   
   vl_row_respuesta CLOB; 
   vl_row_pregunta CLOB; 
   vl_style VARCHAR2(50);
   vl_filset_ini VARCHAR2(50);
   vl_filset_fin VARCHAR2(50);
   vl_legend VARCHAR2(50);
   vl_cod_modulo NUMBER;   
   vl_filset_all CLOB;
   vl_nombre_ant_modulo VARCHAR2(100);
   vl_value_check VARCHAR2(5);
   vl_existe_encuesta NUMBER;

  BEGIN
  
     SELECT 
        COUNT(EP.COD_ENCUESTA_PERSONA) INTO vl_existe_encuesta
      FROM 
        VDIR_ENCUESTA_PERSONA EP
        
        INNER JOIN VDIR_PERSONA P
         ON P.COD_PERSONA = EP.COD_PERSONA    
        
        INNER JOIN VDIR_PERSONA_TIPOPER TIPOP
         ON TIPOP.COD_PERSONA = P.COD_PERSONA
        
      WHERE
        EP.COD_AFILIACION = p_codigo_afiliacion
        AND EP.COD_PERSONA = p_codigo_persona
        AND TIPOP.COD_TIPO_PERSONA = 1
        AND EP.COD_ENCUESTA = 1;
      
  IF vl_existe_encuesta = 0 THEN

      vl_form_ini := '<div class="container" id="form_div" name="form_div">';
      vl_form_fin := '</div>';
      vl_filset_ini := '<fieldset class="fieldset-vd">';
      vl_filset_fin := '</fieldset>';
      vl_filset_all := '';      
      vl_cod_modulo := 0;
      vl_nombre_ant_modulo := '';

       FOR fila IN (SELECT
                        preg.cod_pregunta,
                        preg.des_pregunta,
                        modu.des_modulo,
                        modu.cod_modulo
                    FROM
                        vdir_pregunta preg

                        INNER JOIN vdir_modulo_encuesta modu
                         ON modu.cod_modulo = preg.cod_modulo
                    WHERE
                       preg.cod_encuesta = 1 ORDER BY preg.cod_modulo, preg.numero_pregunta)  LOOP 
         vl_row_respuesta := '';
         vl_style := '';         
          FOR fila2 IN(SELECT
                            cod_respuesta,
                            des_respuesta,
                            puntuacion

                        FROM
                            vdir_respuesta
                        WHERE
                           cod_pregunta = fila.cod_pregunta  ORDER BY numero_respuesta) 
        LOOP
                IF fila2.cod_respuesta NOT IN(25,26,27,30,31,32,33,36,37,38,41,42,43,46,47,48,49,50,51) THEN  
                    vl_value_check := '0';
                  IF(fila2.des_respuesta = 'SI') THEN
                    vl_value_check := '1';                 
                  END IF;
                   vl_row_respuesta := vl_row_respuesta || '
                                                                <div class="form-check div_container_respuesta" data-respuesta = "'||CAST(fila2.cod_respuesta AS VARCHAR2)||'">                                                 
                                                                    <label class="radio-inline form-check-label">
                                                                      <input class="form-check-input"  type="radio" name="radio_respuesta_n_'||CAST(fila.cod_pregunta AS VARCHAR2)||'" id="radio_respuesta_n_'||CAST(fila.cod_pregunta AS VARCHAR2)||'" value="'||CAST(fila2.cod_respuesta AS VARCHAR2)||'"> '||fila2.des_respuesta||'
                                                                       <span class="circle">
                                                                        <span class="check"></span>
                                                                      </span>
                                                                    </label>
                                                                </div>
                                                            ';
                 ELSIF fila2.cod_respuesta = 33 THEN
                      vl_row_respuesta := vl_row_respuesta || '<div class="div_container_respuesta" data-respuesta = "'||CAST(fila2.cod_respuesta AS VARCHAR2)||'">' ||fila2.des_respuesta||VDIR_PACK_ENCUESTAS.VDIR_FN_GET_LIST_MONEDA||'</div>';                      
                 ELSIF fila2.cod_respuesta = 48 THEN
                     vl_row_respuesta := vl_row_respuesta || '<div class="div_container_respuesta" data-respuesta = "'||CAST(fila2.cod_respuesta AS VARCHAR2)||'">' || fila2.des_respuesta||VDIR_PACK_ENCUESTAS.VDIR_FN_GET_LIST_PARENTESCO||'</div> <br>'; 
                 ELSE                  
                   vl_row_respuesta := vl_row_respuesta || '<div class="div_container_respuesta" data-respuesta = "'||CAST(fila2.cod_respuesta AS VARCHAR2)||'">' ||fila2.des_respuesta||'</div>';
                 END IF;
          END LOOP; 

          IF vl_cod_modulo <> fila.cod_modulo AND vl_cod_modulo > 0 THEN
            -- vl_cod_modulo := fila.cod_modulo;           
             vl_filset_all := vl_filset_all || vl_filset_ini||'<legend class="legend-vd">'||vl_nombre_ant_modulo||'</legend>'||vl_row_pregunta||vl_filset_fin;
             vl_row_pregunta := '';
          END IF;

          vl_cod_modulo := fila.cod_modulo; 
          vl_nombre_ant_modulo := fila.des_modulo;

          IF fila.cod_pregunta = 7  THEN          
                vl_style := 'style="display:none"';
          END IF;         


            vl_row_pregunta := vl_row_pregunta || '<div class="row">
                                                       <div '||vl_style||' class="col-lg-12 col-md-12 col-sm-12 div_container_pregunta" id="pregunta_'||CAST(fila.cod_pregunta AS VARCHAR2)||'" data-pregunta = "'||CAST(fila.cod_pregunta AS VARCHAR2)||'">
                                                         <div class="title">
                                                                <h4 class="obligatorio">'||fila.des_pregunta||'</h4>
                                                         </div>                                                         
                                                           '||vl_row_respuesta||'
                                                        </div>
                                                    </div>'; 



      END LOOP;
    IF vl_row_pregunta IS NOT NULL AND vl_row_pregunta <> ' ' THEN
        vl_filset_all := vl_filset_all || vl_filset_ini||'<legend class="legend-vd">'||vl_nombre_ant_modulo||'</legend>'||vl_row_pregunta||vl_filset_fin;
    END IF;

     --vl_cadena :=  vl_form_ini||vl_row_pregunta||vl_form_fin;
     vl_cadena :=  vl_form_ini||vl_filset_all||vl_form_fin;
  ELSE 
     vl_cadena := '';
  END IF;

    RETURN vl_cadena;
  END VDIR_FN_GET_ENCUESTA_SARLAF;

  ---------------------------------------------------------GUARDAR ENCUESTA

  --PROCEDIMIENTO PARA GUARDAR LA ENCUESTA
    PROCEDURE VDIR_FN_GUARDAR_ENCUESTA(p_codigo_encuesta IN VDIR_ENCUESTA.COD_ENCUESTA%TYPE,p_codigo_pregunta IN VDIR_PREGUNTA.COD_PREGUNTA%TYPE,p_codigo_respuesta IN VDIR_RESPUESTA.COD_RESPUESTA%TYPE,p_cod_afiliacion IN VDIR_AFILIACION.COD_AFILIACION%TYPE,p_valor_respuesta IN VDIR_RESPUESTAS_MARCADAS.VALOR_RESPUESTA%TYPE,p_codigo_persona IN VDIR_PERSONA.COD_PERSONA%TYPE,p_respuesta OUT VARCHAR2)

   AS
   vl_cod_encuesta_afiliacion vdir_encuesta_persona.cod_encuesta_persona%TYPE;

   BEGIN 

   p_respuesta := 'Operación realizada correctamente.';

   BEGIN 
    SELECT
        cod_encuesta_persona INTO  vl_cod_encuesta_afiliacion      
    FROM
        vdir_encuesta_persona
    WHERE 
       cod_encuesta = p_codigo_encuesta
       AND cod_afiliacion = p_cod_afiliacion
       AND cod_persona = p_codigo_persona;
   EXCEPTION WHEN OTHERS THEN
      vl_cod_encuesta_afiliacion := NULL;
   END;

   IF vl_cod_encuesta_afiliacion IS NULL THEN

        SELECT VDIR_SEQ_AFILIACION_ENCUESTA.NEXTVAL INTO vl_cod_encuesta_afiliacion  FROM DUAL;

        INSERT INTO vdir_encuesta_persona (
            cod_encuesta_persona,
            cod_afiliacion,
            cod_encuesta,
            cod_persona
        ) VALUES (
            vl_cod_encuesta_afiliacion,
            p_cod_afiliacion,
            p_codigo_encuesta,
            p_codigo_persona
        );

    END IF;

   MERGE INTO vdir_respuestas_marcadas resmar
   USING (
           SELECT
            vl_cod_encuesta_afiliacion AS cod_encuesta_afiliacion,
            p_codigo_pregunta  AS codigo_pregunta,
            p_codigo_respuesta  AS codigo_respuesta
          FROM
             DUAL   
      ) resmar2
   ON (resmar.cod_encuesta_persona = resmar2.cod_encuesta_afiliacion AND resmar.cod_pregunta = resmar2.codigo_pregunta AND resmar.cod_respuesta = resmar2.codigo_respuesta)   
   WHEN NOT MATCHED THEN 

    INSERT (
        cod_respuestas_marcadas,
        cod_encuesta_persona,
        cod_pregunta,
        cod_respuesta,
        valor_respuesta
    ) VALUES (
        VDIR_SEQ_RESPUESTAS_MARCADAS.NEXTVAL,
        vl_cod_encuesta_afiliacion,
        p_codigo_pregunta,
        p_codigo_respuesta,
        p_valor_respuesta
    );

    --COMMIT --El comit se hace en el php;

  EXCEPTION 
    WHEN OTHERS THEN
    RAISE_APPLICATION_ERROR(-20000, 'ban commision.');
    p_respuesta := 'Ocurrio un error en la base de datos.';
  ROLLBACK;


   END VDIR_FN_GUARDAR_ENCUESTA;

   --FUNCION PARA TRAER LA ENCUESTA SARLAF YA DILIGENCIADA-------------------------------
   FUNCTION VDIR_FN_GET_DATOS_ENCT(p_codigo_afiliacion IN VDIR_AFILIACION.COD_AFILIACION%TYPE,p_codigo_persona IN VDIR_PERSONA.COD_PERSONA%TYPE) RETURN CLOB

   AS
    vl_cadena CLOB;

    vl_form_ini VARCHAR2(100);
    vl_form_fin VARCHAR2(40);   
    vl_row_respuesta CLOB; 
    vl_row_pregunta CLOB; 
    vl_style VARCHAR2(50);
    vl_filset_ini VARCHAR2(50);
    vl_filset_fin VARCHAR2(50);
    vl_legend VARCHAR2(50);
    vl_cod_modulo NUMBER;    
    vl_filset_all CLOB;
    vl_nombre_ant_modulo VARCHAR2(100);
    vl_checked VARCHAR2(100);
    vl_value_check VARCHAR2(5);

   BEGIN

      vl_form_ini := '<div class="container" id="form_div" name="form_div">';
      vl_form_fin := '</div>';
      vl_filset_ini := '<fieldset class="fieldset-vd">';
      vl_filset_fin := '</fieldset>';
      vl_filset_all := '';      
      vl_cod_modulo := 0;
      vl_nombre_ant_modulo := '';
      vl_checked := '';

       FOR fila IN (SELECT                       
                        preg.cod_pregunta,
                        preg.des_pregunta,
                        modu.des_modulo,
                        modu.cod_modulo
                    FROM
                        vdir_pregunta preg                        

                        INNER JOIN vdir_modulo_encuesta modu
                         ON modu.cod_modulo = preg.cod_modulo                        

                    WHERE
                       preg.cod_encuesta = 1 ORDER BY preg.cod_modulo, preg.numero_pregunta)  LOOP 
         vl_row_respuesta := '';                
          FOR fila2 IN(SELECT

                            re.cod_respuesta,
                            re.des_respuesta,
                            re.puntuacion,
                            (SELECT  
                              (CASE WHEN rm.cod_respuesta IS NOT NULL THEN 'checked' ELSE ' ' END)                          
                               FROM
                                 vdir_respuestas_marcadas rm 

                                 INNER JOIN vdir_encuesta_persona afe
                                  ON afe.COD_ENCUESTA_PERSONA = rm.COD_ENCUESTA_PERSONA

                                 INNER JOIN  vdir_persona_tipoper per
                                  ON per.cod_persona = afe.cod_persona

                                 WHERE
                                   rm.cod_respuesta = re.cod_respuesta
                                   AND afe.COD_AFILIACION = p_codigo_afiliacion
                                   AND rm.cod_pregunta = fila.cod_pregunta
                                   AND afe.cod_persona = p_codigo_persona
                                   AND per.cod_tipo_persona = 1) AS checked,
                            (SELECT  
                               rm.valor_respuesta                      
                               FROM
                                 vdir_respuestas_marcadas rm 

                                 INNER JOIN vdir_encuesta_persona afe
                                  ON afe.COD_ENCUESTA_PERSONA = rm.COD_ENCUESTA_PERSONA

                                 INNER JOIN  vdir_persona_tipoper per
                                  ON per.cod_persona = afe.cod_persona 

                                 WHERE
                                   rm.cod_respuesta = re.cod_respuesta
                                   AND afe.COD_AFILIACION = p_codigo_afiliacion
                                   AND rm.cod_pregunta = fila.cod_pregunta
                                   AND afe.cod_persona = p_codigo_persona
                                   AND per.cod_tipo_persona = 1) AS val_respuesta       


                        FROM
                            vdir_respuesta re                             

                        WHERE
                           re.cod_pregunta = fila.cod_pregunta  ORDER BY re.numero_respuesta) 
        LOOP       


                IF fila2.cod_respuesta NOT IN(25,26,27,30,31,32,33,36,37,38,41,42,43,46,47,48,49,50,51) THEN 
                    vl_value_check := '0';
                  IF(fila2.des_respuesta = 'SI') THEN
                    vl_value_check := '1';                 
                  END IF;
                   vl_row_respuesta := vl_row_respuesta || '
                                                                <div class="form-check div_container_respuesta" data-respuesta = "'||CAST(fila2.cod_respuesta AS VARCHAR2)||'">                                                 
                                                                    <label class="radio-inline form-check-label">
                                                                      <input disabled class="form-check-input" '||fila2.checked||' type="radio" name="radio_respuesta_n_'||CAST(fila.cod_pregunta AS VARCHAR2)||'" id="radio_respuesta_n_'||CAST(fila.cod_pregunta AS VARCHAR2)||'" value="'||CAST(fila2.cod_respuesta AS VARCHAR2)||'"> '||fila2.des_respuesta||'
                                                                       <span class="circle">
                                                                        <span class="check"></span>
                                                                      </span>
                                                                    </label>
                                                                </div>
                                                            ';
                 ELSIF fila2.cod_respuesta = 33 THEN
                      vl_row_respuesta := vl_row_respuesta || '<div class="div_container_respuesta" data-val_respuesta = "'||fila2.val_respuesta||'" data-respuesta = "'||CAST(fila2.cod_respuesta AS VARCHAR2)||'">' ||fila2.des_respuesta||VDIR_PACK_ENCUESTAS.VDIR_FN_GET_LIST_MONEDA||'</div>';                      
                 ELSIF fila2.cod_respuesta = 48 THEN
                     vl_row_respuesta := vl_row_respuesta || '<div class="div_container_respuesta" data-val_respuesta = "'||fila2.val_respuesta||'" data-respuesta = "'||CAST(fila2.cod_respuesta AS VARCHAR2)||'">' || fila2.des_respuesta||VDIR_PACK_ENCUESTAS.VDIR_FN_GET_LIST_PARENTESCO||'</div> <br>'; 
                 ELSE                  
                   vl_row_respuesta := vl_row_respuesta || '<div class="div_container_respuesta" data-respuesta = "'||CAST(fila2.cod_respuesta AS VARCHAR2)||'" data-val_respuesta = "'||fila2.val_respuesta||'">' ||fila2.des_respuesta||'</div>';
                 END IF;
          END LOOP;  

          IF vl_cod_modulo <> fila.cod_modulo AND vl_cod_modulo > 0 THEN                      
             vl_filset_all := vl_filset_all || vl_filset_ini||'<legend class="legend-vd">'||vl_nombre_ant_modulo||'</legend>'||vl_row_pregunta||vl_filset_fin;
             vl_row_pregunta := '';
          END IF;

          vl_cod_modulo := fila.cod_modulo; 
          vl_nombre_ant_modulo := fila.des_modulo;        

            vl_row_pregunta := vl_row_pregunta || '<div class="row">
                                                       <div class="col-lg-12 col-md-12 col-sm-12 div_container_pregunta" id="pregunta_'||CAST(fila.cod_pregunta AS VARCHAR2)||'" data-pregunta = "'||CAST(fila.cod_pregunta AS VARCHAR2)||'">
                                                         <div class="title">
                                                                <h4 class="obligatorio">'||fila.des_pregunta||'</h4>
                                                         </div>                                                         
                                                           '||vl_row_respuesta||'
                                                        </div>
                                                    </div>';          

      END LOOP;
    IF vl_row_pregunta IS NOT NULL AND vl_row_pregunta <> ' ' THEN
        vl_filset_all := vl_filset_all || vl_filset_ini||'<legend class="legend-vd">'||vl_nombre_ant_modulo||'</legend>'||vl_row_pregunta||vl_filset_fin;
    END IF;      

     vl_cadena :=  vl_form_ini||vl_filset_all||vl_form_fin;


    RETURN vl_cadena;


   END VDIR_FN_GET_DATOS_ENCT;

   -------------------------------FUNCION PARA  PINTAR LA ENCUESTA DE SALUD

 FUNCTION VDIR_FN_GET_ENCUESTA_DE_SALUD(p_edad IN NUMBER,p_sexo IN NUMBER,p_codigo_afiliacion IN VDIR_AFILIACION.COD_AFILIACION%TYPE ,p_codigo_persona IN VDIR_PERSONA.COD_PERSONA%TYPE) RETURN CLOB AS
   vl_cadena CLOB;

   vl_form_ini VARCHAR2(100);
   vl_form_fin VARCHAR2(40);   
   vl_row_respuesta CLOB; 
   vl_row_pregunta CLOB; 
   vl_style VARCHAR2(50);
   vl_filset_ini VARCHAR2(50);
   vl_filset_fin VARCHAR2(50);
   vl_legend VARCHAR2(50);
   vl_cod_modulo NUMBER;   
   vl_filset_all CLOB;
   vl_nombre_ant_modulo VARCHAR2(100);
   vl_value_check VARCHAR2(4);
   vl_existe_encuesta NUMBER;

  BEGIN      
  
      SELECT 
        COUNT(EP.COD_ENCUESTA_PERSONA) INTO vl_existe_encuesta
      FROM 
        VDIR_ENCUESTA_PERSONA EP
        
        INNER JOIN VDIR_PERSONA P
         ON P.COD_PERSONA = EP.COD_PERSONA    
        
        INNER JOIN VDIR_PERSONA_TIPOPER TIPOP
         ON TIPOP.COD_PERSONA = P.COD_PERSONA
        
      WHERE
        EP.COD_AFILIACION = p_codigo_afiliacion
        AND EP.COD_PERSONA = p_codigo_persona
        AND TIPOP.COD_TIPO_PERSONA = 2
        AND EP.COD_ENCUESTA = 2;
        
  IF  vl_existe_encuesta = 0 THEN
  
      vl_form_ini := '<div class="container" id="form_div_salud" name="form_div_salud">';
      vl_form_fin := '</div>';
      vl_filset_ini := '<fieldset class="fieldset-vd">';
      vl_filset_fin := '</fieldset>';
      vl_filset_all := '';      
      vl_cod_modulo := 0;
      vl_nombre_ant_modulo := '';

       FOR fila IN (SELECT
                        preg.cod_pregunta,
                        preg.des_pregunta,
                        modu.des_modulo,
                        modu.cod_modulo
                    FROM
                        vdir_pregunta preg

                        INNER JOIN vdir_modulo_encuesta modu
                         ON modu.cod_modulo = preg.cod_modulo
                    WHERE
                       preg.cod_encuesta = 2 ORDER BY preg.cod_modulo, preg.numero_pregunta)  LOOP 
         vl_row_respuesta := '';
         vl_style := '';         

         IF fila.cod_pregunta = 10 THEN
               vl_style := 'style="display:none"';
          END IF;

          IF fila.cod_pregunta IN(8,9) AND p_sexo = 1  THEN          
                vl_style := 'style="display:none"';              
          END IF;   

          IF fila.cod_pregunta IN(29,30) AND p_edad > 6  THEN          
                vl_style := 'style="display:none"';              
          END IF;  
          FOR fila2 IN(SELECT
                            cod_respuesta,
                            des_respuesta,
                            puntuacion

                        FROM
                            vdir_respuesta
                        WHERE
                           cod_pregunta = fila.cod_pregunta  ORDER BY numero_respuesta) 
        LOOP

                IF fila2.cod_respuesta IN(52,53,55,56,57,58,59,61,62,64,65,67,68,70,71,73,74,76,77,79,80,82,83,85,86,88,89,91,92,94,95,97,98,100,101,103,104,106,107,109,110,112,113,115,116,120,121,123,124,125,126,127,128,129,130) THEN
                  vl_value_check := '0';
                  IF(fila2.des_respuesta = 'SI') THEN
                    vl_value_check := '1';                 
                  END IF;
                   vl_row_respuesta := vl_row_respuesta || '
                                                                <div '||vl_style||' class="form-check div_container_respuesta" data-respuesta = "'||CAST(fila2.cod_respuesta AS VARCHAR2)||'">                                                 
                                                                    <label class="radio-inline form-check-label">
                                                                      <input class="form-check-input"  type="radio" name="radio_respuesta_n_'||CAST(fila.cod_pregunta AS VARCHAR2)||'" id="radio_respuesta_n_'||CAST(fila.cod_pregunta AS VARCHAR2)||'" data-value="'||vl_value_check||'" value="'||CAST(fila2.cod_respuesta AS VARCHAR2)||'"> '||fila2.des_respuesta||'
                                                                       <span class="circle">
                                                                        <span class="check"></span>
                                                                      </span>
                                                                    </label>
                                                                </div>
                                                            ';
                 ELSIF fila2.cod_respuesta IN(118,119) THEN
                   vl_row_respuesta := vl_row_respuesta || '<div class="div_container_respuesta" data-respuesta = "'||CAST(fila2.cod_respuesta AS VARCHAR2)||'"><input type="text" id="inp_'||CAST(fila2.cod_respuesta AS VARCHAR2)||'" name="inp_'||CAST(fila2.cod_respuesta AS VARCHAR2)||'" class="form-control campo-vd col-sm-9" maxlength="3"></div>';
                 ELSE               
                   vl_row_respuesta := vl_row_respuesta || '<div class="div_container_respuesta d-none"  data-respuesta = "'||CAST(fila2.cod_respuesta AS VARCHAR2)||'"><label>Especificar</label><input type="text" id="inp_'||CAST(fila2.cod_respuesta AS VARCHAR2)||'" name="inp_'||CAST(fila2.cod_respuesta AS VARCHAR2)||'" class="form-control campo-vd col-sm-9" maxlength="400"></div>';                
                 END IF;
          END LOOP; 

          IF vl_cod_modulo <> fila.cod_modulo AND vl_cod_modulo > 0 THEN
            -- vl_cod_modulo := fila.cod_modulo;           
             vl_filset_all := vl_filset_all || vl_filset_ini||'<legend class="legend-vd">'||vl_nombre_ant_modulo||'</legend>'||vl_row_pregunta||vl_filset_fin;
             vl_row_pregunta := '';
          END IF;

          vl_cod_modulo := fila.cod_modulo; 
          vl_nombre_ant_modulo := fila.des_modulo; 

            vl_row_pregunta := vl_row_pregunta || '<div class="row">
                                                       <div '||vl_style||' class="col-sm-12 div_container_pregunta" id="pregunta_'||CAST(fila.cod_pregunta AS VARCHAR2)||'" data-pregunta = "'||CAST(fila.cod_pregunta AS VARCHAR2)||'">
                                                         <div class="title">
                                                                <h4 class="obligatorio">'||fila.des_pregunta||'</h4>
                                                         </div>                                                         
                                                           '||vl_row_respuesta||'
                                                        </div>
                                                    </div>'; 



      END LOOP;
    IF vl_row_pregunta IS NOT NULL AND vl_row_pregunta <> ' ' THEN
        vl_filset_all := vl_filset_all || vl_filset_ini||'<legend class="legend-vd">'||vl_nombre_ant_modulo||'</legend>'||vl_row_pregunta||vl_filset_fin;
    END IF;

     --vl_cadena :=  vl_form_ini||vl_row_pregunta||vl_form_fin;
     vl_cadena :=  vl_form_ini||vl_filset_all||vl_form_fin;

   ELSE
    vl_cadena := '';
   END IF;

    RETURN vl_cadena;
  END VDIR_FN_GET_ENCUESTA_DE_SALUD;

  --FUNCION PARA TRAER LA ENCUESTA DE SALUD YA DILIGENCIADA-------------------------------
   FUNCTION VDIR_FN_GET_DATOS_ENCT_SALUD(p_codigo_afiliacion IN VDIR_AFILIACION.COD_AFILIACION%TYPE,p_codigo_persona IN VDIR_PERSONA.COD_PERSONA%TYPE) RETURN CLOB

   AS
    vl_cadena CLOB;

    vl_form_ini VARCHAR2(100);
    vl_form_fin VARCHAR2(40);   
    vl_row_respuesta CLOB; 
    vl_row_pregunta CLOB; 
    vl_style VARCHAR2(50);
    vl_filset_ini VARCHAR2(50);
    vl_filset_fin VARCHAR2(50);
    vl_legend VARCHAR2(50);
    vl_cod_modulo NUMBER;    
    vl_filset_all CLOB;
    vl_nombre_ant_modulo VARCHAR2(100);
    vl_checked VARCHAR2(100);
    vl_value_check VARCHAR2(5);

   BEGIN

      vl_form_ini := '<div class="container" id="form_div_salud" name="form_div_salud">';
      vl_form_fin := '</div>';
      vl_filset_ini := '<fieldset class="fieldset-vd">';
      vl_filset_fin := '</fieldset>';
      vl_filset_all := '';      
      vl_cod_modulo := 0;
      vl_nombre_ant_modulo := '';
      vl_checked := '';

       FOR fila IN (SELECT                       
                        preg.cod_pregunta,
                        preg.des_pregunta,
                        modu.des_modulo,
                        modu.cod_modulo
                    FROM
                        vdir_pregunta preg                        

                        INNER JOIN vdir_modulo_encuesta modu
                         ON modu.cod_modulo = preg.cod_modulo                        

                    WHERE
                       preg.cod_encuesta = 2 ORDER BY preg.cod_modulo, preg.numero_pregunta)  LOOP 
         vl_row_respuesta := '';                
          FOR fila2 IN(SELECT

                            re.cod_respuesta,
                            re.des_respuesta,
                            re.puntuacion,
                            (SELECT  
                              (CASE WHEN rm.cod_respuesta IS NOT NULL THEN 'checked' ELSE ' ' END)                          
                               FROM
                                 vdir_respuestas_marcadas rm 

                                 INNER JOIN vdir_encuesta_persona afe
                                  ON afe.COD_ENCUESTA_PERSONA = rm.COD_ENCUESTA_PERSONA

                                 INNER JOIN  vdir_persona_tipoper per
                                  ON per.cod_persona = afe.cod_persona 

                                 WHERE
                                   rm.cod_respuesta = re.cod_respuesta
                                   AND afe.COD_AFILIACION = p_codigo_afiliacion
                                   AND rm.cod_pregunta = fila.cod_pregunta
                                   AND afe.cod_persona = p_codigo_persona
                                   AND per.cod_tipo_persona = 2) AS checked,
                            (SELECT  
                               rm.valor_respuesta                      
                               FROM
                                 vdir_respuestas_marcadas rm 

                                 INNER JOIN vdir_encuesta_persona afe
                                  ON afe.COD_ENCUESTA_PERSONA = rm.COD_ENCUESTA_PERSONA

                                 INNER JOIN  vdir_persona_tipoper per
                                  ON per.cod_persona = afe.cod_persona 

                                 WHERE
                                   rm.cod_respuesta = re.cod_respuesta
                                   AND afe.COD_AFILIACION = p_codigo_afiliacion
                                   AND rm.cod_pregunta = fila.cod_pregunta
                                   AND afe.cod_persona = p_codigo_persona
                                   AND per.cod_tipo_persona = 2) AS val_respuesta       


                        FROM
                            vdir_respuesta re                             

                        WHERE
                           re.cod_pregunta = fila.cod_pregunta  ORDER BY re.numero_respuesta) 
        LOOP       


                IF fila2.cod_respuesta IN(52,53,55,56,57,58,59,61,62,64,65,67,68,70,71,73,74,76,77,79,80,82,83,85,86,88,89,91,92,94,95,97,98,100,101,103,104,106,107,109,110,112,113,115,116,120,121,123,124,125,126,127,128,129,130) THEN
                    vl_value_check := '0';
                  IF(fila2.des_respuesta = 'SI') THEN
                    vl_value_check := '1';                 
                  END IF;
                   vl_row_respuesta := vl_row_respuesta || '
                                                                <div class="form-check div_container_respuesta" data-respuesta = "'||CAST(fila2.cod_respuesta AS VARCHAR2)||'">                                                 
                                                                    <label class="radio-inline form-check-label">                                                                     
                                                                      <input disabled class="form-check-input" '||fila2.checked||' type="radio" name="radio_respuesta_n_'||CAST(fila.cod_pregunta AS VARCHAR2)||'" id="radio_respuesta_n_'||CAST(fila.cod_pregunta AS VARCHAR2)||'" data-value="'||vl_value_check||'" value="'||CAST(fila2.cod_respuesta AS VARCHAR2)||'"> '||fila2.des_respuesta||' 
                                                                       <span class="circle">
                                                                        <span class="check"></span>
                                                                      </span>
                                                                    </label>
                                                                </div>
                                                            ';
                ELSIF fila2.cod_respuesta IN(118,119) THEN
                   vl_row_respuesta := vl_row_respuesta || '<div class="div_container_respuesta" data-respuesta = "'||CAST(fila2.cod_respuesta AS VARCHAR2)||'"><input type="text" id="inp_'||CAST(fila2.cod_respuesta AS VARCHAR2)||'" name="inp_'||CAST(fila2.cod_respuesta AS VARCHAR2)||'" value="'||fila2.val_respuesta||'" class="form-control campo-vd col-sm-9" maxlength="3"></div>';
                 ELSE               
                   vl_row_respuesta := vl_row_respuesta || '<div class="div_container_respuesta d-none"  data-respuesta = "'||CAST(fila2.cod_respuesta AS VARCHAR2)||'"><label>Especificar</label><input type="text" id="inp_'||CAST(fila2.cod_respuesta AS VARCHAR2)||'" name="inp_'||CAST(fila2.cod_respuesta AS VARCHAR2)||'" value="'||fila2.val_respuesta||'" class="form-control campo-vd col-sm-9" maxlength="400"></div>';                
                 END IF;
          END LOOP;  

          IF vl_cod_modulo <> fila.cod_modulo AND vl_cod_modulo > 0 THEN                      
             vl_filset_all := vl_filset_all || vl_filset_ini||'<legend class="legend-vd">'||vl_nombre_ant_modulo||'</legend>'||vl_row_pregunta||vl_filset_fin;
             vl_row_pregunta := '';
          END IF;

          vl_cod_modulo := fila.cod_modulo; 
          vl_nombre_ant_modulo := fila.des_modulo;        

            vl_row_pregunta := vl_row_pregunta || '<div class="row">
                                                       <div class="col-lg-12 col-md-12 col-sm-12 div_container_pregunta" id="pregunta_'||CAST(fila.cod_pregunta AS VARCHAR2)||'" data-pregunta = "'||CAST(fila.cod_pregunta AS VARCHAR2)||'">
                                                         <div class="title">
                                                                <h4 class="obligatorio">'||fila.des_pregunta||'</h4>
                                                         </div>                                                         
                                                           '||vl_row_respuesta||'
                                                        </div>
                                                    </div>';          

      END LOOP;
    IF vl_row_pregunta IS NOT NULL AND vl_row_pregunta <> ' ' THEN
        vl_filset_all := vl_filset_all || vl_filset_ini||'<legend class="legend-vd">'||vl_nombre_ant_modulo||'</legend>'||vl_row_pregunta||vl_filset_fin;
    END IF;      

     vl_cadena :=  vl_form_ini||vl_filset_all||vl_form_fin;


    RETURN vl_cadena;


   END VDIR_FN_GET_DATOS_ENCT_SALUD;

	-- ---------------------------------------------------------------------
    -- fnGetValidaEncuesta
    -- ---------------------------------------------------------------------
    FUNCTION fnGetValidaEncuesta
    (
        inu_codAfiliacion IN VDIR_ENCUESTA_PERSONA.COD_AFILIACION%TYPE,
		inu_codPersona    IN VDIR_ENCUESTA_PERSONA.COD_PERSONA%TYPE,
		inu_codEncuesta   IN VDIR_ENCUESTA_PERSONA.COD_ENCUESTA%TYPE
    )
	RETURN NUMBER IS

	/* ---------------------------------------------------------------------
	 Copyright   : Tecnología Informática Coomeva - Colombia
	 Package     : VDIR_PACK_ENCUESTAS
	 Caso de Uso : 
	 Descripción : Retorna 1 = Si / 0 = No si la persona lleno la encuesta
	 ----------------------------------------------------------------------
	 Autor : katherine.latorre@kalettre.com
	 Fecha : 15-01-2019  
	 ----------------------------------------------------------------------
	 Parámetros :     Descripción:
	 inu_codAfiliacion       Código de la afiliación
	 inu_codPersona          Código de la persona contratante / beneficiario
	 inu_codEncuesta         Código de la encuesta
	 ----------------------------------------------------------------------
	 Historia de Modificaciones
	 ----------------------------------------------------------------------
	 Fecha Autor Modificación
	 ----------------------------------------------------------------- */

	    CURSOR cu_valida_encuesta IS
		SELECT COUNT(1)
		  FROM VDIR_ENCUESTA_PERSONA
	     WHERE COD_AFILIACION = inu_codAfiliacion
		   AND COD_PERSONA    = inu_codPersona
		   AND COD_ENCUESTA   = inu_codEncuesta;

		lnu_validaEncuesta NUMBER(1) := 0;

	BEGIN

		 OPEN cu_valida_encuesta; 
		FETCH cu_valida_encuesta INTO lnu_validaEncuesta; 
		CLOSE cu_valida_encuesta;

		RETURN lnu_validaEncuesta;

	END fnGetValidaEncuesta;


END VDIR_PACK_ENCUESTAS;

/
--------------------------------------------------------
--  DDL for Package Body VDIR_PACK_ENVIAR_EMAIL
--------------------------------------------------------

  CREATE OR REPLACE PACKAGE BODY "SALUDMP"."VDIR_PACK_ENVIAR_EMAIL" AS

  FUNCTION send_email(REMITE IN VARCHAR2,DESTINO IN VARCHAR2, ASUNTO IN VARCHAR2, MENSAJE IN VARCHAR2,PUERTO IN NUMBER,SERVIDOR IN VARCHAR2,USUARIO IN VARCHAR2,CLAVE IN VARCHAR2)
RETURN VARCHAR2
AS                                                         
    remitente varchar2(100);                                                    
    conn_mail UTL_SMTP.connection;                                              
    l_boundary    VARCHAR2(50) := '----=*#abc1234321cba#*='; 
    varData VARCHAR2(4000);
  BEGIN
                                          
    if (remite is null) then                                                    
      remitente := 'noresponder@coomeva.com.co';                                   
    else
      remitente := remite;
    end if;                                                                     
                                                                                
    conn_mail := UTL_SMTP.open_connection(servidor, puerto);     
    UTL_SMTP.helo(conn_mail, servidor);                                         
    UTL_SMTP.mail(conn_mail, remitente);  
    add_destinatatios(conn_mail,destino);
   -- UTL_SMTP.rcpt(conn_mail, destino);                                          
                                                                                
    UTL_SMTP.open_data(conn_mail);                                              
                                                                                
    UTL_SMTP.write_data(conn_mail, 'Date: ' || TO_CHAR(SYSDATE, 'DD-MON-YYYY HH24:MI:SS') || UTL_TCP.CRLF);                                                     
                                                                                
    UTL_SMTP.write_data(conn_mail, 'To: ' || destino || UTL_TCP.CRLF);          
    UTL_SMTP.write_data(conn_mail, 'From: ' || remitente || UTL_TCP.CRLF);      
    UTL_SMTP.write_data(conn_mail, 'Subject: ' || asunto || UTL_TCP.CRLF);      
    UTL_SMTP.write_data(conn_mail, 'Reply-To: ' || remitente || UTL_TCP.CRLF);  
    
    
    UTL_smtp.write_data(conn_mail, 'MIME-Version: ' || '1.0' || UTL_TCP.CRLF);
    UTL_smtp.write_data(conn_mail, 'Content-Type: ' || 'text/plain; charset=iso-8859-15' || UTL_TCP.CRLF);
    UTL_SMTP.write_data(conn_mail, 'Content-Type:'|| 'text/html; ' || UTL_TCP.crlf);
    UTL_smtp.write_data(conn_mail, 'Content-Transfer-Encoding: ' || '8bit' || UTL_TCP.CRLF);
    
    -- Deja un espacio para separar el cuerpo de la cabecera
    UTL_SMTP.write_data(conn_mail, UTL_TCP.CRLF);
    varData := utl_raw.cast_to_raw(mensaje);
    UTL_smtp.write_raw_data(conn_mail, varData);
    UTL_SMTP.close_data(conn_mail);
    UTL_SMTP.quit(conn_mail);

  RETURN 'OK';
  
  END send_email;
 --------------------------------------------------------------------------------------------------------- 
  
  PROCEDURE add_destinatatios(P_MAIL_CONN IN OUT UTL_SMTP.CONNECTION,P_LIST IN VARCHAR2) 
  AS 
  
  l_tab NEXOS_string_api.t_split_array;
  BEGIN
  
   IF (TRIM(p_list) IS NOT NULL) THEN
      l_tab := NEXOS_string_api.split_text(p_list);
      FOR i IN 1 .. l_tab.COUNT LOOP
        UTL_SMTP.rcpt(p_mail_conn, TRIM(l_tab(i)));
      END LOOP;
   END IF;  
  
  END;
  
END VDIR_PACK_ENVIAR_EMAIL;

/
--------------------------------------------------------
--  DDL for Package Body VDIR_PACK_INICIO_SESSION
--------------------------------------------------------

  CREATE OR REPLACE PACKAGE BODY "SALUDMP"."VDIR_PACK_INICIO_SESSION" AS

  FUNCTION VDIR_FN_GET_TIPO_DOCUMENTO RETURN sys_refcursor AS
  vl_cursor  sys_refcursor;
  BEGIN

     OPEN vl_cursor
       FOR 
        SELECT
            cod_tipo_identificacion as codigo,
            des_tipo_identificacion as nombre,    
            des_abr as nombre_abr
        FROM
            vdir_tipo_identificacion
        WHERE
          cod_estado = 1
          ORDER BY 2;

    RETURN vl_cursor;
  END VDIR_FN_GET_TIPO_DOCUMENTO;

  -------------------------------------------------------FUNCION PARA TRAER DATOS DEL SEXO

  FUNCTION VDIR_FN_GET_SEXO RETURN sys_refcursor AS
  vl_cursor  sys_refcursor;
  BEGIN

     OPEN vl_cursor
       FOR 
        SELECT
            cod_sexo as codigo,
            des_sexo as nombre,    
            des_abr as nombre_abr
        FROM
            vdir_sexo
        WHERE
          cod_estado = 1
          ORDER BY 2;

    RETURN vl_cursor;
  END VDIR_FN_GET_SEXO;


   ------------------------------------------------ PROCEDIMIENTO PARA GUARDAR EL USUARIO  
  PROCEDURE VDIR_SP_GUARDAR_USUARIO(
                             p_tipo_identificacion IN VDIR_PERSONA.COD_TIPO_IDENTIFICACION%TYPE,                            
                             p_numero_identificacion IN VDIR_PERSONA.NUMERO_IDENTIFICACION%TYPE,
                             p_nombre_1 IN VDIR_PERSONA.NOMBRE_1%TYPE,
                             p_nombre_2 IN VDIR_PERSONA.NOMBRE_2%TYPE,
                             p_apellido_1 IN VDIR_PERSONA.APELLIDO_1%TYPE,
                             p_apellido_2 IN VDIR_PERSONA.APELLIDO_2%TYPE,
                             p_fecha_nacimiento IN DATE, 
                             p_cod_sexo IN VDIR_PERSONA.COD_SEXO%TYPE,
                             p_telefono IN VDIR_PERSONA.TELEFONO%TYPE,
                             p_celular IN VDIR_PERSONA.CELULAR%TYPE,
                             p_email IN VDIR_PERSONA.EMAIL%TYPE,
                             p_usuario IN VDIR_USUARIO.LOGIN%TYPE,
                             p_clave IN VDIR_USUARIO.CLAVE%TYPE,
                             p_tipo_persona IN VDIR_TIPO_PERSONA.COD_TIPO_PERSONA%TYPE,
                             p_plan IN VDIR_PLAN.COD_PLAN%TYPE,
                             p_cod_estado IN VDIR_ESTADO.COD_ESTADO%TYPE,                             
                             p_respuesta OUT VARCHAR2 
                             )
 IS

  vl_sec_persona vdir_persona.cod_persona%TYPE;
  vl_sec_usuario vdir_usuario.cod_usuario%TYPE;

 BEGIN

     p_respuesta := 'Operación realizada correctamente.';
     --se valida si la persona existe con su numero de cedula y el tipo de identificacion 

	 vl_sec_persona := VDIR_PACK_CONSULTA_USUARIOS.fnGetExistePersona(p_tipo_identificacion,p_numero_identificacion);       


   -- si la paersona no existe se inserta  
   IF(vl_sec_persona IS NULL)THEN

           SELECT VDIR_SEQ_PERSONA.NEXTVAL INTO vl_sec_persona FROM DUAL ;

           INSERT INTO vdir_persona (
            cod_persona,
            cod_tipo_identificacion,
            numero_identificacion,
            nombre_1,
            nombre_2,
            apellido_1,
            apellido_2,
            fecha_nacimiento,
            telefono,
            celular,
            email,            
            cod_sexo,           
            cod_estado

        ) VALUES (
           vl_sec_persona,
           p_tipo_identificacion,
           p_numero_identificacion,
           p_nombre_1,
           p_nombre_2,
           p_apellido_1,
           p_apellido_2 ,
           p_fecha_nacimiento,                                     
           p_telefono,
           p_celular,
           p_email ,
           p_cod_sexo ,
           p_cod_estado            
        );
   ELSE
       UPDATE vdir_persona
        SET
            cod_tipo_identificacion = p_tipo_identificacion,
            numero_identificacion = p_numero_identificacion,
            nombre_1 = p_nombre_1,
            nombre_2 = p_nombre_2,
            apellido_1 = p_apellido_1,
            apellido_2 = p_apellido_2,
            fecha_nacimiento = p_fecha_nacimiento,
            telefono = p_telefono,
            celular = p_celular,
            email = p_email,            
            cod_sexo = p_cod_sexo,           
            cod_estado = p_cod_estado
        WHERE
            cod_persona = vl_sec_persona;

   END IF;

   -- se inserta el tipo de persona al que pertence el usuario   
   MERGE INTO vdir_persona_tipoper tipop
   USING (
           SELECT
            vl_sec_persona AS cod_persona,
            p_tipo_persona AS cod_tipo_persona
          FROM
             DUAL   
      ) tipop2
   ON (tipop.cod_persona = tipop2.cod_persona AND tipop.cod_tipo_persona = tipop2.cod_tipo_persona)   
   WHEN NOT MATCHED THEN   
    INSERT (tipop.cod_persona_tipoper, tipop.cod_persona,tipop.cod_tipo_persona)
     VALUES (VDIR_SEQ_PERSONA_TIPOPER.NEXTVAL,tipop2.cod_persona, tipop2.cod_tipo_persona);     


    --Se valida si el login de usuario existe
	vl_sec_usuario := VDIR_PACK_CONSULTA_USUARIOS.fnGetExisteLogin(p_usuario);


    IF(vl_sec_usuario IS NULL)THEN

        SELECT VDIR_SEQ_USUARIO.NEXTVAL INTO vl_sec_usuario FROM DUAL ; 

        INSERT INTO vdir_usuario (
            cod_usuario,
            login,
            clave,
            cod_persona,
            cod_estado,
            cod_plan
        ) VALUES (
           vl_sec_usuario,
           p_usuario,
           p_clave,
           vl_sec_persona,
           p_cod_estado,
           p_plan
        );
    ELSE

        UPDATE vdir_usuario
            SET
                login = p_usuario,
                clave = p_clave,
                cod_persona = vl_sec_persona,
                cod_estado = p_cod_estado,
                cod_plan = p_plan
        WHERE
            cod_usuario = vl_sec_usuario;

    END IF;

     -- se enlaza el rol con el usuario   
   MERGE INTO vdir_rol_usuario rolusu
   USING (
            SELECT
               vl_sec_usuario AS cod_usuario,
               1   AS cod_rol 
            FROM
                DUAL

      ) rolusu2
   ON (rolusu.cod_usuario = rolusu2.cod_usuario AND rolusu.cod_rol = rolusu2.cod_rol)   
   WHEN NOT MATCHED THEN INSERT (rolusu.cod_rol_usuario, rolusu.cod_usuario,rolusu.cod_rol)
     VALUES (VDIR_SEQ_ROL_USUARIO.NEXTVAL,rolusu2.cod_usuario,rolusu2.cod_rol);


  COMMIT;

  --EXCEPTION 
   -- WHEN OTHERS THEN
    -- RAISE_APPLICATION_ERROR(-20000, 'error VDIR_SP_GUARDAR_USUARIO.');
     --p_respuesta := 'Ocurrio un error en la base de datos.';
   --ROLLBACK;

 END VDIR_SP_GUARDAR_USUARIO;

 ------------------------------------------------ PROCEDIMIENTO PARA ACTUALIZAR EL CODIGO DE SEGURIDAD PARA CAMBIAR LA CLAVE

 PROCEDURE VDIR_SP_ACTUALIZAR_COD_SEG(p_identificacacion IN VDIR_PERSONA.numero_identificacion%TYPE,p_codigo_seguridad OUT VDIR_USUARIO.CODIGO_SEGURIDAD%TYPE)

 IS
  vl_codigo_usuario NUMBER;
  vl_codigo_seguridad NUMBER;
 BEGIN  


    SELECT
       usu.cod_usuario INTO vl_codigo_usuario    
    FROM
        vdir_persona per

        INNER JOIN VDIR_USUARIO usu
         ON usu.cod_persona = per.cod_persona
    WHERE
      per.numero_identificacion = p_identificacacion; 

    SELECT 
       (1000+ABS(MOD(dbms_random.random,9999))) INTO vl_codigo_seguridad
    FROM   dual;  

    UPDATE vdir_usuario

    SET
        codigo_seguridad = vl_codigo_seguridad
    WHERE
       cod_usuario = vl_codigo_usuario;    

    p_codigo_seguridad := vl_codigo_seguridad;

    COMMIT; 

 END VDIR_SP_ACTUALIZAR_COD_SEG;

 ------------------------------------------------ PROCEDIMIENTO PARA ACTUALIZAR LA CLAVE DEL USUARIO
 PROCEDURE VDIR_SP_CAMBIAR_CLAVE(p_identificacacion IN VDIR_PERSONA.numero_identificacion%TYPE,p_codigo_seguridad IN VDIR_USUARIO.CODIGO_SEGURIDAD%TYPE, p_clave IN VDIR_USUARIO.CLAVE%TYPE,p_respuesta OUT VARCHAR2)

 IS

   vl_codigo_usuario NUMBER;   

 BEGIN

   p_respuesta := 'Operación realizada correctamente.';

    BEGIN
    SELECT
       usu.cod_usuario INTO vl_codigo_usuario    
    FROM
        vdir_persona per

        INNER JOIN VDIR_USUARIO usu
         ON usu.cod_persona = per.cod_persona

    WHERE
      per.numero_identificacion = p_identificacacion
      AND usu.CODIGO_SEGURIDAD = p_codigo_seguridad;

    EXCEPTION WHEN OTHERS THEN    
     vl_codigo_usuario := NULL;
    END;  

    UPDATE vdir_usuario
        SET
            clave = p_clave
    WHERE
        cod_usuario = vl_codigo_usuario;

    IF vl_codigo_usuario IS NULL THEN
       p_respuesta := 'El código de seguridad no corresponde con el número de identificacion.';
    END IF;

    COMMIT;

     EXCEPTION 
       WHEN OTHERS THEN 

     p_respuesta := 'Ocurrio un error en la base de datos.';
     ROLLBACK;  


 END VDIR_SP_CAMBIAR_CLAVE;

 ----------------------------------------------------------------------------  FUNCION PARA TRAER LOS DAOS DE LA PERSONA,USUAIRO Y ROLES 
 FUNCTION VDIR_FN_GET_DATOS_USUARIO(p_login IN vdir_usuario.login%TYPE,p_clave IN vdir_usuario.clave%TYPE) 

   RETURN sys_refcursor 
   AS

   vl_cursor sys_refcursor;   

    BEGIN

  OPEN vl_cursor
    FOR 
     SELECT
        persona.cod_persona ,
        persona.cod_tipo_identificacion,
        ti.DES_TIPO_IDENTIFICACION AS DES_TIP_IDENT_LONG,
        ti.DES_ABR AS DES_TIP_IDENT_SMALL,
        persona.numero_identificacion,
        persona.nombre_1,
        persona.nombre_2,
        persona.apellido_1,
        persona.apellido_2,
        COALESCE(persona.nombre_1,' ')||' '|| COALESCE(persona.nombre_2,' ')||' '|| COALESCE(persona.apellido_1,' ')||' '||COALESCE(persona.apellido_2,' ') AS NOMBRE_COMPLETO,
        persona.fecha_nacimiento,
        trunc(months_between(sysdate,persona.fecha_nacimiento)/12) as EDAD,
        persona.telefono,
        persona.email,
        persona.direccion,
        persona.cod_sexo,
        sexo.des_sexo as DESCRIPCION_LONG_SEXO,
        sexo.DES_ABR as DESCRIPCION_SMALL_SEXO,
        persona.cod_municipio,
        --persona.fecha_creacion,
        persona.cod_estado,
        persona.celular,
        usu.COD_USUARIO,
        usu.CLAVE,
        usu.LOGIN,
        VDIR_FN_GET_ROLES_PERSONA(usu.COD_USUARIO) as ROLESS,
        usu.COD_PLAN AS CODIGO_PLAN
    FROM
        vdir_persona persona

        INNER JOIN vdir_usuario usu
         ON usu.cod_persona = persona.cod_persona

        LEFT JOIN VDIR_SEXO sexo
         ON sexo.cod_sexo = persona.cod_sexo

        INNER JOIN  VDIR_TIPO_IDENTIFICACION ti
         ON ti.COD_TIPO_IDENTIFICACION =persona.COD_TIPO_IDENTIFICACION

    WHERE
       TRIM(UPPER(usu.login)) = TRIM(UPPER(p_login))
       AND usu.COD_ESTADO = 1
       AND  usu.clave = p_clave; 

    RETURN vl_cursor;      

    END VDIR_FN_GET_DATOS_USUARIO; 

     ------------------------------------------------------------------------------FUNCION PARA TRAER LOS ROLES QUE TIENE UNA PERSONA 
    FUNCTION VDIR_FN_GET_ROLES_PERSONA(p_cod_user IN vdir_usuario.cod_usuario%TYPE) RETURN VARCHAR2

    IS
    json_datos VARCHAR2(4000);
    BEGIN

      FOR FILA IN (
                     SELECT 
                        ROL.COD_ROL ,
                        ROL.DES_ROL
                      FROM 
                        VDIR_ROL_USUARIO ROL_USER

                        INNER JOIN VDIR_ROL ROL 
                         ON ROL.COD_ROL = ROL_USER.COD_ROL
                      WHERE 
                        ROL_USER.COD_USUARIO = p_cod_user
                        ) LOOP

      JSON_DATOS:= JSON_DATOS ||'{';      
      JSON_DATOS:= JSON_DATOS ||'"CODIGO": "'||FILA.COD_ROL||'",';
      JSON_DATOS:= JSON_DATOS ||'"NOMBRE": "'||FILA.DES_ROL||'"';
      JSON_DATOS:= JSON_DATOS ||'},';

   END LOOP;
    JSON_DATOS:=SUBSTR(JSON_DATOS, 1,LENGTH(JSON_DATOS)-1);
    JSON_DATOS:= JSON_DATOS || ']'; 

    RETURN json_datos; 

    END VDIR_FN_GET_ROLES_PERSONA;

  ------------------------------------------------ PROCEDIMIENTO PARA INSERTAR EL LOG DE USUARIO
 PROCEDURE VDIR_SP_INSERT_LOG_USER(p_login IN VDIR_USUARIO.login%TYPE,p_ip IN VARCHAR2,p_navegador IN VARCHAR2)

 IS

 BEGIN 

     INSERT INTO vdir_log_usuarios_sistema (
        cod_log_usuarios_sistema,
        usuario,       
        ip,
        navegador
    ) VALUES (
       VDIR_SEQ_LOG_USUARIOS_SISTEMA.NEXTVAL,
       p_login,
       p_ip,
       p_navegador        
    );

 END VDIR_SP_INSERT_LOG_USER;

 ------------------------------------------------ FUNCION PARA TRAER LAS IMAGENES DE LAS PROMOCIONES DE LOS PRODUCTOS 
 FUNCTION VDIR_FN_GET_DATOS_IMG_PROMO(p_codigo_plan IN vdir_plan.cod_plan%TYPE) 
  RETURN sys_refcursor 
   AS

   vl_cursor sys_refcursor;   

 BEGIN

  OPEN vl_cursor
  FOR 

      SELECT 
        ruta AS RUTA_FILE
      FROM
        VDIR_FILE

        WHERE         
         COD_TIPO_FILE = 5;

    RETURN vl_cursor;   

 END VDIR_FN_GET_DATOS_IMG_PROMO;

 ------------------------------------------------ FUNCION PARA ENVIAR EMAILS 
 FUNCTION VDIR_FN_SEND_EMAIL(p_to IN VARCHAR2,p_asunto IN VARCHAR2, p_mensaje IN VARCHAR2)  RETURN VARCHAR2

 AS 

 vl_remite VARCHAR2(50);
 vl_puerto NUMBER(3);
 vl_servidor VARCHAR2(50);
 vl_smtp_usuario VARCHAR2(50);
 vl_smtp_clave VARCHAR2(50);
 vl_respuesta_email VARCHAR2(50); 

 BEGIN 

      vl_remite := 'ventaDirecta@coomeva.com.co';
      --vl_asunto := 'Codigo de verificacion'; 
      vl_puerto := 25;
      vl_servidor := 'appcorreo.intracoomeva.com.co';
      vl_smtp_usuario := '';
      vl_smtp_clave := ''; 

    SELECT VDIR_PACK_ENVIAR_EMAIL.send_email(vl_remite,p_to,p_asunto,p_mensaje,vl_puerto,vl_servidor,vl_smtp_usuario,vl_smtp_clave) INTO vl_respuesta_email FROM DUAL;

    RETURN vl_respuesta_email;

 END VDIR_FN_SEND_EMAIL;

END VDIR_PACK_INICIO_SESSION;


/
--------------------------------------------------------
--  DDL for Package Body VDIR_PACK_REGISTRO_CONTRATO
--------------------------------------------------------

  CREATE OR REPLACE PACKAGE BODY "SALUDMP"."VDIR_PACK_REGISTRO_CONTRATO" AS
/* ---------------------------------------------------------------------
 Copyright  Tecnología Informática Coomeva - Colombia
 Package     : VDIR_PACK_REGISTRO_CONTRATO
 Caso de Uso : 
 Descripción : Procesos para el registro del contrato asociado al contratante - VENTA DIRECTA
 --------------------------------------------------------------------
 Autor : katherine.latorre@kalettre.com
 Fecha : 14-01-2018  
 --------------------------------------------------------------------
 Procedimiento :     Descripcion:
 --------------------------------------------------------------------
 Historia de Modificaciones
 ---------------------------------------------------------------------
 Fecha Autor Modificación
 ----------------------------------------------------------------- */


	-- ---------------------------------------------------------------------
	-- prGuardarContratoAdobe
	-- ---------------------------------------------------------------------
	PROCEDURE prGuardarContratoAdobe
	(
		inu_codPersona        IN VDIR_PERSONA_CONTRATO.COD_PERSONA%TYPE, 
		inu_codPrograma       IN VDIR_PERSONA_CONTRATO.COD_PROGRAMA%TYPE,
		inu_codAfiliacion     IN VDIR_PERSONA_CONTRATO.COD_AFILIACION%TYPE,
		ivc_nroContratoAdobe  IN VDIR_PERSONA_CONTRATO.NUMERO_CONTRATO_ADOBE%TYPE
    ) 
	IS

	/* ---------------------------------------------------------------------
	 Copyright   : Tecnología Informática Coomeva - Colombia
	 Package     : VDIR_PACK_REGISTRO_CONTRATO
	 Caso de Uso : 
	 Descripción : Procedimiento que guarda el contrato de Adobe Sign 
	               asociado a la persona y al programa
	 ----------------------------------------------------------------------
	 Autor : katherine.latorre@kalettre.com
	 Fecha : 14-01-2019  
	 ----------------------------------------------------------------------
	 Parámetros :     Descripción:
	   inu_codPersona        Código de la persona contratante
	   inu_codPrograma       Código del programa
	   inu_codAfiliacion     Código de la afiliación
	   ivc_nroContratoAdobe  Número del contrato proveniente de Adobe Sign
	 ----------------------------------------------------------------------
	 Historia de Modificaciones
	 ----------------------------------------------------------------------
	 Fecha Autor Modificación
	 ----------------------------------------------------------------- */

	    lnu_codPersonaContrato VDIR_PERSONA_CONTRATO.COD_PERSONA_CONTRATO%TYPE;

	BEGIN

	    -- ---------------------------------------------------------------------
		-- Se avanza la secuencia
		-- --------------------------------------------------------------------- 
	    SELECT VDIR_SEQ_PERSONACONTRATO.NEXTVAL INTO lnu_codPersonaContrato FROM DUAL;   

		BEGIN

		    -- ---------------------------------------------------------------------
			-- Se ingresa la persona asociada al contrato
			-- --------------------------------------------------------------------- 
			INSERT INTO VDIR_PERSONA_CONTRATO
			(
				COD_PERSONA_CONTRATO, 
				COD_PERSONA, 
				COD_PROGRAMA, 
				COD_AFILIACION,
				NUMERO_CONTRATO_ADOBE
			) 
			VALUES 
			(
				lnu_codPersonaContrato,
				inu_codPersona,
				inu_codPrograma,
				inu_codAfiliacion,
				ivc_nroContratoAdobe
			);

		EXCEPTION WHEN OTHERS THEN

		    RAISE_APPLICATION_ERROR(-20001,'Ocurrió un error al guardar el contrato: '||SQLERRM); 

		END;



	END prGuardarContratoAdobe;

END VDIR_PACK_REGISTRO_CONTRATO;


/
--------------------------------------------------------
--  DDL for Package Body VDIR_PACK_REGISTRO_DATOS
--------------------------------------------------------

  CREATE OR REPLACE PACKAGE BODY "SALUDMP"."VDIR_PACK_REGISTRO_DATOS" AS
/* ---------------------------------------------------------------------
 Copyright  Tecnología Informática Coomeva - Colombia
 Package     : VDIR_PACK_REGISTRO_DATOS BODY
 Caso de Uso : 
 Descripción : Procesos para la ejecucion del requerimiento Registro datos basicos
 --------------------------------------------------------------------
 Autor : diego.castillo@kalettre.com
 Fecha : 03-12-2018  
 --------------------------------------------------------------------
 Procedimiento :     Descripcion:
 --------------------------------------------------------------------
 Historia de Modificaciones
 ---------------------------------------------------------------------
 Fecha Autor Modificación
 ----------------------------------------------------------------- */

 /*---------------------------------------------------------------------
  fn_get_contratante: Traer la informacion del usuario contratante
  ----------------------------------------------------------------------
  Autor : diego.castillo@kalettre.com
  Fecha : 03-12-2018
 ----------------------------------------------------------------------- */
 FUNCTION fn_get_contratante
 (
    pty_cod_usuario in vdir_usuario.cod_usuario%type
 )RETURN type_cursor IS
    ltc_datos type_cursor;
 BEGIN 

    OPEN ltc_datos FOR
    SELECT
        persona.cod_persona ,
        persona.cod_tipo_identificacion,
        ti.DES_TIPO_IDENTIFICACION AS DES_TIP_IDENT_LONG,
        ti.DES_ABR AS DES_TIP_IDENT_SMALL,
        persona.numero_identificacion,
        persona.nombre_1,
        persona.nombre_2,
        persona.apellido_1,
        persona.apellido_2,
        COALESCE(persona.nombre_1,' ')||' '|| COALESCE(persona.nombre_2,' ')||' '|| COALESCE(persona.apellido_1,' ')||' '||COALESCE(persona.apellido_2,' ') AS NOMBRE_COMPLETO,
        to_char(persona.fecha_nacimiento,'dd/mm/yyyy') AS fecha_nacimiento,
        trunc(months_between(sysdate, to_date(to_char(persona.fecha_nacimiento,'dd/mm/yyyy'),'dd/mm/yyyy'))/12) as EDAD,
        persona.telefono,
        persona.email,
        persona.direccion,
        persona.cod_sexo,
        sexo.des_sexo as DESCRIPCION_LONG_SEXO,
        sexo.DES_ABR as DESCRIPCION_SMALL_SEXO,
        persona.cod_municipio,
        persona.fecha_creacion,
        persona.cod_estado,
        persona.celular,
        usu.COD_USUARIO,
        usu.CLAVE,
        usu.LOGIN,
        dp.cod_pais,
        persona.dir_tipo_via,
        persona.dir_num_via,
        persona.dir_num_placa,
        persona.dir_complemento,
        persona.cod_estado_civil,
        persona.cod_eps,
        persona.ind_tiene_mascota,
        VDIR_PACK_REGISTRO_DATOS.fn_get_afiliacion_pendiente(pty_cod_usuario) AS cod_afiliacion,
		(SELECT pai.des_pais
		   FROM VDIR_PAIS pai
		WHERE pai.cod_pais = dp.cod_pais) nacionalidad,
		mu.des_municipio,
		(SELECT esc.des_estado_civil
		   FROM VDIR_ESTADO_CIVIL esc
		  WHERE esc.cod_estado_civil = persona.cod_estado_civil) des_estado_civil,
		(SELECT eps.des_eps
	 	   FROM VDIR_EPS eps
		  WHERE eps.cod_eps = persona.cod_eps) des_eps,
		usu.cod_plan
    FROM
        vdir_persona persona
        INNER JOIN vdir_usuario usu
            ON usu.cod_persona = persona.cod_persona        
        INNER JOIN VDIR_SEXO sexo
            ON sexo.cod_sexo = persona.cod_sexo        
        INNER JOIN VDIR_TIPO_IDENTIFICACION ti
            ON ti.COD_TIPO_IDENTIFICACION = persona.COD_TIPO_IDENTIFICACION         
        LEFT JOIN vdir_municipio mu
            ON mu.cod_municipio = persona.cod_municipio
        LEFT JOIN vdir_departamento dp
            ON dp.cod_departamento = mu.cod_departamento

    WHERE
       usu.cod_usuario = pty_cod_usuario;


    RETURN ltc_datos;

 END fn_get_contratante; 

 /*---------------------------------------------------------------------
  fn_get_info_persona: Taer iformacion de la persona con el numero de y tipo de identificacion
  ----------------------------------------------------------------------
  Autor : diego.castillo@kalettre.com
  Fecha : 03-12-2018
 ----------------------------------------------------------------------- */
 FUNCTION fn_get_info_persona
 (
    pty_num_indentificacion in vdir_persona.numero_identificacion%type,
    pty_tip_indentificacion in vdir_persona.cod_tipo_identificacion%type
 )RETURN type_cursor IS
    ltc_datos type_cursor;
 BEGIN 

    OPEN ltc_datos FOR
    SELECT
        persona.cod_persona ,
        persona.cod_tipo_identificacion,
        ti.DES_TIPO_IDENTIFICACION AS DES_TIP_IDENT_LONG,
        ti.DES_ABR AS DES_TIP_IDENT_SMALL,
        persona.numero_identificacion,
        persona.nombre_1,
        persona.nombre_2,
        persona.apellido_1,
        persona.apellido_2,
        COALESCE(persona.nombre_1,' ')||' '|| COALESCE(persona.nombre_2,' ')||' '|| COALESCE(persona.apellido_1,' ')||' '||COALESCE(persona.apellido_2,' ') AS NOMBRE_COMPLETO,
        to_char(persona.fecha_nacimiento,'dd/mm/yyyy') AS fecha_nacimiento,
        trunc(months_between(sysdate, to_date(to_char(persona.fecha_nacimiento,'dd/mm/yyyy'),'dd/mm/yyyy'))/12) as EDAD,
        persona.telefono,
        persona.email,
        persona.direccion,
        persona.cod_sexo,
        sexo.des_sexo as DESCRIPCION_LONG_SEXO,
        sexo.DES_ABR as DESCRIPCION_SMALL_SEXO,
        persona.cod_municipio,
        persona.fecha_creacion,
        persona.cod_estado,
        persona.celular,
        usu.COD_USUARIO,
        usu.CLAVE,
        usu.LOGIN,
        dp.cod_pais,
        persona.dir_tipo_via,
        persona.dir_num_via,
        persona.dir_num_placa,
        persona.dir_complemento,
        persona.cod_estado_civil,
        persona.cod_eps,
        persona.ind_tiene_mascota
    FROM
        vdir_persona persona
        LEFT JOIN vdir_usuario usu ON usu.cod_persona = persona.cod_persona
        INNER JOIN VDIR_SEXO sexo ON sexo.cod_sexo = persona.cod_sexo
        INNER JOIN  VDIR_TIPO_IDENTIFICACION ti ON ti.COD_TIPO_IDENTIFICACION = persona.COD_TIPO_IDENTIFICACION
        LEFT JOIN vdir_municipio mu ON mu.cod_municipio = persona.cod_municipio
        LEFT JOIN vdir_departamento dp ON dp.cod_departamento = mu.cod_departamento
    WHERE
       persona.numero_identificacion = pty_num_indentificacion
       AND persona.cod_tipo_identificacion = pty_tip_indentificacion;


    RETURN ltc_datos;

 END fn_get_info_persona;

 /*---------------------------------------------------------------------
  sp_set_beneficiario: Agregar beneficiario
  ----------------------------------------------------------------------
  Autor : diego.castillo@kalettre.com
  Fecha : 26-12-2018
 ----------------------------------------------------------------------- */
 PROCEDURE sp_set_beneficiario
 (
    p_cod_contratante in vdir_persona.cod_persona%type,
    p_cod_tipo_doc in vdir_persona.cod_tipo_identificacion%type,
    p_num_doc in vdir_persona.numero_identificacion%type,
    p_nombre_1 in vdir_persona.nombre_1%type,
    p_nombre_2 in vdir_persona.nombre_2%type,
    p_apellido_1 in vdir_persona.apellido_1%type,
    p_apellido_2 in vdir_persona.apellido_2%type,
    p_fecha_nacimiento in vdir_persona.fecha_nacimiento%type,
    p_telefono in vdir_persona.telefono%type,
    p_email in vdir_persona.email%type,
    p_cod_sexo in vdir_persona.cod_sexo%type,
    p_cod_municipio in vdir_persona.cod_municipio%type,
    p_celular in vdir_persona.celular%type,
    p_eps in vdir_persona.cod_eps%type,
    p_estado_civil in vdir_persona.cod_estado_civil%type,
    p_ind_tiene_mascota in vdir_persona.ind_tiene_mascota%type,
    p_tipo_via_dir in vdir_tipo_via.cod_tipo_via%type,
    p_num_tipo_via_dir in varchar2,
    p_num_placa_dir in varchar2,
    p_complemento_dir in varchar2,
    p_parentesco in vdir_parentesco.cod_parentesco%type,
    p_estado in vdir_persona.cod_estado%type,
    p_cod_afiliacion in vdir_afiliacion.cod_afiliacion%type,
    p_cod_afiliacion_out out vdir_afiliacion.cod_afiliacion%type
 ) IS
    lv_des_tipo_via varchar(4000);
    lv_existe_registro integer;
    lv_direccion vdir_persona.direccion%type;
    lv_cod_beneficiario vdir_persona.cod_persona%type;
    lv_cod_afiliacion vdir_afiliacion.cod_afiliacion%type;
    lv_cod_usuario vdir_usuario.cod_usuario%type;
    lv_cod_persona_tipoper vdir_persona_tipoper.cod_persona_tipoper%type;
 BEGIN
    lv_existe_registro := 0;
    --Consultar descripcion del tipo via
    SELECT des_tipo_via INTO lv_des_tipo_via FROM vdir_tipo_via WHERE cod_tipo_via = p_tipo_via_dir;
    --Consultar codigo usuario del contratante
    SELECT cod_usuario INTO lv_cod_usuario FROM vdir_usuario WHERE cod_persona = p_cod_contratante;

    lv_direccion := lv_des_tipo_via||' '||p_num_tipo_via_dir||' # '||p_num_placa_dir||' '||p_complemento_dir;
    lv_cod_afiliacion :=  VDIR_PACK_REGISTRO_DATOS.fn_get_afiliacion_pendiente(lv_cod_usuario);

    --Agregar afiliacion si no existe una pendiente
    IF lv_cod_afiliacion < 0 THEN
        SELECT VDIR_SEQ_AFILIACION.NEXTVAL INTO lv_cod_afiliacion FROM DUAL;
        INSERT INTO vdir_afiliacion (
                            cod_afiliacion,
                            fecha_creacion,
                            cod_estado
                        ) VALUES (
                            lv_cod_afiliacion,
                            SYSDATE,
                            3 --Temporal
                        );
    END IF;   


    --Validar si esxite la persona
    SELECT 
        COUNT(*) INTO lv_existe_registro 
    FROM 
        vdir_persona 
    WHERE 
        cod_tipo_identificacion = p_cod_tipo_doc 
        AND numero_identificacion = p_num_doc;

    IF lv_existe_registro > 0 THEN
        --Obtener codigo de persona
        SELECT 
            cod_persona INTO lv_cod_beneficiario 
        FROM 
            vdir_persona 
        WHERE 
            cod_tipo_identificacion = p_cod_tipo_doc 
            AND numero_identificacion = p_num_doc;
        --Actualizar persona    
        UPDATE vdir_persona
        SET
            nombre_1 = p_nombre_1,
            nombre_2 = p_nombre_2,
            apellido_1 = p_apellido_1,
            apellido_2 = p_apellido_2,
            fecha_nacimiento = p_fecha_nacimiento,
            telefono = p_telefono,
            email = p_email,
            direccion = lv_direccion,
            cod_sexo = p_cod_sexo,
            cod_municipio = p_cod_municipio,
            celular = p_celular,
            cod_eps = p_eps,
            cod_estado_civil = p_estado_civil,
            ind_tiene_mascota = p_ind_tiene_mascota,
            cod_estado = p_estado,
            dir_tipo_via = p_tipo_via_dir,
            dir_num_via = p_num_tipo_via_dir,
            dir_num_placa = p_num_placa_dir,
            dir_complemento = p_complemento_dir
        WHERE
            cod_persona = lv_cod_beneficiario;
    ELSE
        --Obtener secuencia persona
        SELECT VDIR_SEQ_PERSONA.NEXTVAL INTO lv_cod_beneficiario FROM DUAL;
        --Agregar persona 
        INSERT INTO vdir_persona (
                cod_persona,
                cod_tipo_identificacion,
                numero_identificacion,
                nombre_1,
                nombre_2,
                apellido_1,
                apellido_2,
                fecha_nacimiento,
                telefono,
                email,
                direccion,
                cod_sexo,
                cod_municipio,
                fecha_creacion,
                cod_estado,
                celular,
                cod_eps,
                cod_estado_civil,
                ind_tiene_mascota,
                dir_tipo_via,
                dir_num_via,
                dir_num_placa,
                dir_complemento
            ) VALUES (
                lv_cod_beneficiario,
                p_cod_tipo_doc,
                p_num_doc,
                p_nombre_1,
                p_nombre_2,
                p_apellido_1,
                p_apellido_2,
                p_fecha_nacimiento,
                p_telefono,
                p_email,
                lv_direccion,
                p_cod_sexo,
                p_cod_municipio,
                SYSDATE,
                p_estado,
                p_celular,
                p_eps,
                p_estado_civil,
                p_ind_tiene_mascota,
                p_tipo_via_dir,
                p_num_tipo_via_dir,
                p_num_placa_dir,
                p_complemento_dir
            );

            --Insertar tipo de persona            
            SELECT VDIR_SEQ_PERSONA_TIPOPER.NEXTVAL INTO lv_cod_persona_tipoper FROM DUAL;
            insert into vdir_persona_tipoper(
                cod_persona_tipoper,
                cod_persona,
                cod_tipo_persona
            ) VALUES (
                lv_cod_persona_tipoper,
                lv_cod_beneficiario,
                2
            );
    END IF;

    --Validar si existe la relacion entre el beneficiario y el contratante
    SELECT
        COUNT(*) INTO lv_existe_registro
    FROM
        vdir_contratante_beneficiario
    WHERE
        cod_contratante = p_cod_contratante
        AND cod_beneficiario = lv_cod_beneficiario;

    --Agregar o actualizar la relacion entre el beneficiario y el contratante
    IF lv_existe_registro > 0 THEN
        UPDATE vdir_contratante_beneficiario
        SET
            cod_parentesco = p_parentesco,
            cod_estado = 1
        WHERE
            cod_contratante = p_cod_contratante
            AND cod_beneficiario = lv_cod_beneficiario
            AND cod_afiliacion = lv_cod_afiliacion;
    ELSE
        INSERT INTO vdir_contratante_beneficiario (
                cod_contratante_beneficiario,
                cod_contratante,
                cod_beneficiario,
                cod_parentesco,
                cod_afiliacion,
                cod_tipo_solicitud,
                cod_estado
            ) VALUES (
                VDIR_SEQ_CONTRATANTE_BENEFI.NEXTVAL,
                p_cod_contratante,
                lv_cod_beneficiario,
                p_parentesco,
                lv_cod_afiliacion,
                null,
                1
            );
    END IF;

    p_cod_afiliacion_out := lv_cod_afiliacion;
    
    EXCEPTION 
     WHEN OTHERS THEN
     p_cod_afiliacion_out := -1;

 END sp_set_beneficiario;

  /*---------------------------------------------------------------------
  fn_get_afiliacion_pendiente: Trae afiliacion pendiente
  ----------------------------------------------------------------------
  Autor : diego.castillo@kalettre.com
  Fecha : 27-12-2018
 ----------------------------------------------------------------------- */
 FUNCTION fn_get_afiliacion_pendiente
 (
    pty_cod_usuario in vdir_usuario.cod_usuario%type
 )RETURN vdir_afiliacion.cod_afiliacion%type IS
    lv_cod_afiliacion vdir_afiliacion.cod_afiliacion%type;
 BEGIN

    BEGIN
      SELECT DISTINCT
          va.cod_afiliacion INTO lv_cod_afiliacion
      FROM
          vdir_usuario us
          INNER JOIN vdir_contratante_beneficiario cb ON cb.cod_contratante = us.cod_persona
          INNER JOIN vdir_afiliacion va ON va.cod_afiliacion = cb.cod_afiliacion          
      WHERE
          us.cod_usuario = pty_cod_usuario
          AND va.cod_estado = 3;
    EXCEPTION 
        WHEN NO_DATA_FOUND THEN
      lv_cod_afiliacion := -1;
    END;

    RETURN lv_cod_afiliacion;

 END fn_get_afiliacion_pendiente;

 /*---------------------------------------------------------------------
  fn_get_benficiarios_contra: Traer los beneficiarios que esta registrando un contratante
  ----------------------------------------------------------------------
  Autor : diego.castillo@kalettre.com
  Fecha : 31-12-2018
 ----------------------------------------------------------------------- */
 FUNCTION fn_get_benficiarios_contra
 (
    pty_cod_usuario in vdir_usuario.cod_usuario%type
 )RETURN type_cursor IS
    ltc_datos type_cursor;
 BEGIN 
     BEGIN
        OPEN ltc_datos FOR
        SELECT
            va.cod_afiliacion AS "cod_afiliacion",
            pr.cod_persona AS "cod_persona",
            pr.cod_tipo_identificacion AS "tipoDocumento",
            pr.numero_identificacion AS "numeroDocumento",
            pr.nombre_1 AS "nombre1",
            pr.nombre_2 AS "nombre2",
            pr.apellido_1 AS "apellido1",
            pr.apellido_2 AS "apellido2",
            TO_CHAR(pr.fecha_nacimiento, 'DD/MM/YYYY') AS "fechaNacimiento",
            pr.cod_sexo AS "tipoSexo",
            pr.telefono AS "telefono",
            pr.celular AS "celular",
            pr.email AS "correo",
            dp.cod_pais AS "pais",
            pr.cod_municipio AS "municipio",
            pr.direccion AS "direccion",
            pr.cod_estado_civil AS "estado_civil",
            pr.cod_eps AS "eps",
            pr.ind_tiene_mascota AS "mascota",
            pr.dir_tipo_via AS "tipoVia",
            pr.dir_num_via AS "numeroTipoVia",
            pr.dir_num_placa AS "numeroPlaca",
            pr.dir_complemento AS "complemento",
            ti.des_abr AS "tipoDocumento_abr",
            tv.abr_tipo_via AS "tipoVia_abr",
            COALESCE(tv.abr_tipo_via, ' ')||' '||COALESCE(pr.dir_num_via, ' ')||' '||COALESCE(pr.dir_num_via, ' ')||' '||COALESCE(pr.dir_complemento, ' ')  AS "direccion",
            COALESCE(pr.nombre_1, ' ') || ' ' || COALESCE(pr.nombre_2, ' ') || ' ' || COALESCE(pr.apellido_1, ' ') || ' ' || COALESCE(pr.apellido_2, ' ') AS "nombre_completo",
            cb.cod_parentesco AS "parentesco",
            0 AS "tarifa",
            trunc(months_between(sysdate, to_date(to_char(pr.fecha_nacimiento,'dd/mm/yyyy'),'dd/mm/yyyy'))/12) AS "edad",
			des_parentesco AS "des_parentesco",
			VDIR_PACK_REGISTRO_DATOS.fnGetProgramasBeneficiario(pr.cod_persona) "benefiProgramas",
			(SELECT SUM(tari.valor)
			   FROM VDIR_BENEFICIARIO_PROGRAMA bepo,
				    VDIR_TARIFA tari
		 	  WHERE bepo.cod_tarifa = tari.cod_tarifa
				AND bepo.cod_beneficiario = pr.cod_persona
				AND bepo.cod_estado = 1) "tarifaBeneficiario"
        FROM
            vdir_usuario us
            INNER JOIN vdir_contratante_beneficiario cb ON cb.cod_contratante = us.cod_persona
            INNER JOIN vdir_afiliacion va ON va.cod_afiliacion = cb.cod_afiliacion
            INNER JOIN vdir_persona pr ON pr.cod_persona = cb.cod_beneficiario
            INNER JOIN vdir_tipo_identificacion ti ON ti.cod_tipo_identificacion = pr.cod_tipo_identificacion
			INNER JOIN vdir_parentesco pare ON pare.cod_parentesco = cb.cod_parentesco
		    LEFT JOIN vdir_municipio mu ON mu.cod_municipio = pr.cod_municipio
            LEFT JOIN vdir_departamento dp ON dp.cod_departamento = mu.cod_departamento
            LEFT JOIN vdir_tipo_via tv ON pr.dir_tipo_via = tv.cod_tipo_via
          WHERE
              us.cod_usuario = pty_cod_usuario
              AND va.cod_estado = 3;
    EXCEPTION 
        WHEN NO_DATA_FOUND THEN
            OPEN ltc_datos FOR
            SELECT -1 AS cod_afiliacion FROM DUAL;
    END;       

    RETURN ltc_datos;

 END fn_get_benficiarios_contra;

 /*---------------------------------------------------------------------
  sp_quitar_contra_benefi: Quitar la relacion entre el contratante y los beneficiarios de una afiliacion pendiente
  ----------------------------------------------------------------------
  Autor : diego.castillo@kalettre.com
  Fecha : 03-01-2019
 ----------------------------------------------------------------------- */
 PROCEDURE sp_quitar_contra_benefi
 (
    pty_cod_usuario in vdir_usuario.cod_usuario%type,
    pnu_result out numeric
 ) IS
    ltc_datos type_cursor;
    lv_cod_afiliacion vdir_afiliacion.cod_afiliacion%type;
 BEGIN
    lv_cod_afiliacion := VDIR_PACK_REGISTRO_DATOS.fn_get_afiliacion_pendiente(pty_cod_usuario);
    BEGIN
        pnu_result := 1;
        --Inactivar registros de beneficiario a quitar en vdir_beneficiario_programa
        UPDATE vdir_beneficiario_programa
        SET 
            cod_estado = 2
        WHERE
            cod_afiliacion = lv_cod_afiliacion
            AND cod_beneficiario IN (SELECT
                                            cb.cod_beneficiario 
                                        FROM
                                            vdir_contratante_beneficiario cb
                                        WHERE
                                            cb.cod_afiliacion = lv_cod_afiliacion
                                            AND cb.cod_estado = 2);

        --Quitar registros inactivos de vdir_contratante_beneficiario
        DELETE FROM 
            vdir_contratante_beneficiario
        WHERE
            cod_afiliacion = lv_cod_afiliacion
            AND cod_estado = 2;

        --Quitar registros inactivos de vdir_beneficiario_programa
        VDIR_PACK_REGISTRO_PRODUCTOS.sp_quitar_benefi_programa(pty_cod_usuario);

    EXCEPTION 
        WHEN NO_DATA_FOUND THEN
        pnu_result := 0;
    END;

 END sp_quitar_contra_benefi;

 /*---------------------------------------------------------------------
  sp_set_estado_contra_benefi: Asgnar estado a la relacion entre el contratante y los beneficiarios de una afiliacion pendiente
  ----------------------------------------------------------------------
  Autor : diego.castillo@kalettre.com
  Fecha : 23-01-2019
 ----------------------------------------------------------------------- */
 PROCEDURE sp_set_estado_contra_benefi
 (
    pty_cod_usuario in vdir_usuario.cod_usuario%type,
    pty_cod_estado in vdir_estado.cod_estado%type
 ) IS
    ltc_datos type_cursor;
    lv_cod_afiliacion vdir_afiliacion.cod_afiliacion%type;
 BEGIN
    lv_cod_afiliacion := VDIR_PACK_REGISTRO_DATOS.fn_get_afiliacion_pendiente(pty_cod_usuario);

    UPDATE vdir_contratante_beneficiario
    SET
        cod_estado = pty_cod_estado
    WHERE
        cod_afiliacion = lv_cod_afiliacion;    

 END sp_set_estado_contra_benefi;

 /*---------------------------------------------------------------------
  fn_splitData: funcion para retornar tabla con los datos de una cadena separados por un caracter
  ----------------------------------------------------------------------
  Autor : diego.castillo@kalettre.com
  Fecha : 02-01-2019
 ----------------------------------------------------------------------- */  
 FUNCTION fn_splitData
 (
    P_STRING_DATA IN VARCHAR2,
    P_SEPARATOR IN VARCHAR2
 )RETURN datasplit_table PIPELINED
 IS
     ltc_datos type_cursor;
     rec datasplit_record;
 BEGIN

    --OPEN ltc_datos FOR
    FOR registro IN  (SELECT level AS IDX, regexp_substr(P_STRING_DATA,'[^'|| P_SEPARATOR ||']+', 1, level) DATO from dual
                    connect by regexp_substr(P_STRING_DATA, '[^'|| P_SEPARATOR ||']+', 1, level) is not null)
    LOOP
        SELECT 
            registro.idx, 
            registro.dato
            INTO rec
        FROM DUAL;

        PIPE ROW(rec);

    END LOOP;

    --RETURN ltc_datos;
    RETURN;

 END fn_splitData;

    -- ---------------------------------------------------------------------
    -- fnGetProgramasBeneficiario
    -- --------------------------------------------------------------------- 
	FUNCTION fnGetProgramasBeneficiario
	(
		inu_codBeneficiario  IN VDIR_BENEFICIARIO_PROGRAMA.COD_BENEFICIARIO%TYPE
	)
	RETURN VARCHAR2 IS

    /* ---------------------------------------------------------------------
	 Copyright   : Tecnología Informática Coomeva - Colombia
	 Package     : VDIR_PACK_REGISTRO_PRODUCTOS
	 Caso de Uso : 
	 Descripción : Retorna una cadena con los datos de los programas por 
	               beneficiario
	 ----------------------------------------------------------------------
	 Autor : katherine.latorre@kalettre.com
	 Fecha : 21-01-2019  
	 ----------------------------------------------------------------------
	 Parámetros :         Descripción:
	 inu_codBeneficiario   Código del beneficiario
	 ----------------------------------------------------------------------
	 Historia de Modificaciones
	 ----------------------------------------------------------------------
	 Fecha Autor Modificación
	 ----------------------------------------------------------------- */

		lvc_codProgramas VARCHAR2(4000);

	BEGIN

		lvc_codProgramas := '';

		FOR fila IN (SELECT bepo.cod_programa
					   FROM VDIR_BENEFICIARIO_PROGRAMA bepo
		              WHERE bepo.cod_beneficiario = inu_codBeneficiario
					    AND bepo.cod_estado = 1)
		LOOP

			lvc_codProgramas := lvc_codProgramas || fila.cod_programa || ',';

		END LOOP;

		RETURN lvc_codProgramas;

	END fnGetProgramasBeneficiario;

END VDIR_PACK_REGISTRO_DATOS;

/
--------------------------------------------------------
--  DDL for Package Body VDIR_PACK_REGISTRO_FILE
--------------------------------------------------------

  CREATE OR REPLACE PACKAGE BODY "SALUDMP"."VDIR_PACK_REGISTRO_FILE" AS
/* ---------------------------------------------------------------------
 Copyright  Tecnología Informática Coomeva - Colombia
 Package     : VDIR_PACK_REGISTRO_FILE
 Caso de Uso : 
 Descripción : Procesos para el registro los archivos adjuntos - VENTA DIRECTA
 --------------------------------------------------------------------
 Autor : katherine.latorre@kalettre.com
 Fecha : 23-01-2018  
 --------------------------------------------------------------------
 Procedimiento :     Descripcion:
 --------------------------------------------------------------------
 Historia de Modificaciones
 ---------------------------------------------------------------------
 Fecha Autor Modificación
 ----------------------------------------------------------------- */


	-- ---------------------------------------------------------------------
	-- prGuardarFile
	-- ---------------------------------------------------------------------
	PROCEDURE prGuardarFile
	(
		ivc_desFile        IN VDIR_FILE.DES_FILE%TYPE, 
		ivc_observacion    IN VDIR_FILE.OBSERVACION%TYPE,
		ivc_ruta           IN VDIR_FILE.RUTA%TYPE,
		inu_codTipoFile    IN VDIR_FILE.COD_TIPO_FILE%TYPE,
		onu_codFile       OUT VDIR_FILE.COD_FILE%TYPE
    )
	IS

	/* ---------------------------------------------------------------------
	 Copyright   : Tecnología Informática Coomeva - Colombia
	 Package     : VDIR_PACK_REGISTRO_FILE
	 Caso de Uso : 
	 Descripción : Procedimiento que guarda el archivo en la tabla de 
	               parametrización
	 ----------------------------------------------------------------------
	 Autor : katherine.latorre@kalettre.com
	 Fecha : 23-01-2019  
	 ----------------------------------------------------------------------
	 Parámetros :     Descripción:
	   ivc_desFile        Descripción del archivo
	   ivc_observacion    Observación del archivo
	   ivc_ruta           Ruta en la que queda el archivo
	   inu_codTipoFile    Código del tipo de archivo
	   onu_codFile        Variable consecutivo del archivo
	 ----------------------------------------------------------------------
	 Historia de Modificaciones
	 ----------------------------------------------------------------------
	 Fecha Autor Modificación
	 ----------------------------------------------------------------- */

	    lnu_codFile VDIR_FILE.COD_FILE%TYPE;

	BEGIN

	    -- ---------------------------------------------------------------------
		-- Se avanza la secuencia
		-- --------------------------------------------------------------------- 
	    SELECT VDIR_SEQ_FILE.NEXTVAL INTO lnu_codFile FROM DUAL;  
    	onu_codFile := lnu_codFile;

		BEGIN

		    -- ---------------------------------------------------------------------
			-- Se almacena la ruta del archivo en la base de datos
			-- --------------------------------------------------------------------- 
			INSERT INTO VDIR_FILE
			(
				COD_FILE, 
				DES_FILE, 
				OBSERVACION, 
				RUTA,
				COD_TIPO_FILE
			) 
			VALUES 
			(
				lnu_codFile,
				ivc_desFile,
				ivc_observacion,
				ivc_ruta,
				inu_codTipoFile
			);

		--EXCEPTION WHEN OTHERS THEN

		   -- RAISE_APPLICATION_ERROR(-20001,'Ocurrió un error al guardar el archivo: '||SQLERRM); 

		END;

	END prGuardarFile;

	-- ---------------------------------------------------------------------
	-- prGuardarFileBeneficiario
	-- ---------------------------------------------------------------------
	PROCEDURE prGuardarFileBeneficiario
	(
		inu_codAfiliacion    IN VDIR_FILE_BENEFICIARIO.COD_AFILIACION%TYPE, 
		inu_codFile          IN VDIR_FILE_BENEFICIARIO.COD_FILE%TYPE,
		inu_codBeneficiaro   IN VDIR_FILE_BENEFICIARIO.COD_BENEFICIARIO%TYPE
	)
	IS

	/* ---------------------------------------------------------------------
	 Copyright   : Tecnología Informática Coomeva - Colombia
	 Package     : VDIR_PACK_REGISTRO_FILE
	 Caso de Uso : 
	 Descripción : Procedimiento que asocia un archivo y un beneficiario
	 ----------------------------------------------------------------------
	 Autor : katherine.latorre@kalettre.com
	 Fecha : 23-01-2019  
	 ----------------------------------------------------------------------
	 Parámetros :     Descripción:
	   inu_codAfiliacion    Código de la afiliación 
	   inu_codFile          Código del archivo adjunto
	   inu_codBeneficiaro   Código del beneficiario
	 ----------------------------------------------------------------------
	 Historia de Modificaciones
	 ----------------------------------------------------------------------
	 Fecha Autor Modificación
	 ----------------------------------------------------------------- */

	    lnu_codFileBeneficiario VDIR_FILE_BENEFICIARIO.COD_FILE_BENEFICIARIO%TYPE;

	BEGIN

	    -- ---------------------------------------------------------------------
		-- Se avanza la secuencia
		-- --------------------------------------------------------------------- 
	    SELECT VDIR_SEQ_FILEBENEFICIARIO.NEXTVAL INTO lnu_codFileBeneficiario FROM DUAL;  

		BEGIN

		    -- ---------------------------------------------------------------------
			-- Se asocia el archivo adjunto al beneficiario
			-- --------------------------------------------------------------------- 
			INSERT INTO VDIR_FILE_BENEFICIARIO
			(
				COD_FILE_BENEFICIARIO, 
				COD_AFILIACION, 
				COD_FILE, 
				COD_BENEFICIARIO
			) 
			VALUES 
			(
				lnu_codFileBeneficiario,
				inu_codAfiliacion,
				inu_codFile,
				inu_codBeneficiaro
			);

		EXCEPTION WHEN OTHERS THEN

		    RAISE_APPLICATION_ERROR(-20001,'Ocurrió un error al guardar el archivo asociado al beneficiario: '||SQLERRM); 

		END;

	END prGuardarFileBeneficiario;

END VDIR_PACK_REGISTRO_FILE;

/
--------------------------------------------------------
--  DDL for Package Body VDIR_PACK_REGISTRO_LINEAS
--------------------------------------------------------

  CREATE OR REPLACE PACKAGE BODY "SALUDMP"."VDIR_PACK_REGISTRO_LINEAS" AS
/* ---------------------------------------------------------------------
 Copyright  Tecnología Informática Coomeva - Colombia
 Package     : VDIR_PACK_REGISTRO_LINEAS
 Caso de Uso : 
 Descripción : Procesos para el registro del los programas asociados al 
               plan - VENTA DIRECTA
 --------------------------------------------------------------------
 Autor : katherine.latorre@kalettre.com
 Fecha : 25-01-2018  
 --------------------------------------------------------------------
 Procedimiento :     Descripcion:
 --------------------------------------------------------------------
 Historia de Modificaciones
 ---------------------------------------------------------------------
 Fecha Autor Modificación
 ----------------------------------------------------------------- */

	-- ---------------------------------------------------------------------
	-- prGuardarPlanPrograma
	-- ---------------------------------------------------------------------
	PROCEDURE prGuardarPlanPrograma
	(
		inu_codPlan           IN VDIR_PLAN_PROGRAMA.COD_PLAN%TYPE, 
		inu_codPrograma       IN VDIR_PLAN_PROGRAMA.COD_PROGRAMA%TYPE,
		inu_codEstado         IN VDIR_PLAN_PROGRAMA.COD_ESTADO%TYPE,
		ivc_coberturaInicial  IN VDIR_PLAN_PROGRAMA.COBERTURA_INICIAL%TYPE,
		ivc_coberturaFinal    IN VDIR_PLAN_PROGRAMA.COBERTURA_FINAL%TYPE
    )
	IS

	/* ---------------------------------------------------------------------
	 Copyright   : Tecnología Informática Coomeva - Colombia
	 Package     : VDIR_PACK_REGISTRO_LINEAS
	 Caso de Uso : 
	 Descripción : Procedimiento que guarda el plan programa
	 ----------------------------------------------------------------------
	 Autor : katherine.latorre@kalettre.com
	 Fecha : 25-01-2019  
	 ----------------------------------------------------------------------
	 Parámetros :     Descripción:
	   inu_codPlan           Código del plan
	   inu_codPrograma       Código del programa
	   inu_codEstado         Código del estado
	   ivc_coberturaInicial  Cobertura inicial
	   ivc_coberturaFinal    Cobertura final
	 ----------------------------------------------------------------------
	 Historia de Modificaciones
	 ----------------------------------------------------------------------
	 Fecha Autor Modificación
	 ----------------------------------------------------------------- */

	    lnu_codPlanPrograma VDIR_PLAN_PROGRAMA.COD_PLAN_PROGRAMA%TYPE;

	BEGIN

	    -- ---------------------------------------------------------------------
		-- Se avanza la secuencia
		-- --------------------------------------------------------------------- 
	    SELECT VDIR_SEQ_PLANPROGRAMA.NEXTVAL INTO lnu_codPlanPrograma FROM DUAL;   

		BEGIN

		    -- ---------------------------------------------------------------------
			-- Se ingresa el programa asociado al plan
			-- --------------------------------------------------------------------- 
			INSERT INTO VDIR_PLAN_PROGRAMA
			(
				COD_PLAN_PROGRAMA, 
				COD_PLAN,
				COD_PROGRAMA, 
				COD_ESTADO, 
				COBERTURA_INICIAL,
				COBERTURA_FINAL
			) 
			VALUES 
			(
			    lnu_codPlanPrograma,
				inu_codPlan,
				inu_codPrograma,
				inu_codEstado,
				ivc_coberturaInicial,
				ivc_coberturaFinal
			);

		EXCEPTION WHEN OTHERS THEN

		    RAISE_APPLICATION_ERROR(-20001,'Ocurrió un error al guardar el programa asociado al plan: '||SQLERRM); 

		END;

	END prGuardarPlanPrograma;

	-- ---------------------------------------------------------------------
	-- prActualizarPlanPrograma
	-- ---------------------------------------------------------------------
	PROCEDURE prActualizarPlanPrograma
	(
	    inu_codPlanPrograma   IN VDIR_PLAN_PROGRAMA.COD_PLAN_PROGRAMA%TYPE,
		inu_codPlan           IN VDIR_PLAN_PROGRAMA.COD_PLAN%TYPE, 
		inu_codPrograma       IN VDIR_PLAN_PROGRAMA.COD_PROGRAMA%TYPE,
		inu_codEstado         IN VDIR_PLAN_PROGRAMA.COD_ESTADO%TYPE,
		ivc_coberturaInicial  IN VDIR_PLAN_PROGRAMA.COBERTURA_INICIAL%TYPE,
		ivc_coberturaFinal    IN VDIR_PLAN_PROGRAMA.COBERTURA_FINAL%TYPE
    )
	IS

	/* ---------------------------------------------------------------------
	 Copyright   : Tecnología Informática Coomeva - Colombia
	 Package     : VDIR_PACK_REGISTRO_LINEAS
	 Caso de Uso : 
	 Descripción : Procedimiento que actualiza el plan programa
	 ----------------------------------------------------------------------
	 Autor : katherine.latorre@kalettre.com
	 Fecha : 25-01-2019  
	 ----------------------------------------------------------------------
	 Parámetros :     Descripción:
	   inu_codPlanPrograma   Código del plan asociado al programa
	   inu_codPlan           Código del plan
	   inu_codPrograma       Código del programa
	   inu_codEstado         Código del estado
	   ivc_coberturaInicial  Cobertura inicial
	   ivc_coberturaFinal    Cobertura final
	 ----------------------------------------------------------------------
	 Historia de Modificaciones
	 ----------------------------------------------------------------------
	 Fecha Autor Modificación
	 ----------------------------------------------------------------- */

	BEGIN

		BEGIN

		    -- ---------------------------------------------------------------------
			-- Se actualiza el programa asociado al plan
			-- --------------------------------------------------------------------- 
			UPDATE VDIR_PLAN_PROGRAMA
			   SET COD_PLAN          = inu_codPlan,
				   COD_PROGRAMA      = inu_codPrograma, 
				   COD_ESTADO        = inu_codEstado, 
				   COBERTURA_INICIAL = ivc_coberturaInicial,
				   COBERTURA_FINAL   = ivc_coberturaFinal 
		     WHERE COD_PLAN_PROGRAMA = inu_codPlanPrograma;

		EXCEPTION WHEN OTHERS THEN

		    RAISE_APPLICATION_ERROR(-20001,'Ocurrió un error al guardar el programa asociado al plan: '||SQLERRM); 

		END;

	END prActualizarPlanPrograma;

END VDIR_PACK_REGISTRO_LINEAS;

/
--------------------------------------------------------
--  DDL for Package Body VDIR_PACK_REGISTRO_PRODUCTOS
--------------------------------------------------------

  CREATE OR REPLACE PACKAGE BODY "SALUDMP"."VDIR_PACK_REGISTRO_PRODUCTOS" AS
/* ---------------------------------------------------------------------
 Copyright  Tecnología Informática Coomeva - Colombia
 Package     : VDIR_PACK_REGISTRO_PRODUCTOS BODY
 Caso de Uso : 
 Descripción : Procesos para la ejecucion del requerimiento Registro de productos - VENTA DIRECTA
 --------------------------------------------------------------------
 Autor : diego.castillo@kalettre.com
 Fecha : 10-12-2018  
 --------------------------------------------------------------------
 Procedimiento :     Descripcion:
 --------------------------------------------------------------------
 Historia de Modificaciones
 ---------------------------------------------------------------------
 Fecha Autor Modificación
 ----------------------------------------------------------------- */

 /*---------------------------------------------------------------------
  fn_get_producto: Traer la informacion del producto y sus programas
  ----------------------------------------------------------------------
  Autor : diego.castillo@kalettre.com
  Fecha : 10-12-2018
 ----------------------------------------------------------------------- */
 FUNCTION fn_get_producto
 (
    pty_cod_producto in vdir_producto.cod_producto%type,
	inu_codPlan      IN VDIR_PLAN_PROGRAMA.COD_PLAN%TYPE
 )RETURN type_cursor IS
    ltc_datos type_cursor;
 BEGIN 

    OPEN ltc_datos FOR
    SELECT
        vpro.cod_producto,
        COALESCE(vpro.des_producto, ' ') AS des_producto,
        COALESCE(vpro.descripcion, ' ') AS descripcion,
        VDIR_PACK_REGISTRO_PRODUCTOS.fn_get_programaxproducto_str(vpro.cod_producto, inu_codPlan) AS programas
    FROM
        vdir_producto vpro
    WHERE
        vpro.cod_producto = CASE WHEN pty_cod_producto = -1 THEN vpro.cod_producto ELSE pty_cod_producto END
		AND EXISTS (SELECT plpr.cod_programa
					  FROM VDIR_PROGRAMA      prog,
					       VDIR_PLAN_PROGRAMA plpr
					 WHERE prog.cod_programa = plpr.cod_programa 
					   AND prog.cod_producto = vpro.cod_producto
					   AND plpr.cod_estado   = 1
					   AND plpr.cod_plan     = inu_codPlan)
        AND cod_estado = 1
    ORDER BY cod_producto;


    RETURN ltc_datos;

 END fn_get_producto;

  /*---------------------------------------------------------------------
  fn_get_programaxproducto_str: Traer los programas de cada producto en un string con estructura de objeto
  ----------------------------------------------------------------------
  Autor : diego.castillo@kalettre.com
  Fecha : 11-12-2018
 ----------------------------------------------------------------------- */
 FUNCTION fn_get_programaxproducto_str
 (
    pty_cod_producto in vdir_producto.cod_producto%type,
	inu_codPlan      IN VDIR_PLAN_PROGRAMA.COD_PLAN%TYPE
 )RETURN VARCHAR2 IS
    ltc_datos type_cursor;
    lv_programas VARCHAR2(4000);
 BEGIN
    lv_programas := '[ ';

    FOR fila IN (SELECT prog.cod_programa,
					    prog.des_programa,
					    vfil.ruta,
	                    vfil.url,
						vfil.idwidget,
						prog.descripcion
			 	   FROM vdir_programa prog,
					    vdir_programa_file prfi,
					    vdir_file vfil,
						vdir_plan_programa plpr
				  WHERE prog.cod_programa  = prfi.cod_programa
				    AND prog.cod_programa  = plpr.cod_programa
				    AND prfi.cod_file      = vfil.cod_file
				    AND vfil.cod_tipo_file = 3
					AND plpr.cod_estado    = 1
					AND plpr.cod_plan      = inu_codPlan 
				    AND prog.cod_producto  = CASE WHEN pty_cod_producto = -1 THEN prog.cod_producto ELSE pty_cod_producto END)
    LOOP
        lv_programas := lv_programas || '{"cod_programa":"' || fila.cod_programa || '",';
        lv_programas := lv_programas || '"des_programa":"'  || fila.des_programa || '",';
		lv_programas := lv_programas || '"link_url_firma":"'  || fila.url || '",';
		lv_programas := lv_programas || '"id_widget":"'  || fila.idwidget || '",';
		lv_programas := lv_programas || '"descripcion":"'  || fila.descripcion || '",';
		lv_programas := lv_programas || '"link_contrato":"' || fila.ruta || '"},';
    END LOOP;
    lv_programas := SUBSTR(lv_programas, 1,LENGTH(lv_programas)-1)  ||']';

    RETURN lv_programas;

 END fn_get_programaxproducto_str;

 /*---------------------------------------------------------------------
  fn_get_promocion_producto: Trae la el valor de la promocion a la que aplica un producto
  ----------------------------------------------------------------------
  Autor : diego.castillo@kalettre.com
  Fecha : 17-12-2018
 ----------------------------------------------------------------------- */
 FUNCTION fn_get_promocion_producto
 (
    pty_cod_producto in vdir_producto.cod_producto%type
 )RETURN NUMBER IS
    lv_valor_promo NUMBER;
 BEGIN

    IF pty_cod_producto = 2 THEN
        lv_valor_promo := 2000;
    ELSE
        lv_valor_promo := -1;
    END IF;


    RETURN lv_valor_promo;

 END fn_get_promocion_producto;

    -- ---------------------------------------------------------------------
    -- fnGetDatosUrlPrograma
    -- ---------------------------------------------------------------------
    FUNCTION fnGetDatosUrlPrograma
    (
        ivc_url         IN VDIR_FILE.URL%TYPE,
		inu_codPersona  IN VDIR_PERSONA.COD_PERSONA%TYPE,
		inu_codPrograma IN VDIR_PROGRAMA.COD_PROGRAMA%TYPE
    )
	RETURN VARCHAR2 IS

	/* ---------------------------------------------------------------------
	 Copyright   : Tecnología Informática Coomeva - Colombia
	 Package     : VDIR_PACK_REGISTRO_PRODUCTOS
	 Caso de Uso : 
	 Descripción : Retorna una cadena con los datos llenos de la Url, que 
	               ha sido parametrizada en Adobe Sign
	 ----------------------------------------------------------------------
	 Autor : katherine.latorre@kalettre.com
	 Fecha : 04-01-2019  
	 ----------------------------------------------------------------------
	 Parámetros :     Descripción:
	 ivc_url           Url proveniente de Adobe Sign
	 inu_codPersona    Código de la persona contratante
	 inu_codPrograma   Código del programa asociado al beneficiario
	 ----------------------------------------------------------------------
	 Historia de Modificaciones
	 ----------------------------------------------------------------------
	 Fecha Autor Modificación
	 ----------------------------------------------------------------- */

	    CURSOR cu_contratante IS
		SELECT usua.cod_plan tipoPlan,
               pers.nombre_1||' '|| pers.nombre_2||' '||pers.apellido_1||' '||pers.apellido_2 nombreContratante,
			   pers.numero_identificacion numeroIdentificacion,
			   CASE WHEN EXTRACT(DAY FROM SYSDATE) <= 15 THEN 
				   TO_DATE('16/'||TO_CHAR(SYSDATE,'MM/YYYY'),'DD/MM/YYYY') 
			   ELSE 
			       TO_DATE('01/'||TO_CHAR(ADD_MONTHS(SYSDATE, 1),'MM/YYYY'),'DD/MM/YYYY') 
			   END fechaVigencia,
			   '0' tarifaCuota,
			   '2' formaPago,
			   '1' periodoPago,
			   TO_CHAR(SYSDATE, 'YY') yearFirma,
			   TO_CHAR(SYSDATE, 'MONTH') mesFirma,
			   TO_CHAR(SYSDATE, 'DD') diaFirma,
			   TO_CHAR(SYSDATE, 'YYYY') yearContratacion,
			   TO_CHAR(SYSDATE, 'MM') mesContratacion,
			   TO_CHAR(SYSDATE, 'DD') diaContratacion,
			   pers.email
		  FROM VDIR_PERSONA pers,
		       VDIR_USUARIO usua
		 WHERE pers.cod_persona = usua.cod_persona 
		   AND pers.cod_persona = inu_codPersona;

		CURSOR cu_beneficiarios IS
		SELECT pers.nombre_1||' '|| pers.nombre_2||' '||pers.apellido_1||' '||pers.apellido_2 nombreBeneficiario,
		       pers.numero_identificacion numeroIdentificacion
	      FROM VDIR_PERSONA pers,
		       VDIR_CONTRATANTE_BENEFICIARIO cobe,
			   VDIR_BENEFICIARIO_PROGRAMA bepo
	     WHERE cobe.cod_beneficiario = pers.cod_persona
		   AND cobe.cod_beneficiario = bepo.cod_beneficiario
		   AND cobe.cod_contratante  = inu_codPersona
		   AND bepo.cod_programa     = inu_codPrograma
		   AND bepo.cod_estado       = 1;

		ltc_contratante   cu_contratante%ROWTYPE;
		ltc_beneficiarios cu_beneficiarios%ROWTYPE;
		lvc_url           VARCHAR2(4000);
		lnu_nroContrato   NUMBER(16);
		lnu_i             NUMBER(3) := 1;


	BEGIN

		-- ---------------------------------------------------------------------
		-- Se avanza la secuencia
		-- --------------------------------------------------------------------- 
	    SELECT VDIR_SEQ_CONTRATO.NEXTVAL INTO lnu_nroContrato FROM DUAL;   

		lvc_url := ivc_url;


		 OPEN cu_contratante; 
		FETCH cu_contratante INTO ltc_contratante; 
		CLOSE cu_contratante;

		lvc_url := lvc_url||'#txtNumeroContrato='  ||lnu_nroContrato;

		-- ---------------------------------------------------------------------
		-- Si el tipo de Plan es familiar
		-- --------------------------------------------------------------------- 
		IF ltc_contratante.tipoPlan = 2 THEN

		    lvc_url := lvc_url||chr(38)||'txtPlanFamiliar=X';

		-- ---------------------------------------------------------------------
		-- Si el tipo de Plan es colectivo
		-- --------------------------------------------------------------------- 	
		ELSIF ltc_contratante.tipoPlan = 3 THEN

		    lvc_url := lvc_url||chr(38)||'txtPlanColectivo=X'; 

		-- ---------------------------------------------------------------------
		-- Si el tipo de Plan es asociado
		-- ---------------------------------------------------------------------
		ELSIF ltc_contratante.tipoPlan = 1 THEN

		    lvc_url := lvc_url||chr(38)||'txtPlanAsociado=X'; 

		END IF;

		lvc_url := lvc_url||chr(38)||'txtNombreContratante='   ||ltc_contratante.nombreContratante;
		lvc_url := lvc_url||chr(38)||'txtNumeroIdentificacion='||ltc_contratante.numeroIdentificacion;
		lvc_url := lvc_url||chr(38)||'txtYearVigencia='        ||TO_CHAR(ltc_contratante.fechaVigencia, 'YYYY');
		lvc_url := lvc_url||chr(38)||'txtMesVigencia='         ||TO_CHAR(ltc_contratante.fechaVigencia, 'MM');
		lvc_url := lvc_url||chr(38)||'txtDiaVigencia='         ||TO_CHAR(ltc_contratante.fechaVigencia, 'DD');
		lvc_url := lvc_url||chr(38)||'txtVigencia='            ||TO_CHAR(ADD_MONTHS(ltc_contratante.fechaVigencia, 12), 'DD/MM/YYYY'); -- sumar año;
		lvc_url := lvc_url||chr(38)||'txtTarifaCuota='         ||ltc_contratante.tarifaCuota;

		OPEN cu_beneficiarios; 
	    LOOP 
	    FETCH cu_beneficiarios INTO ltc_beneficiarios; 
		    EXIT WHEN cu_beneficiarios%NOTFOUND; 

		    lvc_url := lvc_url||chr(38)||'txtNombreBeneficiario'||lnu_i||'='||ltc_beneficiarios.nombreBeneficiario;
			lvc_url := lvc_url||chr(38)||'txtNumIdBeneficiario' ||lnu_i||'='||ltc_beneficiarios.numeroIdentificacion;

	        lnu_i := lnu_i + 1;

	    END LOOP; 
	    CLOSE cu_beneficiarios; 

		-- ---------------------------------------------------------------------
		-- Si la forma de pago es Efectivo
		-- ---------------------------------------------------------------------
		IF ltc_contratante.formaPago = 1 THEN

		    lvc_url := lvc_url||chr(38)||'txtPagoEfectivo=X';

		-- ---------------------------------------------------------------------
		-- Si la forma de pago es Debito
		-- ---------------------------------------------------------------------
		ELSIF ltc_contratante.formaPago = 2 THEN

		    lvc_url := lvc_url||chr(38)||'txtPagoDebito=X'; 

		-- ---------------------------------------------------------------------
		-- Si la forma de pago es Cheque
		-- ---------------------------------------------------------------------
		ELSIF ltc_contratante.formaPago = 3 THEN

		    lvc_url := lvc_url||chr(38)||'txtPagoCheque=X'; 

		-- ---------------------------------------------------------------------
		-- Si la forma de pago es Credito
		-- ---------------------------------------------------------------------
		ELSE

		    lvc_url := lvc_url||chr(38)||'txtPagoCredito=X'; 

		END IF;

		-- ---------------------------------------------------------------------
		-- Si periodo de pago es Mensual
		-- ---------------------------------------------------------------------
		IF ltc_contratante.periodoPago = 1 THEN

		    lvc_url := lvc_url||chr(38)||'txtPeriodoMensual=X';

		-- ---------------------------------------------------------------------
		-- Si periodo de pago es Trimestral	
		-- ---------------------------------------------------------------------
		ELSIF ltc_contratante.periodoPago = 2 THEN

		    lvc_url := lvc_url||chr(38)||'txtPeriodoTrimestral=X'; 

		-- ---------------------------------------------------------------------
		-- Si periodo de pago es Anual
		-- ---------------------------------------------------------------------
		ELSE

		    lvc_url := lvc_url||chr(38)||'txtPeriodoAnual=X'; 

		END IF;

		lvc_url := lvc_url||chr(38)||'txtDiaFirma='         ||ltc_contratante.diaFirma;
		lvc_url := lvc_url||chr(38)||'txtMesFirma='         ||ltc_contratante.mesFirma;
		lvc_url := lvc_url||chr(38)||'txtYearFirma='        ||ltc_contratante.yearFirma;
		lvc_url := lvc_url||chr(38)||'txtYearContratacion=' ||ltc_contratante.yearContratacion;
		lvc_url := lvc_url||chr(38)||'txtMesContratacion='  ||ltc_contratante.mesContratacion;
		lvc_url := lvc_url||chr(38)||'txtDiaContratacion='  ||ltc_contratante.diaContratacion;
		lvc_url := lvc_url||chr(38)||'txtEmail='            ||ltc_contratante.email;

		RETURN lvc_url;

	END fnGetDatosUrlPrograma;


 /*---------------------------------------------------------------------
  fn_get_tarifa: Traer tarifa beneficiario por programa
  ----------------------------------------------------------------------
  Autor : diego.castillo@kalettre.com
  Fecha : 20-01-2019
 ----------------------------------------------------------------------- */
 FUNCTION fn_get_tarifa
 (
    pty_cod_beneficiario in vdir_persona.cod_persona%type,
    pty_cod_programa in vdir_programa.cod_programa%type
 )RETURN vdir_tarifa.cod_tarifa%type IS
    lv_cod_tarifa vdir_tarifa.cod_tarifa%type;
 BEGIN

    BEGIN
      lv_cod_tarifa := 1;
    EXCEPTION
        WHEN NO_DATA_FOUND THEN
      lv_cod_tarifa := null;
    END;

    RETURN lv_cod_tarifa;

 END fn_get_tarifa;  

 /*---------------------------------------------------------------------
  fn_get_valor_tarifa: Traer el valor de la tarifa
  ----------------------------------------------------------------------
  Autor : diego.castillo@kalettre.com
  Fecha : 22-01-2019
 ----------------------------------------------------------------------- */
 FUNCTION fn_get_valor_tarifa
 (
    pty_cod_tarifa in vdir_tarifa.cod_tarifa%type
 )RETURN NUMBER IS
    lv_val_tarifa NUMBER;
 BEGIN

    BEGIN
      lv_val_tarifa := 5000;
    EXCEPTION
        WHEN NO_DATA_FOUND THEN
      lv_val_tarifa := 0;
    END;

    RETURN lv_val_tarifa;

 END fn_get_valor_tarifa;      

 /*---------------------------------------------------------------------
  sp_registra_benefi_programa: Agregar beneficiario programa 
  ----------------------------------------------------------------------
  Autor : diego.castillo@kalettre.com
  Fecha : 20-01-2019
 ----------------------------------------------------------------------- */
 PROCEDURE sp_registra_benefi_programa
 (
    p_cod_beneficiario in vdir_persona.cod_persona%type,
    p_cod_programa in vdir_programa.cod_programa%type,
    p_cod_afiliacion in vdir_afiliacion.cod_afiliacion%type,
    p_cod_estado in vdir_estado.cod_estado%type,
    p_val_tarifa out number,
    p_replica_val_tarifa out number
 ) IS
    lv_cod_tarifa vdir_tarifa.cod_tarifa%type;
    lv_sec_beneficiario_programa integer;
    lv_existe integer;
 BEGIN
    --Consultar codigo de tarifa a la que aplica l beneficiario en el programa
    lv_cod_tarifa := VDIR_PACK_REGISTRO_PRODUCTOS.fn_get_tarifa(p_cod_beneficiario, p_cod_programa);    
    p_val_tarifa := VDIR_PACK_REGISTRO_PRODUCTOS.fn_get_valor_tarifa(lv_cod_tarifa); -- Hacer consulta a ala tabla VDIR_TARIFA
    p_replica_val_tarifa := 0; -- 0:No replica, >0:Si replica el numero de veces indicado 
    SELECT 
        COUNT(*) INTO lv_existe
    FROM
        vdir_beneficiario_programa
    WHERE
        cod_programa = p_cod_programa
        AND cod_beneficiario = p_cod_beneficiario
        AND cod_afiliacion = p_cod_afiliacion;

    IF lv_existe < 1 THEN
        SELECT VDIR_SEQ_BENEFICIARIO_PROGRAMA.NEXTVAL INTO lv_sec_beneficiario_programa FROM DUAL;        
        INSERT INTO vdir_beneficiario_programa(
            cod_beneficiario_programa,
            cod_programa,
            cod_beneficiario,
            cod_tarifa,
            cod_afiliacion,
            cod_estado
        ) VALUES (
            lv_sec_beneficiario_programa,
            p_cod_programa,
            p_cod_beneficiario,
            lv_cod_tarifa,
            p_cod_afiliacion,
            p_cod_estado
        );    
    ELSE
        UPDATE vdir_beneficiario_programa
        SET
            cod_tarifa = lv_cod_tarifa,
            cod_estado = p_cod_estado
        WHERE
            cod_programa = p_cod_programa
            AND cod_beneficiario = p_cod_beneficiario
            AND cod_afiliacion = p_cod_afiliacion;
    END IF;

 END sp_registra_benefi_programa;

  /*---------------------------------------------------------------------
  sp_quitar_beneficiario_programa: Quitar registros diferentes a estado 1 en la tabla vdir_beneficiario_programa
  ----------------------------------------------------------------------
  Autor : diego.castillo@kalettre.com
  Fecha : 22-01-2019
 ----------------------------------------------------------------------- */
 PROCEDURE sp_quitar_benefi_programa
 (
    pty_cod_usuario in vdir_usuario.cod_usuario%type
 ) IS
    lv_cod_afiliacion_pendiente vdir_afiliacion.cod_afiliacion%type;
 BEGIN
    lv_cod_afiliacion_pendiente := VDIR_PACK_REGISTRO_DATOS.fn_get_afiliacion_pendiente(pty_cod_usuario);

    --Eliminar registros de vdir_factura_detalle donde el cod_beneficiario_programa se encuentre en estado diferente a 1=activo
    DELETE FROM vdir_factura_detalle
    WHERE
        cod_factura_detalle IN (SELECT 
                                        fd.cod_factura_detalle
                                    FROM
                                        vdir_beneficiario_programa bp
                                        INNER JOIN vdir_factura fa ON  fa.cod_afiliacion = bp.cod_afiliacion
                                        INNER JOIN vdir_factura_detalle fd ON fd.cod_factura = fa.cod_factura
                                                                            AND fd.cod_beneficiario_programa = bp.cod_beneficiario_programa
                                    WHERE
                                        bp.cod_afiliacion = lv_cod_afiliacion_pendiente
                                        AND bp.cod_estado <> 1);    

    --Eliminar registros de vdir_beneficiario_programa que con estado diferente a 1 (no se encuentran activos)
    DELETE vdir_beneficiario_programa
    WHERE
        cod_afiliacion = lv_cod_afiliacion_pendiente
        AND cod_estado <> 1;

 END sp_quitar_benefi_programa;


  /*---------------------------------------------------------------------
  sp_registra_factura: Registrar factura de compra productos (linea, programa, beneficiario) 
  ----------------------------------------------------------------------
  Autor : diego.castillo@kalettre.com
  Fecha : 21-01-2019
 ----------------------------------------------------------------------- */
 PROCEDURE sp_registra_factura
 (
    pty_cod_usuario in vdir_usuario.cod_usuario%type,
    pty_cod_afiliacion in vdir_afiliacion.cod_afiliacion%type,
    pty_cod_factura out vdir_factura.cod_factura%type
 ) IS
    lv_cod_tarifa vdir_tarifa.cod_tarifa%type;
    lv_sec_factura integer;
    lv_sec_factura_detalle integer;
    lv_existe integer;
    lv_valor_tarifa number;
    lv_aux_valor_total number;
 BEGIN

    --Consultar valor total de la factura
    SELECT 
        SUM(cod_afiliacion) INTO lv_aux_valor_total
    FROM
        vdir_beneficiario_programa
    WHERE
        cod_afiliacion = pty_cod_afiliacion
        AND cod_estado = 1;

    lv_aux_valor_total := lv_aux_valor_total * 5000;

    BEGIN    
        --Consultar codigo factura
        SELECT 
            cod_factura INTO lv_sec_factura
        FROM
            vdir_factura
        WHERE
            cod_usuario = pty_cod_usuario
            AND cod_afiliacion = pty_cod_afiliacion;

        --Eliminar registros de vdir_beneficiario_programa que con estado diferente a 1 (no se encuentran selecionados)
        VDIR_PACK_REGISTRO_PRODUCTOS.sp_quitar_benefi_programa(pty_cod_usuario);
    EXCEPTION 
        WHEN NO_DATA_FOUND THEN
            lv_sec_factura := 0;
    END;

    IF lv_sec_factura < 1 THEN
        --Consultar secuencia factura
        SELECT VDIR_SEQ_FACTURA.NEXTVAL INTO lv_sec_factura FROM DUAL;        
        --Insertar datos factura
        INSERT INTO vdir_factura(
            cod_factura,
            total_pagar,
            valor_impuesto,
            fecha_creacion,
            sub_total,
            valor_promocion,
            cod_tipo_pago,
            cod_forma_pago,
            cod_estado,
            cod_usuario,
            cod_afiliacion            
        ) VALUES (
            lv_sec_factura,
            lv_aux_valor_total,
            NULL,
            SYSDATE,
            lv_aux_valor_total,
            NULL,
            NULL,
            NULL,
            1,
            pty_cod_usuario,
            pty_cod_afiliacion
        );    
    ELSE            
        --Actualizar datos factura
        UPDATE vdir_factura
        SET
            total_pagar = lv_aux_valor_total,
            sub_total = lv_aux_valor_total
        WHERE
            cod_factura = lv_sec_factura;
    END IF;

    --Registrar detalle factura
    FOR fila IN (SELECT * 
                    FROM
                        vdir_beneficiario_programa
                    WHERE
                        cod_afiliacion = pty_cod_afiliacion
                        AND cod_estado = 1)
    LOOP
        --Validar si existe el registro
        SELECT 
            COUNT(*) INTO lv_existe 
        FROM 
            vdir_factura_detalle 
        WHERE 
            cod_factura = lv_sec_factura 
            AND cod_beneficiario_programa = fila.cod_beneficiario_programa;
        --Consultar valor tarifa
        lv_valor_tarifa := VDIR_PACK_REGISTRO_PRODUCTOS.fn_get_valor_tarifa(fila.cod_tarifa); --SELECT valor INTO lv_valor_tarifa FROM vdir_tarifa WHERE cod_tarifa = fila.cod_tarifa;

        IF lv_existe < 1 THEN
            --Consultar secuencia factura detalle
            SELECT VDIR_SEQ_FACTURA_DETALLE.NEXTVAL INTO lv_sec_factura_detalle FROM DUAL;

            INSERT INTO vdir_factura_detalle(
                cod_factura_detalle,
                valor_total,
                sub_total,
                cantidad,
                valor_impuesto,
                valor_promocion,
                valor_tarifa,
                porcentaje_impuesto,
                cod_beneficiario_programa,
                cod_factura
            )VALUES(
                lv_sec_factura_detalle,
                lv_valor_tarifa,
                lv_valor_tarifa,
                1,
                NULL,
                NULL,
                lv_valor_tarifa,
                NULL,
                fila.cod_beneficiario_programa,
                lv_sec_factura
            );
        ELSE
            UPDATE vdir_factura_detalle
            SET
                valor_total = lv_valor_tarifa,
                sub_total = lv_valor_tarifa,
                valor_tarifa = lv_valor_tarifa
            WHERE
                cod_beneficiario_programa = fila.cod_beneficiario_programa
                AND cod_factura = lv_sec_factura;
        END IF;

        pty_cod_factura := lv_sec_factura;

    END LOOP;

 END sp_registra_factura;

 /*---------------------------------------------------------------------
  fn_get_benficiarios_programas: Traer los beneficiarios que estan registrados a un programa
  ----------------------------------------------------------------------
  Autor : diego.castillo@kalettre.com
  Fecha : 22-01-2019
 ----------------------------------------------------------------------- */
 FUNCTION fn_get_benficiarios_programas
 (
    pty_cod_usuario in vdir_usuario.cod_usuario%type
 )RETURN type_cursor IS
    ltc_datos type_cursor;
    lv_cod_afiliacion_pendiente vdir_afiliacion.cod_afiliacion%type;
 BEGIN
    lv_cod_afiliacion_pendiente := VDIR_PACK_REGISTRO_DATOS.fn_get_afiliacion_pendiente(pty_cod_usuario);

    BEGIN
        OPEN ltc_datos FOR
        SELECT 
                bp.cod_programa,
                bp.cod_beneficiario,
                bp.cod_afiliacion,
                bp.cod_tarifa,
                VDIR_PACK_REGISTRO_PRODUCTOS.fn_get_valor_tarifa(bp.cod_tarifa) AS val_tarifa,
                pm.cod_producto,
                pe.cod_tipo_identificacion,
                pe.numero_identificacion
            FROM
                vdir_beneficiario_programa bp
                INNER JOIN vdir_programa pm ON pm.cod_programa = bp.cod_programa
                INNER JOIN vdir_persona pe ON pe.cod_persona = bp.cod_beneficiario
            WHERE
                cod_afiliacion = lv_cod_afiliacion_pendiente
                AND bp.cod_estado = 1;

    EXCEPTION 
        WHEN NO_DATA_FOUND THEN
            OPEN ltc_datos FOR
            SELECT -1 AS cod_beneficiario_programa FROM DUAL;
    END;       

    RETURN ltc_datos;

 END fn_get_benficiarios_programas;

END VDIR_PACK_REGISTRO_PRODUCTOS;

/
--------------------------------------------------------
--  DDL for Package Body VDIR_PACK_REGISTRO_TARIFAS
--------------------------------------------------------

  CREATE OR REPLACE PACKAGE BODY "SALUDMP"."VDIR_PACK_REGISTRO_TARIFAS" AS
/* ---------------------------------------------------------------------
 Copyright  Tecnología Informática Coomeva - Colombia
 Package     : VDIR_PACK_REGISTRO_TARIFAS
 Caso de Uso : 
 Descripción : Procesos para el registro del las tarifas - VENTA DIRECTA
 --------------------------------------------------------------------
 Autor : katherine.latorre@kalettre.com
 Fecha : 28-01-2018  
 --------------------------------------------------------------------
 Procedimiento :     Descripcion:
 --------------------------------------------------------------------
 Historia de Modificaciones
 ---------------------------------------------------------------------
 Fecha Autor Modificación
 ----------------------------------------------------------------- */

	-- ---------------------------------------------------------------------
	-- prGuardarTarifa
	-- ---------------------------------------------------------------------
	PROCEDURE prGuardarTarifa
	(
		inu_codPlanPrograma  IN VDIR_TARIFA.COD_PLAN_PROGRAMA%TYPE,
        inu_codPlan          IN VDIR_TARIFA.COD_PLAN%TYPE,
		inu_codEstado        IN VDIR_TARIFA.COD_ESTADO%TYPE,
		inu_codTipoTarifa    IN VDIR_TARIFA.COD_TIPO_TARIFA%TYPE,
		inu_valorTarifa      IN VDIR_TARIFA.VALOR%TYPE,
		idt_fecVigenciaIni   IN VDIR_TARIFA.FECHA_VIGE_INICIAL%TYPE,
		idt_fecVigenciaFin   IN VDIR_TARIFA.FECHA_VIGE_FIN%TYPE,
		inu_codCondicion     IN VDIR_TARIFA.COD_CONDICION_TARIFA%TYPE,
		inu_codNumUsuarios   IN VDIR_TARIFA.COD_NUM_USUARIOS_TARIFA%TYPE,
		inu_codSexo          IN VDIR_TARIFA.COD_SEXO%TYPE,
		inu_edadInicial      IN VDIR_TARIFA.EDAD_INICIAL%TYPE,
		inu_edadFinal        IN VDIR_TARIFA.EDAD_FINAL%TYPE,
		ivc_codTarifaMP      IN VDIR_TARIFA.COD_TARIFA_MP%TYPE
    )
	IS

	/* ---------------------------------------------------------------------
	 Copyright   : Tecnología Informática Coomeva - Colombia
	 Package     : VDIR_PACK_REGISTRO_TARIFAS
	 Caso de Uso : 
	 Descripción : Procedimiento que guarda la tarifa
	 ----------------------------------------------------------------------
	 Autor : katherine.latorre@kalettre.com
	 Fecha : 28-01-2019  
	 ----------------------------------------------------------------------
	 Parámetros :     Descripción:
	    inu_codPlanPrograma  Código del plan asociado al programa
        inu_codPlan          Código del plan
		inu_codEstado        Código del estado
		inu_codTipoTarifa    Código del tipo de tarifa
		inu_valorTarifa      Valor de la tarifa
		idt_fecVigenciaIni   Fecha inicio de vigencia
		idt_fecVigenciaFin   Fecha fin de vigencia
		inu_codCondicion     Código de la condición
		inu_codNumUsuarios   Código del número de usuarios
		inu_codSexo          Código del genero
		inu_edadInicial      Edad mínima
		inu_edadFinal        Edad máxima
	 ----------------------------------------------------------------------
	 Historia de Modificaciones
	 ----------------------------------------------------------------------
	 Fecha Autor Modificación
	 ----------------------------------------------------------------- */

	    lnu_codTarifa VDIR_TARIFA.COD_TARIFA%TYPE;

	BEGIN

	    -- ---------------------------------------------------------------------
		-- Se avanza la secuencia
		-- --------------------------------------------------------------------- 
	    SELECT VDIR_SEQ_TARIFA.NEXTVAL INTO lnu_codTarifa FROM DUAL;   

		BEGIN

		    -- ---------------------------------------------------------------------
			-- Se ingresa la tarifa
			-- --------------------------------------------------------------------- 
			INSERT INTO VDIR_TARIFA
			(
				COD_TARIFA,
				COD_PLAN_PROGRAMA, 
				COD_PLAN,
				COD_ESTADO, 
				COD_TIPO_TARIFA, 
				VALOR,
				FECHA_VIGE_INICIAL,
				FECHA_VIGE_FIN,
				COD_CONDICION_TARIFA,
				COD_NUM_USUARIOS_TARIFA,
				COD_SEXO,
				EDAD_INICIAL,
				EDAD_FINAL,
				COD_TARIFA_MP
			) 
			VALUES 
			(
			    lnu_codTarifa,
				inu_codPlanPrograma, 
				inu_codPlan,
				inu_codEstado, 
				inu_codTipoTarifa, 
				inu_valorTarifa,
				idt_fecVigenciaIni,
				idt_fecVigenciaFin,
				inu_codCondicion,
				inu_codNumUsuarios,
				inu_codSexo,
				inu_edadInicial,
				inu_edadFinal,
				ivc_codTarifaMP
			);

		EXCEPTION WHEN OTHERS THEN

		    RAISE_APPLICATION_ERROR(-20001,'Ocurrió un error al guardar la tarifa: '||SQLERRM); 

		END;

	END prGuardarTarifa;

	-- ---------------------------------------------------------------------
	-- prActualizarTarifa
	-- ---------------------------------------------------------------------
	PROCEDURE prActualizarTarifa
	(
	    inu_codTarifa        IN VDIR_TARIFA.COD_TARIFA%TYPE,
	    inu_codPlanPrograma  IN VDIR_TARIFA.COD_PLAN_PROGRAMA%TYPE,
        inu_codPlan          IN VDIR_TARIFA.COD_PLAN%TYPE,
		inu_codEstado        IN VDIR_TARIFA.COD_ESTADO%TYPE,
		inu_codTipoTarifa    IN VDIR_TARIFA.COD_TIPO_TARIFA%TYPE,
		inu_valorTarifa      IN VDIR_TARIFA.VALOR%TYPE,
		idt_fecVigenciaIni   IN VDIR_TARIFA.FECHA_VIGE_INICIAL%TYPE,
		idt_fecVigenciaFin   IN VDIR_TARIFA.FECHA_VIGE_FIN%TYPE,
		inu_codCondicion     IN VDIR_TARIFA.COD_CONDICION_TARIFA%TYPE,
		inu_codNumUsuarios   IN VDIR_TARIFA.COD_NUM_USUARIOS_TARIFA%TYPE,
		inu_codSexo          IN VDIR_TARIFA.COD_SEXO%TYPE,
		inu_edadInicial      IN VDIR_TARIFA.EDAD_INICIAL%TYPE,
		inu_edadFinal        IN VDIR_TARIFA.EDAD_FINAL%TYPE
    )
	IS

	/* ---------------------------------------------------------------------
	 Copyright   : Tecnología Informática Coomeva - Colombia
	 Package     : VDIR_PACK_REGISTRO_TARIFAS
	 Caso de Uso : 
	 Descripción : Procedimiento que actualiza la tarifa
	 ----------------------------------------------------------------------
	 Autor : katherine.latorre@kalettre.com
	 Fecha : 28-01-2019  
	 ----------------------------------------------------------------------
	 Parámetros :     Descripción:
	    inu_codTarifa        Código de la tarifa
	    inu_codPlanPrograma  Código del plan asociado al programa
        inu_codPlan          Código del plan
		inu_codEstado        Código del estado
		inu_codTipoTarifa    Código del tipo de tarifa
		inu_valorTarifa      Valor de la tarifa
		idt_fecVigenciaIni   Fecha inicio de vigencia
		idt_fecVigenciaFin   Fecha fin de vigencia
		inu_codCondicion     Código de la condición
		inu_codNumUsuarios   Código del número de usuarios
		inu_codSexo          Código del genero
		inu_edadInicial      Edad mínima
		inu_edadFinal        Edad máxima
	 ----------------------------------------------------------------------
	 Historia de Modificaciones
	 ----------------------------------------------------------------------
	 Fecha Autor Modificación
	 ----------------------------------------------------------------- */

	BEGIN

		BEGIN

		    -- ---------------------------------------------------------------------
			-- Se actualiza la tarifa
			-- --------------------------------------------------------------------- 
			UPDATE VDIR_TARIFA
			   SET COD_PLAN_PROGRAMA        = inu_codPlanPrograma, 
				   COD_PLAN                 = inu_codPlan,
				   COD_ESTADO               = inu_codEstado, 
				   COD_TIPO_TARIFA          = inu_codTipoTarifa, 
				   VALOR                    = inu_valorTarifa,
				   FECHA_VIGE_INICIAL       = idt_fecVigenciaIni,
				   FECHA_VIGE_FIN           = idt_fecVigenciaFin,
				   COD_CONDICION_TARIFA     = inu_codCondicion,
				   COD_NUM_USUARIOS_TARIFA  = inu_codNumUsuarios,
				   COD_SEXO                 = inu_codSexo,
				   EDAD_INICIAL             = inu_edadInicial,
				   EDAD_FINAL               = inu_edadFinal
		     WHERE COD_TARIFA               = inu_codTarifa;

		EXCEPTION WHEN OTHERS THEN

		    RAISE_APPLICATION_ERROR(-20001,'Ocurrió un error al actualizar la tarifa: '||SQLERRM); 

		END;

	END prActualizarTarifa;

END VDIR_PACK_REGISTRO_TARIFAS;

/
--------------------------------------------------------
--  DDL for Package Body VDIR_PACK_REGISTRO_USUARIOS
--------------------------------------------------------

  CREATE OR REPLACE PACKAGE BODY "SALUDMP"."VDIR_PACK_REGISTRO_USUARIOS" AS
/* ---------------------------------------------------------------------
 Copyright  Tecnología Informática Coomeva - Colombia
 Package     : VDIR_PACK_REGISTRO_USUARIOS
 Caso de Uso : 
 Descripción : Procesos para el registro del los usuarios - VENTA DIRECTA
 --------------------------------------------------------------------
 Autor : katherine.latorre@kalettre.com
 Fecha : 30-01-2018  
 --------------------------------------------------------------------
 Procedimiento :     Descripcion:
 --------------------------------------------------------------------
 Historia de Modificaciones
 ---------------------------------------------------------------------
 Fecha Autor Modificación
 ----------------------------------------------------------------- */

	-- ---------------------------------------------------------------------
	-- prGuardarUsuario
	-- ---------------------------------------------------------------------
	PROCEDURE prGuardarUsuario
	(
		inu_codTipoId         IN VDIR_PERSONA.COD_TIPO_IDENTIFICACION%TYPE,
        inu_nroId             IN VDIR_PERSONA.NUMERO_IDENTIFICACION%TYPE,
		ivc_primerNombre      IN VDIR_PERSONA.NOMBRE_1%TYPE,
		ivc_segundoNombre     IN VDIR_PERSONA.NOMBRE_2%TYPE,
		ivc_primerApellido    IN VDIR_PERSONA.APELLIDO_1%TYPE,
		ivc_segundoApellido   IN VDIR_PERSONA.APELLIDO_2%TYPE,
		ivc_correoElectronico IN VDIR_PERSONA.EMAIL%TYPE,
		ivc_telefono          IN VDIR_PERSONA.TELEFONO%TYPE,
		ivc_login             IN VDIR_USUARIO.LOGIN%TYPE,
		ivc_clave             IN VDIR_USUARIO.CLAVE%TYPE,
		inu_codPerfil         IN VDIR_ROL_USUARIO.COD_ROL%TYPE,
		inu_codEstado         IN VDIR_USUARIO.COD_ESTADO%TYPE
    )
	IS

	/* ---------------------------------------------------------------------
	 Copyright   : Tecnología Informática Coomeva - Colombia
	 Package     : VDIR_PACK_REGISTRO_USUARIOS
	 Caso de Uso : 
	 Descripción : Procedimiento que guarda el ingreso
	 ----------------------------------------------------------------------
	 Autor : katherine.latorre@kalettre.com
	 Fecha : 31-01-2019  
	 ----------------------------------------------------------------------
	 Parámetros :     Descripción:
	    inu_codTipoId         Código del tipo de identificación
        inu_nroId             Número del tipo de identificación
		ivc_primerNombre      Primer nombre del usuario
		ivc_segundoNombre     Segundo nombre del usuario
		ivc_primerApellido    Primer apellido del usuario
		ivc_segundoApellido   Segundo apellido del usuario
		ivc_correoElectronico Correo electrónico del usuario
		ivc_telefono          Teléfono del usuario
		ivc_login             Login del usuario
		ivc_clave             Clave del usuario
		inu_codPerfil         Código del perfil
		inu_codEstado         Código del estado
	 ----------------------------------------------------------------------
	 Historia de Modificaciones
	 ----------------------------------------------------------------------
	 Fecha Autor Modificación
	 ----------------------------------------------------------------- */

	    lnu_codPersona    VDIR_PERSONA.COD_PERSONA%TYPE;
		lnu_codUsuario    VDIR_USUARIO.COD_USUARIO%TYPE;
		lnu_codRolUsuario VDIR_ROL_USUARIO.COD_ROL_USUARIO%TYPE;
		lnu_error         NUMBER(1) := 0;

	BEGIN

	    -- ---------------------------------------------------------------------
		-- Se valida si la persona existe
		-- ---------------------------------------------------------------------
		lnu_codPersona := VDIR_PACK_CONSULTA_USUARIOS.fnGetExistePersona(inu_codTipoId,inu_nroId);

		-- ---------------------------------------------------------------------
		-- Si la persona no existe
		-- ---------------------------------------------------------------------
		IF lnu_codPersona IS NULL THEN

		    -- ---------------------------------------------------------------------
			-- Se avanza la secuencia
			-- --------------------------------------------------------------------- 
		    SELECT VDIR_SEQ_PERSONA.NEXTVAL INTO lnu_codPersona FROM DUAL;   

			BEGIN

				-- ---------------------------------------------------------------------
				-- Se ingresa la persona
				-- --------------------------------------------------------------------- 
				INSERT INTO VDIR_PERSONA
				(
					COD_PERSONA,
					COD_TIPO_IDENTIFICACION,
                    NUMERO_IDENTIFICACION,
		            NOMBRE_1,
		            NOMBRE_2,
		            APELLIDO_1,
		            APELLIDO_2,
		            EMAIL,
		            TELEFONO,
					CELULAR,
					COD_ESTADO
				) 
				VALUES 
				(
					lnu_codPersona,
					inu_codTipoId,
					inu_nroId,
					ivc_primerNombre,
					ivc_segundoNombre,
					ivc_primerApellido,
					ivc_segundoApellido,
					ivc_correoElectronico,
					ivc_telefono,
					ivc_telefono,
					1
				);

			EXCEPTION WHEN OTHERS THEN

			    lnu_error := 1;
				RAISE_APPLICATION_ERROR(-20001,'Ocurrió un error al guardar la persona: '||SQLERRM); 

			END; 

			-- ---------------------------------------------------------------------
			-- Si no ocurrió ningun error
			-- --------------------------------------------------------------------- 
			IF lnu_error = 0 THEN

			    -- ---------------------------------------------------------------------
				-- Se valida si el login del usuario existe
				-- ---------------------------------------------------------------------
				lnu_codUsuario := VDIR_PACK_CONSULTA_USUARIOS.fnGetExisteLogin(ivc_login);

				-- ---------------------------------------------------------------------
				-- Si el usuario no existe
				-- ---------------------------------------------------------------------
				IF lnu_codUsuario IS NULL THEN

				    -- ---------------------------------------------------------------------
					-- Se avanza la secuencia
					-- --------------------------------------------------------------------- 
					SELECT VDIR_SEQ_USUARIO.NEXTVAL INTO lnu_codUsuario FROM DUAL;   

					BEGIN

						-- ---------------------------------------------------------------------
						-- Se ingresa el usuario
						-- --------------------------------------------------------------------- 
						INSERT INTO VDIR_USUARIO
						(
							COD_USUARIO,
							LOGIN,
							CLAVE,
							COD_PERSONA,
							COD_ESTADO
						) 
						VALUES 
						(
							lnu_codUsuario,
							ivc_login,
							ivc_clave,
							lnu_codPersona,
							inu_codEstado
						);

					EXCEPTION WHEN OTHERS THEN

						lnu_error := 1;
						RAISE_APPLICATION_ERROR(-20001,'Ocurrió un error al guardar el usuario: '||SQLERRM); 

					END; 

					-- ---------------------------------------------------------------------
					-- Si no ocurrió ningun error
					-- --------------------------------------------------------------------- 
					IF lnu_error = 0 THEN

					    -- ---------------------------------------------------------------------
						-- Se valida si el perfil existe
						-- ---------------------------------------------------------------------
						lnu_codRolUsuario := VDIR_PACK_CONSULTA_USUARIOS.fnGetExistePerfil(lnu_codUsuario,inu_codPerfil);  

						-- ---------------------------------------------------------------------
						-- Si el perfil no existe
						-- ---------------------------------------------------------------------
						IF lnu_codRolUsuario IS NULL THEN

						    -- ---------------------------------------------------------------------
							-- Se avanza la secuencia
							-- --------------------------------------------------------------------- 
							SELECT VDIR_SEQ_ROL_USUARIO.NEXTVAL INTO lnu_codRolUsuario FROM DUAL;   

							BEGIN

								-- ---------------------------------------------------------------------
								-- Se ingresa el perfil
								-- --------------------------------------------------------------------- 
								INSERT INTO VDIR_ROL_USUARIO
								(
								    COD_ROL_USUARIO,
									COD_USUARIO,
									COD_ROL
								) 
								VALUES 
								(
									lnu_codRolUsuario,
									lnu_codUsuario,
									inu_codPerfil
								);

							EXCEPTION WHEN OTHERS THEN

								lnu_error := 1;
								RAISE_APPLICATION_ERROR(-20001,'Ocurrió un error al guardar el perfil: '||SQLERRM); 

							END; 						

						END IF;

					END IF;			

				END IF;

			END IF;

		END IF;

	END prGuardarUsuario;

	-- ---------------------------------------------------------------------
	-- prActualizarUsuario
	-- ---------------------------------------------------------------------
	PROCEDURE prActualizarUsuario
	(
	    inu_codUsuario   IN VDIR_USUARIO.COD_USUARIO%TYPE,
        inu_codPerfil    IN VDIR_ROL_USUARIO.COD_ROL%TYPE,
		inu_codEstado    IN VDIR_USUARIO.COD_ESTADO%TYPE
    )
	IS

	/* ---------------------------------------------------------------------
	 Copyright   : Tecnología Informática Coomeva - Colombia
	 Package     : VDIR_PACK_REGISTRO_USUARIOS
	 Caso de Uso : 
	 Descripción : Procedimiento que actualiza el usuario
	 ----------------------------------------------------------------------
	 Autor : katherine.latorre@kalettre.com
	 Fecha : 31-01-2019  
	 ----------------------------------------------------------------------
	 Parámetros :     Descripción:
	    inu_codPersona   Código de la persona
	    inu_codUsuario   Código del usuario
		inu_codPerfil    Código del perfil
		inu_codEstado    Código del estado
	 ----------------------------------------------------------------------
	 Historia de Modificaciones
	 ----------------------------------------------------------------------
	 Fecha Autor Modificación
	 ----------------------------------------------------------------- */

	    lnu_error NUMBER(1) := 0;

	BEGIN

		BEGIN

		    -- ---------------------------------------------------------------------
			-- Se actualiza el estado del usuario
			-- --------------------------------------------------------------------- 
			UPDATE VDIR_USUARIO
			   SET COD_ESTADO  = inu_codEstado
		     WHERE COD_USUARIO = inu_codUsuario;

		EXCEPTION WHEN OTHERS THEN

		    lnu_error := 1;
		    RAISE_APPLICATION_ERROR(-20001,'Ocurrió un error al actualizar la tarifa: '||SQLERRM); 

		END;

		-- ---------------------------------------------------------------------
		-- Si no ocurrió ningun error
		-- --------------------------------------------------------------------- 
		IF lnu_error = 0 THEN

		    BEGIN

				-- ---------------------------------------------------------------------
				-- Se actualiza el perfil del usuario
				-- --------------------------------------------------------------------- 
				UPDATE VDIR_ROL_USUARIO
				   SET COD_ROL     = inu_codPerfil
				 WHERE COD_USUARIO = inu_codUsuario;

			EXCEPTION WHEN OTHERS THEN

				lnu_error := 1;
				RAISE_APPLICATION_ERROR(-20001,'Ocurrió un error al actualizar la tarifa: '||SQLERRM); 

			END;

		END IF;

	END prActualizarUsuario;

	-- ---------------------------------------------------------------------
	-- prActualizarClave
	-- ---------------------------------------------------------------------
	PROCEDURE prActualizarClave
	(
	    inu_codUsuario IN VDIR_USUARIO.COD_USUARIO%TYPE,
        ivc_clave      IN VDIR_USUARIO.CLAVE%TYPE
    )
	IS

	/* ---------------------------------------------------------------------
	 Copyright   : Tecnología Informática Coomeva - Colombia
	 Package     : VDIR_PACK_REGISTRO_USUARIOS
	 Caso de Uso : 
	 Descripción : Procedimiento que actualiza la clave del usuario
	 ----------------------------------------------------------------------
	 Autor : katherine.latorre@kalettre.com
	 Fecha : 01-02-2019  
	 ----------------------------------------------------------------------
	 Parámetros :     Descripción:
	    inu_codUsuario   Código del usuario
		ivc_clave        Clave nueva ingresada por el usuario
	 ----------------------------------------------------------------------
	 Historia de Modificaciones
	 ----------------------------------------------------------------------
	 Fecha Autor Modificación
	 ----------------------------------------------------------------- */

	BEGIN

		BEGIN

		    -- ---------------------------------------------------------------------
			-- Se actualiza la clave del usuario
			-- --------------------------------------------------------------------- 
			UPDATE VDIR_USUARIO
			   SET CLAVE       = ivc_clave
		     WHERE COD_USUARIO = inu_codUsuario;

		EXCEPTION WHEN OTHERS THEN

		    RAISE_APPLICATION_ERROR(-20001,'Ocurrió un error al actualizar la clave: '||SQLERRM); 

		END;

	END prActualizarClave;

END VDIR_PACK_REGISTRO_USUARIOS;

/
--------------------------------------------------------
--  DDL for Package Body VDIR_PACK_TARIFAS
--------------------------------------------------------

  CREATE OR REPLACE PACKAGE BODY "SALUDMP"."VDIR_PACK_TARIFAS" AS

  FUNCTION VDIR_FN_GET_DATOS_PROMO_IMG RETURN sys_refcursor AS
  
    vl_cursor sys_refcursor;
    vl_parametro_url VARCHAR2(200);
  BEGIN    

    SELECT    
        valor_parametro INTO  vl_parametro_url       
    FROM
        vdir_parametro
    WHERE
     cod_parametro = 3
     AND cod_estado = 1;    

    OPEN vl_cursor
  FOR 

      SELECT 
        cod_file AS CODIGO_FILE,
        ruta AS RUTA_FILE
      FROM
        VDIR_FILE 

      WHERE
         COD_TIPO_FILE = 5;

    RETURN vl_cursor;  

  END VDIR_FN_GET_DATOS_PROMO_IMG;

  -------------------- PROCEDIMIENTO PARA GUARDAR LAS IMAGNES DE LAS PROMOCIONES
 PROCEDURE VDIR_SP_SAVE_PROMO_IMG(p_name IN VARCHAR2,p_name_encript IN VARCHAR2,p_ruta IN VARCHAR2,p_respuesta OUT VARCHAR2)
 AS

 BEGIN

  p_respuesta := 'Operación realizada correctamente.'; 

   INSERT INTO vdir_file (
    cod_file,
    des_file,   
    ruta,
    cod_tipo_file,    
    url

    ) VALUES (
       VDIR_SEQ_FILE.NEXTVAL,
       p_name,
       p_ruta,
       5,
       p_ruta
    );

    COMMIT;

  EXCEPTION 
    WHEN OTHERS THEN
     RAISE_APPLICATION_ERROR(-20000, 'error.');
     p_respuesta := 'Ocurrio un error en la base de datos.';
     ROLLBACK;


 END VDIR_SP_SAVE_PROMO_IMG;

  -------------------- PROCEDIMIENTO PARA ELIMINAR UNA IMAGEN
 PROCEDURE VDIR_SP_DELETE_PROMO_IMG(p_codigo_imagen IN NUMBER,p_respuesta OUT VARCHAR2) 
 AS

 BEGIN
   p_respuesta := 'OK';


   DELETE FROM 
      vdir_file
   WHERE
    cod_file = p_codigo_imagen;


    EXCEPTION 
    WHEN OTHERS THEN
     RAISE_APPLICATION_ERROR(-20000, 'error.');
     p_respuesta := 'Ocurrio un error en la base de datos.';
     ROLLBACK;

 END VDIR_SP_DELETE_PROMO_IMG; 


END VDIR_PACK_TARIFAS;


/
--------------------------------------------------------
--  DDL for Package Body VDIR_PACK_UTILIDADES
--------------------------------------------------------

  CREATE OR REPLACE PACKAGE BODY "SALUDMP"."VDIR_PACK_UTILIDADES" AS

  FUNCTION VDIR_FN_GETCOLECCION_WHERE(p_nom_cod_tabla IN VARCHAR2,p_nom_des_tabla IN VARCHAR2,p_nom_table IN VARCHAR2,p_aux_where IN VARCHAR2,p_fila_order IN VARCHAR2) RETURN sys_refcursor 
  AS
   
    vl_cursor sys_refcursor; 
    vl_cadena VARCHAR2(3000) DEFAULT '';   
    vl_existe_where VARCHAR2(4000);
    vl_fila_order VARCHAR2(50);    

  BEGIN

   IF(p_aux_where IS NOT NULL) THEN    
      vl_existe_where := ' WHERE ' ||p_aux_where;
   ELSE
      vl_existe_where := '';
   END IF; 

   vl_fila_order := 'ORDER BY '||p_fila_order;

   vl_cadena := 'SELECT ' ||p_nom_cod_tabla || ' AS codigo ,' || p_nom_des_tabla || ' AS nombre FROM ' || p_nom_table || vl_existe_where||' '||vl_fila_order;   

      OPEN vl_cursor
       FOR 
         vl_cadena;

  RETURN vl_cursor;

  END VDIR_FN_GETCOLECCION_WHERE;

  -----------------------------------------------------------------------FUNCION PARA TRAER LA DESCRIPCION DE UN PARAMETRO

  FUNCTION VDIR_FN_GET_PARAMETRO(p_codigoParametro IN NUMBER) 
    RETURN VARCHAR2
    AS  

    v_retorno VARCHAR2(4000);

    BEGIN

      BEGIN     
        SELECT 
          VALOR_PARAMETRO  INTO v_retorno
        FROM 
          VDIR_PARAMETRO 
        WHERE
         COD_PARAMETRO = p_codigoParametro;
      EXCEPTION WHEN OTHERS THEN
       v_retorno := '';
      END;       

    RETURN v_retorno;

    END VDIR_FN_GET_PARAMETRO; 

   ----------------------------------------------------------------------------  FUNCION PARA TRAER LOS DAOS DE LA PERSONA,USUAIRO Y ROLES 
   FUNCTION VDIR_FN_GET_DATOS_PERSONA(p_identificacion IN vdir_persona.numero_identificacion%TYPE) 

   RETURN sys_refcursor 
   AS

   vl_cursor sys_refcursor;   

    BEGIN

  OPEN vl_cursor
    FOR 
     SELECT
        persona.cod_persona ,
        persona.cod_tipo_identificacion,
        ti.DES_TIPO_IDENTIFICACION AS DES_TIP_IDENT_LONG,
        ti.DES_ABR AS DES_TIP_IDENT_SMALL,
        persona.numero_identificacion,
        persona.nombre_1,
        persona.nombre_2,
        persona.apellido_1,
        persona.apellido_2,
        COALESCE(persona.nombre_1,' ')||' '|| COALESCE(persona.nombre_2,' ')||' '|| COALESCE(persona.apellido_1,' ')||' '||COALESCE(persona.apellido_2,' ') AS NOMBRE_COMPLETO,
        persona.fecha_nacimiento,
        18 as EDAD,
        --trunc(months_between(sysdate, to_char(persona.fecha_nacimiento,'dd/mm/yyyy'))/12) as EDAD,
        persona.telefono,
        persona.email,
        persona.direccion,
        persona.cod_sexo,
        sexo.des_sexo as DESCRIPCION_LONG_SEXO,
        sexo.DES_ABR as DESCRIPCION_SMALL_SEXO,
        persona.cod_municipio,
        persona.fecha_creacion,
        persona.cod_estado,
        persona.celular,
        usu.COD_USUARIO,
        usu.CLAVE,
        usu.LOGIN,
        VDIR_FN_GET_ROLES_PERSONA(usu.COD_USUARIO) as ROLESS
    FROM
        vdir_persona persona

        INNER JOIN vdir_usuario usu
         ON usu.cod_persona = persona.cod_persona

        LEFT JOIN VDIR_SEXO sexo
         ON sexo.cod_sexo = persona.cod_sexo

        INNER JOIN  VDIR_TIPO_IDENTIFICACION ti
         ON ti.COD_TIPO_IDENTIFICACION =persona.COD_TIPO_IDENTIFICACION

    WHERE
       persona.numero_identificacion = p_identificacion
       AND usu.COD_ESTADO = 1; 

    RETURN vl_cursor;      

    END VDIR_FN_GET_DATOS_PERSONA; 

  ------------------------------------------------------------------------------FUNCION PARA TRAER LOS ROLES QUE TIENE UNA PERSONA 
    FUNCTION VDIR_FN_GET_ROLES_PERSONA(p_cod_user IN vdir_usuario.cod_usuario%TYPE) RETURN VARCHAR2

    IS
    json_datos VARCHAR2(4000);
    BEGIN

      FOR FILA IN (
                     SELECT 
                        ROL.COD_ROL ,
                        ROL.DES_ROL
                      FROM 
                        VDIR_ROL_USUARIO ROL_USER

                        INNER JOIN VDIR_ROL ROL 
                         ON ROL.COD_ROL = ROL_USER.COD_ROL
                      WHERE 
                        ROL_USER.COD_USUARIO = p_cod_user
                        ) LOOP

      JSON_DATOS:= JSON_DATOS ||'{';      
      JSON_DATOS:= JSON_DATOS ||'"CODIGO": "'||FILA.COD_ROL||'",';
      JSON_DATOS:= JSON_DATOS ||'"NOMBRE": "'||FILA.DES_ROL||'"';
      JSON_DATOS:= JSON_DATOS ||'},';

   END LOOP;
    JSON_DATOS:=SUBSTR(JSON_DATOS, 1,LENGTH(JSON_DATOS)-1);
    JSON_DATOS:= JSON_DATOS || ']'; 

    RETURN json_datos; 

    END VDIR_FN_GET_ROLES_PERSONA;


     /*---------------------------------------------------------------------
  fn_splitData: funcion para retornar tabla con los datos de una cadena separados por un caracter
  ----------------------------------------------------------------------
  Autor : diego.castillo@kalettre.com
  Fecha : 02-01-2019
 ----------------------------------------------------------------------- */  
 FUNCTION fn_splitData
 (
    P_STRING_DATA IN VARCHAR2,
    P_SEPARATOR IN VARCHAR2
 )RETURN datasplit_table PIPELINED
 IS
     ltc_datos type_cursor;
     rec datasplit_record;
 BEGIN

    --OPEN ltc_datos FOR
    FOR registro IN  (SELECT level AS IDX, regexp_substr(P_STRING_DATA,'[^'|| P_SEPARATOR ||']+', 1, level) DATO from dual
                    connect by regexp_substr(P_STRING_DATA, '[^'|| P_SEPARATOR ||']+', 1, level) is not null)
    LOOP
        SELECT 
            registro.idx, 
            registro.dato
            INTO rec
        FROM DUAL;

        PIPE ROW(rec);

    END LOOP;

    --RETURN ltc_datos;
    RETURN;

 END fn_splitData;


END VDIR_PACK_UTILIDADES;

/

--------------------------------------------------------
--  Constraints for Table VDIR_AFILIACION
--------------------------------------------------------

  ALTER TABLE "SALUDMP"."VDIR_AFILIACION" MODIFY ("FECHA_CREACION" NOT NULL ENABLE);
 
  ALTER TABLE "SALUDMP"."VDIR_AFILIACION" MODIFY ("COD_ESTADO" NOT NULL ENABLE);
 
  ALTER TABLE "SALUDMP"."VDIR_AFILIACION" MODIFY ("COD_AFILIACION" NOT NULL ENABLE);
 
  ALTER TABLE "SALUDMP"."VDIR_AFILIACION" ADD CONSTRAINT "VDIR_AFILIACIONES_PK" PRIMARY KEY ("COD_AFILIACION");
--------------------------------------------------------
--  Constraints for Table VDIR_AFILIACION_AUDITORIA
--------------------------------------------------------

  ALTER TABLE "SALUDMP"."VDIR_AFILIACION_AUDITORIA" MODIFY ("COD_AFILIACION_AUDITORIA" NOT NULL ENABLE);
 
  ALTER TABLE "SALUDMP"."VDIR_AFILIACION_AUDITORIA" MODIFY ("COD_AFILIACION" NOT NULL ENABLE);
 
  ALTER TABLE "SALUDMP"."VDIR_AFILIACION_AUDITORIA" MODIFY ("COD_AUDITOR" NOT NULL ENABLE);
 
  ALTER TABLE "SALUDMP"."VDIR_AFILIACION_AUDITORIA" MODIFY ("COD_ESTADO" NOT NULL ENABLE);
 
  ALTER TABLE "SALUDMP"."VDIR_AFILIACION_AUDITORIA" ADD PRIMARY KEY ("COD_AFILIACION_AUDITORIA");
--------------------------------------------------------
--  Constraints for Table VDIR_BARRIO
--------------------------------------------------------

  ALTER TABLE "SALUDMP"."VDIR_BARRIO" MODIFY ("COD_BARRIO" NOT NULL ENABLE);
 
  ALTER TABLE "SALUDMP"."VDIR_BARRIO" MODIFY ("DES_BARRIO" NOT NULL ENABLE);
 
  ALTER TABLE "SALUDMP"."VDIR_BARRIO" MODIFY ("COD_ESTADO" NOT NULL ENABLE);
 
  ALTER TABLE "SALUDMP"."VDIR_BARRIO" MODIFY ("COD_MUNICIPIO" NOT NULL ENABLE);
 
  ALTER TABLE "SALUDMP"."VDIR_BARRIO" MODIFY ("COD_COMUNA" NOT NULL ENABLE);
 
  ALTER TABLE "SALUDMP"."VDIR_BARRIO" ADD PRIMARY KEY ("COD_BARRIO");
--------------------------------------------------------
--  Constraints for Table VDIR_BENEFICIARIO_PROGRAMA
--------------------------------------------------------

  ALTER TABLE "SALUDMP"."VDIR_BENEFICIARIO_PROGRAMA" MODIFY ("COD_BENEFICIARIO_PROGRAMA" NOT NULL ENABLE);
 
  ALTER TABLE "SALUDMP"."VDIR_BENEFICIARIO_PROGRAMA" MODIFY ("COD_PROGRAMA" NOT NULL ENABLE);
 
  ALTER TABLE "SALUDMP"."VDIR_BENEFICIARIO_PROGRAMA" MODIFY ("COD_BENEFICIARIO" NOT NULL ENABLE);
 
  ALTER TABLE "SALUDMP"."VDIR_BENEFICIARIO_PROGRAMA" MODIFY ("COD_TARIFA" NOT NULL ENABLE);
 
  ALTER TABLE "SALUDMP"."VDIR_BENEFICIARIO_PROGRAMA" ADD PRIMARY KEY ("COD_BENEFICIARIO_PROGRAMA");
 
  ALTER TABLE "SALUDMP"."VDIR_BENEFICIARIO_PROGRAMA" MODIFY ("COD_AFILIACION" NOT NULL ENABLE);
 
  ALTER TABLE "SALUDMP"."VDIR_BENEFICIARIO_PROGRAMA" MODIFY ("COD_ESTADO" NOT NULL ENABLE);
--------------------------------------------------------
--  Constraints for Table VDIR_COMUNA
--------------------------------------------------------

  ALTER TABLE "SALUDMP"."VDIR_COMUNA" MODIFY ("COD_COMUNA" NOT NULL ENABLE);
 
  ALTER TABLE "SALUDMP"."VDIR_COMUNA" MODIFY ("DES_COMUNA" NOT NULL ENABLE);
 
  ALTER TABLE "SALUDMP"."VDIR_COMUNA" MODIFY ("COD_ESTADO" NOT NULL ENABLE);
 
  ALTER TABLE "SALUDMP"."VDIR_COMUNA" ADD PRIMARY KEY ("COD_COMUNA");
--------------------------------------------------------
--  Constraints for Table VDIR_CONDICION_TARIFA
--------------------------------------------------------

  ALTER TABLE "SALUDMP"."VDIR_CONDICION_TARIFA" MODIFY ("COD_CONDICION_TARIFA" NOT NULL ENABLE);
 
  ALTER TABLE "SALUDMP"."VDIR_CONDICION_TARIFA" MODIFY ("DES_CONDICION_TARIFA" NOT NULL ENABLE);
 
  ALTER TABLE "SALUDMP"."VDIR_CONDICION_TARIFA" MODIFY ("COD_ESTADO" NOT NULL ENABLE);
 
  ALTER TABLE "SALUDMP"."VDIR_CONDICION_TARIFA" ADD PRIMARY KEY ("COD_CONDICION_TARIFA");
--------------------------------------------------------
--  Constraints for Table VDIR_CONTRATANTE_BENEFICIARIO
--------------------------------------------------------

  ALTER TABLE "SALUDMP"."VDIR_CONTRATANTE_BENEFICIARIO" MODIFY ("COD_CONTRATANTE_BENEFICIARIO" NOT NULL ENABLE);
 
  ALTER TABLE "SALUDMP"."VDIR_CONTRATANTE_BENEFICIARIO" MODIFY ("COD_CONTRATANTE" NOT NULL ENABLE);
 
  ALTER TABLE "SALUDMP"."VDIR_CONTRATANTE_BENEFICIARIO" MODIFY ("COD_BENEFICIARIO" NOT NULL ENABLE);
 
  ALTER TABLE "SALUDMP"."VDIR_CONTRATANTE_BENEFICIARIO" MODIFY ("COD_PARENTESCO" NOT NULL ENABLE);
 
  ALTER TABLE "SALUDMP"."VDIR_CONTRATANTE_BENEFICIARIO" ADD PRIMARY KEY ("COD_CONTRATANTE_BENEFICIARIO");
 
  ALTER TABLE "SALUDMP"."VDIR_CONTRATANTE_BENEFICIARIO" MODIFY ("COD_AFILIACION" NOT NULL ENABLE);
--------------------------------------------------------
--  Constraints for Table VDIR_DEPARTAMENTO
--------------------------------------------------------

  ALTER TABLE "SALUDMP"."VDIR_DEPARTAMENTO" MODIFY ("DES_DEPARTAMENTO" NOT NULL ENABLE);
 
  ALTER TABLE "SALUDMP"."VDIR_DEPARTAMENTO" MODIFY ("COD_DEPARTAMENTO" NOT NULL ENABLE);
 
  ALTER TABLE "SALUDMP"."VDIR_DEPARTAMENTO" MODIFY ("COD_PAIS" NOT NULL ENABLE);
 
  ALTER TABLE "SALUDMP"."VDIR_DEPARTAMENTO" MODIFY ("COD_ESTADO" NOT NULL ENABLE);
 
  ALTER TABLE "SALUDMP"."VDIR_DEPARTAMENTO" ADD CONSTRAINT "VDIR_DEPARTAMENTO_PK" PRIMARY KEY ("COD_DEPARTAMENTO");
--------------------------------------------------------
--  Constraints for Table VDIR_ENCUESTA
--------------------------------------------------------

  ALTER TABLE "SALUDMP"."VDIR_ENCUESTA" MODIFY ("COD_ENCUESTA" NOT NULL ENABLE);
 
  ALTER TABLE "SALUDMP"."VDIR_ENCUESTA" MODIFY ("DES_ENCUESTA" NOT NULL ENABLE);
 
  ALTER TABLE "SALUDMP"."VDIR_ENCUESTA" ADD PRIMARY KEY ("COD_ENCUESTA");
--------------------------------------------------------
--  Constraints for Table VDIR_ENCUESTA_PERSONA
--------------------------------------------------------

  ALTER TABLE "SALUDMP"."VDIR_ENCUESTA_PERSONA" MODIFY ("COD_ENCUESTA_PERSONA" NOT NULL ENABLE);
 
  ALTER TABLE "SALUDMP"."VDIR_ENCUESTA_PERSONA" MODIFY ("COD_ENCUESTA" NOT NULL ENABLE);
 
  ALTER TABLE "SALUDMP"."VDIR_ENCUESTA_PERSONA" ADD PRIMARY KEY ("COD_ENCUESTA_PERSONA");
 
  ALTER TABLE "SALUDMP"."VDIR_ENCUESTA_PERSONA" MODIFY ("FECHA_CREACION" NOT NULL ENABLE);
 
  ALTER TABLE "SALUDMP"."VDIR_ENCUESTA_PERSONA" MODIFY ("COD_AFILIACION" NOT NULL ENABLE);
--------------------------------------------------------
--  Constraints for Table VDIR_EPS
--------------------------------------------------------

  ALTER TABLE "SALUDMP"."VDIR_EPS" MODIFY ("COD_EPS" NOT NULL ENABLE);
 
  ALTER TABLE "SALUDMP"."VDIR_EPS" MODIFY ("COD_ESTADO" NOT NULL ENABLE);
 
  ALTER TABLE "SALUDMP"."VDIR_EPS" ADD CONSTRAINT "VDIR_EPS_PK" PRIMARY KEY ("COD_EPS");
--------------------------------------------------------
--  Constraints for Table VDIR_ESTADO
--------------------------------------------------------

  ALTER TABLE "SALUDMP"."VDIR_ESTADO" MODIFY ("COD_ESTADO" NOT NULL ENABLE);
 
  ALTER TABLE "SALUDMP"."VDIR_ESTADO" ADD CONSTRAINT "VDIR_ESTADO_PK" PRIMARY KEY ("COD_ESTADO");
--------------------------------------------------------
--  Constraints for Table VDIR_ESTADO_CIVIL
--------------------------------------------------------

  ALTER TABLE "SALUDMP"."VDIR_ESTADO_CIVIL" MODIFY ("COD_ESTADO_CIVIL" NOT NULL ENABLE);
 
  ALTER TABLE "SALUDMP"."VDIR_ESTADO_CIVIL" MODIFY ("COD_ESTADO" NOT NULL ENABLE);
 
  ALTER TABLE "SALUDMP"."VDIR_ESTADO_CIVIL" ADD CONSTRAINT "VDIR_ESTADO_CIVIL_PK" PRIMARY KEY ("COD_ESTADO_CIVIL");
--------------------------------------------------------
--  Constraints for Table VDIR_FACTURA
--------------------------------------------------------

  ALTER TABLE "SALUDMP"."VDIR_FACTURA" MODIFY ("COD_FACTURA" NOT NULL ENABLE);
 
  ALTER TABLE "SALUDMP"."VDIR_FACTURA" MODIFY ("TOTAL_PAGAR" NOT NULL ENABLE);
 
  ALTER TABLE "SALUDMP"."VDIR_FACTURA" MODIFY ("SUB_TOTAL" NOT NULL ENABLE);
 
  ALTER TABLE "SALUDMP"."VDIR_FACTURA" MODIFY ("COD_ESTADO" NOT NULL ENABLE);
 
  ALTER TABLE "SALUDMP"."VDIR_FACTURA" MODIFY ("COD_USUARIO" NOT NULL ENABLE);
 
  ALTER TABLE "SALUDMP"."VDIR_FACTURA" ADD PRIMARY KEY ("COD_FACTURA");
 
  ALTER TABLE "SALUDMP"."VDIR_FACTURA" MODIFY ("COD_AFILIACION" NOT NULL ENABLE);
--------------------------------------------------------
--  Constraints for Table VDIR_FACTURA_DETALLE
--------------------------------------------------------

  ALTER TABLE "SALUDMP"."VDIR_FACTURA_DETALLE" MODIFY ("COD_FACTURA_DETALLE" NOT NULL ENABLE);
 
  ALTER TABLE "SALUDMP"."VDIR_FACTURA_DETALLE" MODIFY ("VALOR_TOTAL" NOT NULL ENABLE);
 
  ALTER TABLE "SALUDMP"."VDIR_FACTURA_DETALLE" MODIFY ("SUB_TOTAL" NOT NULL ENABLE);
 
  ALTER TABLE "SALUDMP"."VDIR_FACTURA_DETALLE" MODIFY ("CANTIDAD" NOT NULL ENABLE);
 
  ALTER TABLE "SALUDMP"."VDIR_FACTURA_DETALLE" MODIFY ("COD_BENEFICIARIO_PROGRAMA" NOT NULL ENABLE);
 
  ALTER TABLE "SALUDMP"."VDIR_FACTURA_DETALLE" MODIFY ("COD_FACTURA" NOT NULL ENABLE);
 
  ALTER TABLE "SALUDMP"."VDIR_FACTURA_DETALLE" ADD PRIMARY KEY ("COD_FACTURA_DETALLE");
--------------------------------------------------------
--  Constraints for Table VDIR_FILE
--------------------------------------------------------

  ALTER TABLE "SALUDMP"."VDIR_FILE" MODIFY ("COD_FILE" NOT NULL ENABLE);
 
  ALTER TABLE "SALUDMP"."VDIR_FILE" ADD PRIMARY KEY ("COD_FILE");
--------------------------------------------------------
--  Constraints for Table VDIR_FILE_AUDITORIA
--------------------------------------------------------

  ALTER TABLE "SALUDMP"."VDIR_FILE_AUDITORIA" MODIFY ("COD_FILE_AUDITORIA" NOT NULL ENABLE);
 
  ALTER TABLE "SALUDMP"."VDIR_FILE_AUDITORIA" MODIFY ("COD_AFILIACION_AUDITORIA" NOT NULL ENABLE);
 
  ALTER TABLE "SALUDMP"."VDIR_FILE_AUDITORIA" MODIFY ("COD_FILE" NOT NULL ENABLE);
 
  ALTER TABLE "SALUDMP"."VDIR_FILE_AUDITORIA" ADD PRIMARY KEY ("COD_FILE_AUDITORIA");
 
  ALTER TABLE "SALUDMP"."VDIR_FILE_AUDITORIA" MODIFY ("COD_PERSONA" NOT NULL ENABLE);
--------------------------------------------------------
--  Constraints for Table VDIR_FILE_BENEFICIARIO
--------------------------------------------------------

  ALTER TABLE "SALUDMP"."VDIR_FILE_BENEFICIARIO" MODIFY ("COD_FILE_BENEFICIARIO" NOT NULL ENABLE);
 
  ALTER TABLE "SALUDMP"."VDIR_FILE_BENEFICIARIO" MODIFY ("COD_AFILIACION" NOT NULL ENABLE);
 
  ALTER TABLE "SALUDMP"."VDIR_FILE_BENEFICIARIO" MODIFY ("COD_FILE" NOT NULL ENABLE);
 
  ALTER TABLE "SALUDMP"."VDIR_FILE_BENEFICIARIO" ADD PRIMARY KEY ("COD_FILE_BENEFICIARIO");
 
  ALTER TABLE "SALUDMP"."VDIR_FILE_BENEFICIARIO" MODIFY ("COD_BENEFICIARIO" NOT NULL ENABLE);
--------------------------------------------------------
--  Constraints for Table VDIR_FORMA_PAGO
--------------------------------------------------------

  ALTER TABLE "SALUDMP"."VDIR_FORMA_PAGO" MODIFY ("COD_FORMA_PAGO" NOT NULL ENABLE);
 
  ALTER TABLE "SALUDMP"."VDIR_FORMA_PAGO" MODIFY ("DES_FORMA_PAGO" NOT NULL ENABLE);
 
  ALTER TABLE "SALUDMP"."VDIR_FORMA_PAGO" MODIFY ("COD_ESTADO" NOT NULL ENABLE);
 
  ALTER TABLE "SALUDMP"."VDIR_FORMA_PAGO" ADD PRIMARY KEY ("COD_FORMA_PAGO");
--------------------------------------------------------
--  Constraints for Table VDIR_IMPUESTO
--------------------------------------------------------

  ALTER TABLE "SALUDMP"."VDIR_IMPUESTO" MODIFY ("COD_IMPUESTO" NOT NULL ENABLE);
 
  ALTER TABLE "SALUDMP"."VDIR_IMPUESTO" MODIFY ("DES_IMPUESTO" NOT NULL ENABLE);
 
  ALTER TABLE "SALUDMP"."VDIR_IMPUESTO" MODIFY ("VALOR" NOT NULL ENABLE);
 
  ALTER TABLE "SALUDMP"."VDIR_IMPUESTO" MODIFY ("COD_ESTADO" NOT NULL ENABLE);
 
  ALTER TABLE "SALUDMP"."VDIR_IMPUESTO" ADD PRIMARY KEY ("COD_IMPUESTO");
--------------------------------------------------------
--  Constraints for Table VDIR_LOG_USUARIOS_SISTEMA
--------------------------------------------------------

  ALTER TABLE "SALUDMP"."VDIR_LOG_USUARIOS_SISTEMA" MODIFY ("USUARIO" NOT NULL ENABLE);
 
  ALTER TABLE "SALUDMP"."VDIR_LOG_USUARIOS_SISTEMA" MODIFY ("IP" NOT NULL ENABLE);
 
  ALTER TABLE "SALUDMP"."VDIR_LOG_USUARIOS_SISTEMA" MODIFY ("NAVEGADOR" NOT NULL ENABLE);
 
  ALTER TABLE "SALUDMP"."VDIR_LOG_USUARIOS_SISTEMA" ADD PRIMARY KEY ("COD_LOG_USUARIOS_SISTEMA");
--------------------------------------------------------
--  Constraints for Table VDIR_MENU
--------------------------------------------------------

  ALTER TABLE "SALUDMP"."VDIR_MENU" MODIFY ("COD_MENU" NOT NULL ENABLE);
 
  ALTER TABLE "SALUDMP"."VDIR_MENU" MODIFY ("DES_MENU" NOT NULL ENABLE);
 
  ALTER TABLE "SALUDMP"."VDIR_MENU" MODIFY ("DES_MENU_LINK" NOT NULL ENABLE);
 
  ALTER TABLE "SALUDMP"."VDIR_MENU" ADD PRIMARY KEY ("COD_MENU");
--------------------------------------------------------
--  Constraints for Table VDIR_MODULO_ENCUESTA
--------------------------------------------------------

  ALTER TABLE "SALUDMP"."VDIR_MODULO_ENCUESTA" MODIFY ("COD_MODULO" NOT NULL ENABLE);
 
  ALTER TABLE "SALUDMP"."VDIR_MODULO_ENCUESTA" MODIFY ("COD_ESTADO" NOT NULL ENABLE);
 
  ALTER TABLE "SALUDMP"."VDIR_MODULO_ENCUESTA" ADD PRIMARY KEY ("COD_MODULO");
 
  ALTER TABLE "SALUDMP"."VDIR_MODULO_ENCUESTA" MODIFY ("DES_MODULO" NOT NULL ENABLE);
--------------------------------------------------------
--  Constraints for Table VDIR_MONEDA
--------------------------------------------------------

  ALTER TABLE "SALUDMP"."VDIR_MONEDA" MODIFY ("COD_MONEDA" NOT NULL ENABLE);
 
  ALTER TABLE "SALUDMP"."VDIR_MONEDA" MODIFY ("DES_MONEDA" NOT NULL ENABLE);
 
  ALTER TABLE "SALUDMP"."VDIR_MONEDA" MODIFY ("COD_ESTADO" NOT NULL ENABLE);
 
  ALTER TABLE "SALUDMP"."VDIR_MONEDA" ADD PRIMARY KEY ("COD_MONEDA");
--------------------------------------------------------
--  Constraints for Table VDIR_MUNICIPIO
--------------------------------------------------------

  ALTER TABLE "SALUDMP"."VDIR_MUNICIPIO" MODIFY ("DES_MUNICIPIO" NOT NULL ENABLE);
 
  ALTER TABLE "SALUDMP"."VDIR_MUNICIPIO" MODIFY ("COD_ESTADO" NOT NULL ENABLE);
 
  ALTER TABLE "SALUDMP"."VDIR_MUNICIPIO" MODIFY ("COD_MUNICIPIO" NOT NULL ENABLE);
 
  ALTER TABLE "SALUDMP"."VDIR_MUNICIPIO" MODIFY ("COD_DEPARTAMENTO" NOT NULL ENABLE);
 
  ALTER TABLE "SALUDMP"."VDIR_MUNICIPIO" ADD CONSTRAINT "VDIR_MUNICIPIO_PK" PRIMARY KEY ("COD_MUNICIPIO");
--------------------------------------------------------
--  Constraints for Table VDIR_NUM_USUARIOS_TARIFA
--------------------------------------------------------

  ALTER TABLE "SALUDMP"."VDIR_NUM_USUARIOS_TARIFA" MODIFY ("COD_NUM_USUARIOS_TARIFA" NOT NULL ENABLE);
 
  ALTER TABLE "SALUDMP"."VDIR_NUM_USUARIOS_TARIFA" MODIFY ("DES_NUM_USUARIOS_TARIFA" NOT NULL ENABLE);
 
  ALTER TABLE "SALUDMP"."VDIR_NUM_USUARIOS_TARIFA" MODIFY ("COD_ESTADO" NOT NULL ENABLE);
 
  ALTER TABLE "SALUDMP"."VDIR_NUM_USUARIOS_TARIFA" ADD PRIMARY KEY ("COD_NUM_USUARIOS_TARIFA");
--------------------------------------------------------
--  Constraints for Table VDIR_PAIS
--------------------------------------------------------

  ALTER TABLE "SALUDMP"."VDIR_PAIS" MODIFY ("DES_PAIS" NOT NULL ENABLE);
 
  ALTER TABLE "SALUDMP"."VDIR_PAIS" MODIFY ("COD_ESTADO" NOT NULL ENABLE);
 
  ALTER TABLE "SALUDMP"."VDIR_PAIS" MODIFY ("COD_PAIS" NOT NULL ENABLE);
 
  ALTER TABLE "SALUDMP"."VDIR_PAIS" ADD CONSTRAINT "VDIR_PAIS_PK" PRIMARY KEY ("COD_PAIS");
--------------------------------------------------------
--  Constraints for Table VDIR_PARAMETRO
--------------------------------------------------------

  ALTER TABLE "SALUDMP"."VDIR_PARAMETRO" MODIFY ("COD_PARAMETRO" NOT NULL ENABLE);
 
  ALTER TABLE "SALUDMP"."VDIR_PARAMETRO" MODIFY ("DES_PARAMETRO" NOT NULL ENABLE);
 
  ALTER TABLE "SALUDMP"."VDIR_PARAMETRO" MODIFY ("VALOR_PARAMETRO" NOT NULL ENABLE);
 
  ALTER TABLE "SALUDMP"."VDIR_PARAMETRO" MODIFY ("COD_ESTADO" NOT NULL ENABLE);
 
  ALTER TABLE "SALUDMP"."VDIR_PARAMETRO" ADD PRIMARY KEY ("COD_PARAMETRO");
--------------------------------------------------------
--  Constraints for Table VDIR_PARENTESCO
--------------------------------------------------------

  ALTER TABLE "SALUDMP"."VDIR_PARENTESCO" MODIFY ("DES_PARENTESCO" NOT NULL ENABLE);
 
  ALTER TABLE "SALUDMP"."VDIR_PARENTESCO" MODIFY ("COD_ESTADO" NOT NULL ENABLE);
 
  ALTER TABLE "SALUDMP"."VDIR_PARENTESCO" MODIFY ("COD_PARENTESCO" NOT NULL ENABLE);
 
  ALTER TABLE "SALUDMP"."VDIR_PARENTESCO" ADD CONSTRAINT "VDIR_PARENTESCO_PK" PRIMARY KEY ("COD_PARENTESCO");
--------------------------------------------------------
--  Constraints for Table VDIR_PERSONA
--------------------------------------------------------

  ALTER TABLE "SALUDMP"."VDIR_PERSONA" MODIFY ("NOMBRE_1" NOT NULL ENABLE);
 
  ALTER TABLE "SALUDMP"."VDIR_PERSONA" MODIFY ("APELLIDO_1" NOT NULL ENABLE);
 
  ALTER TABLE "SALUDMP"."VDIR_PERSONA" MODIFY ("COD_ESTADO" NOT NULL ENABLE);
 
  ALTER TABLE "SALUDMP"."VDIR_PERSONA" MODIFY ("EMAIL" NOT NULL ENABLE);
 
  ALTER TABLE "SALUDMP"."VDIR_PERSONA" MODIFY ("FECHA_CREACION" NOT NULL ENABLE);
 
  ALTER TABLE "SALUDMP"."VDIR_PERSONA" MODIFY ("COD_PERSONA" NOT NULL ENABLE);
 
  ALTER TABLE "SALUDMP"."VDIR_PERSONA" MODIFY ("COD_TIPO_IDENTIFICACION" NOT NULL ENABLE);
 
  ALTER TABLE "SALUDMP"."VDIR_PERSONA" MODIFY ("NUMERO_IDENTIFICACION" NOT NULL ENABLE);
 
  ALTER TABLE "SALUDMP"."VDIR_PERSONA" ADD CONSTRAINT "VDIR_USUARIO_PKV2" PRIMARY KEY ("COD_PERSONA");
--------------------------------------------------------
--  Constraints for Table VDIR_PERSONA_CONTRATO
--------------------------------------------------------

  ALTER TABLE "SALUDMP"."VDIR_PERSONA_CONTRATO" MODIFY ("COD_PERSONA_CONTRATO" NOT NULL ENABLE);
 
  ALTER TABLE "SALUDMP"."VDIR_PERSONA_CONTRATO" MODIFY ("COD_PERSONA" NOT NULL ENABLE);
 
  ALTER TABLE "SALUDMP"."VDIR_PERSONA_CONTRATO" MODIFY ("COD_PROGRAMA" NOT NULL ENABLE);
 
  ALTER TABLE "SALUDMP"."VDIR_PERSONA_CONTRATO" MODIFY ("COD_AFILIACION" NOT NULL ENABLE);
 
  ALTER TABLE "SALUDMP"."VDIR_PERSONA_CONTRATO" ADD PRIMARY KEY ("COD_PERSONA_CONTRATO");
 
  ALTER TABLE "SALUDMP"."VDIR_PERSONA_CONTRATO" MODIFY ("NUMERO_CONTRATO_ADOBE" NOT NULL ENABLE);
 
  ALTER TABLE "SALUDMP"."VDIR_PERSONA_CONTRATO" MODIFY ("FECHA_CREACION" NOT NULL ENABLE);
--------------------------------------------------------
--  Constraints for Table VDIR_PERSONA_TIPOPER
--------------------------------------------------------

  ALTER TABLE "SALUDMP"."VDIR_PERSONA_TIPOPER" MODIFY ("COD_PERSONA_TIPOPER" NOT NULL ENABLE);
 
  ALTER TABLE "SALUDMP"."VDIR_PERSONA_TIPOPER" MODIFY ("COD_PERSONA" NOT NULL ENABLE);
 
  ALTER TABLE "SALUDMP"."VDIR_PERSONA_TIPOPER" MODIFY ("COD_TIPO_PERSONA" NOT NULL ENABLE);
 
  ALTER TABLE "SALUDMP"."VDIR_PERSONA_TIPOPER" ADD CONSTRAINT "VDIR_PERSONA_TIPOPER_PK" PRIMARY KEY ("COD_PERSONA_TIPOPER");
--------------------------------------------------------
--  Constraints for Table VDIR_PLAN
--------------------------------------------------------

  ALTER TABLE "SALUDMP"."VDIR_PLAN" MODIFY ("DES_PLAN" NOT NULL ENABLE);
 
  ALTER TABLE "SALUDMP"."VDIR_PLAN" MODIFY ("COD_PLAN" NOT NULL ENABLE);
 
  ALTER TABLE "SALUDMP"."VDIR_PLAN" MODIFY ("COD_ESTADO" NOT NULL ENABLE);
 
  ALTER TABLE "SALUDMP"."VDIR_PLAN" ADD CONSTRAINT "VDIR_PLAN_PK" PRIMARY KEY ("COD_PLAN");
--------------------------------------------------------
--  Constraints for Table VDIR_PLAN_PROGRAMA
--------------------------------------------------------

  ALTER TABLE "SALUDMP"."VDIR_PLAN_PROGRAMA" MODIFY ("COD_PLAN_PROGRAMA" NOT NULL ENABLE);
 
  ALTER TABLE "SALUDMP"."VDIR_PLAN_PROGRAMA" MODIFY ("COD_PLAN" NOT NULL ENABLE);
 
  ALTER TABLE "SALUDMP"."VDIR_PLAN_PROGRAMA" MODIFY ("COD_PROGRAMA" NOT NULL ENABLE);
 
  ALTER TABLE "SALUDMP"."VDIR_PLAN_PROGRAMA" MODIFY ("COD_ESTADO" NOT NULL ENABLE);
 
  ALTER TABLE "SALUDMP"."VDIR_PLAN_PROGRAMA" ADD PRIMARY KEY ("COD_PLAN_PROGRAMA");
--------------------------------------------------------
--  Constraints for Table VDIR_PREGUNTA
--------------------------------------------------------

  ALTER TABLE "SALUDMP"."VDIR_PREGUNTA" MODIFY ("COD_PREGUNTA" NOT NULL ENABLE);
 
  ALTER TABLE "SALUDMP"."VDIR_PREGUNTA" MODIFY ("DES_PREGUNTA" NOT NULL ENABLE);
 
  ALTER TABLE "SALUDMP"."VDIR_PREGUNTA" MODIFY ("COD_ENCUESTA" NOT NULL ENABLE);
 
  ALTER TABLE "SALUDMP"."VDIR_PREGUNTA" ADD PRIMARY KEY ("COD_PREGUNTA");
--------------------------------------------------------
--  Constraints for Table VDIR_PRODUCTO
--------------------------------------------------------

  ALTER TABLE "SALUDMP"."VDIR_PRODUCTO" MODIFY ("DES_PRODUCTO" NOT NULL ENABLE);
 
  ALTER TABLE "SALUDMP"."VDIR_PRODUCTO" MODIFY ("COD_PRODUCTO" NOT NULL ENABLE);
 
  ALTER TABLE "SALUDMP"."VDIR_PRODUCTO" MODIFY ("COD_ESTADO" NOT NULL ENABLE);
 
  ALTER TABLE "SALUDMP"."VDIR_PRODUCTO" ADD CONSTRAINT "VDIR_PRODUCTO_PK" PRIMARY KEY ("COD_PRODUCTO");
--------------------------------------------------------
--  Constraints for Table VDIR_PROGRAMA
--------------------------------------------------------

  ALTER TABLE "SALUDMP"."VDIR_PROGRAMA" MODIFY ("DES_PROGRAMA" NOT NULL ENABLE);
 
  ALTER TABLE "SALUDMP"."VDIR_PROGRAMA" MODIFY ("COD_PROGRAMA" NOT NULL ENABLE);
 
  ALTER TABLE "SALUDMP"."VDIR_PROGRAMA" MODIFY ("COD_PRODUCTO" NOT NULL ENABLE);
 
  ALTER TABLE "SALUDMP"."VDIR_PROGRAMA" MODIFY ("COD_ESTADO" NOT NULL ENABLE);
 
  ALTER TABLE "SALUDMP"."VDIR_PROGRAMA" ADD CONSTRAINT "VDIR_PROGRAMA_PK" PRIMARY KEY ("COD_PROGRAMA");
--------------------------------------------------------
--  Constraints for Table VDIR_PROGRAMA_FILE
--------------------------------------------------------

  ALTER TABLE "SALUDMP"."VDIR_PROGRAMA_FILE" MODIFY ("COD_PROGRAMA_FILE" NOT NULL ENABLE);
 
  ALTER TABLE "SALUDMP"."VDIR_PROGRAMA_FILE" MODIFY ("COD_FILE" NOT NULL ENABLE);
 
  ALTER TABLE "SALUDMP"."VDIR_PROGRAMA_FILE" MODIFY ("COD_PROGRAMA" NOT NULL ENABLE);
 
  ALTER TABLE "SALUDMP"."VDIR_PROGRAMA_FILE" ADD PRIMARY KEY ("COD_PROGRAMA_FILE");
--------------------------------------------------------
--  Constraints for Table VDIR_RESPUESTA
--------------------------------------------------------

  ALTER TABLE "SALUDMP"."VDIR_RESPUESTA" MODIFY ("COD_RESPUESTA" NOT NULL ENABLE);
 
  ALTER TABLE "SALUDMP"."VDIR_RESPUESTA" MODIFY ("DES_RESPUESTA" NOT NULL ENABLE);
 
  ALTER TABLE "SALUDMP"."VDIR_RESPUESTA" MODIFY ("COD_PREGUNTA" NOT NULL ENABLE);
 
  ALTER TABLE "SALUDMP"."VDIR_RESPUESTA" ADD PRIMARY KEY ("COD_RESPUESTA");
 
  ALTER TABLE "SALUDMP"."VDIR_RESPUESTA" MODIFY ("NUMERO_RESPUESTA" NOT NULL ENABLE);
--------------------------------------------------------
--  Constraints for Table VDIR_RESPUESTAS_MARCADAS
--------------------------------------------------------

  ALTER TABLE "SALUDMP"."VDIR_RESPUESTAS_MARCADAS" MODIFY ("COD_RESPUESTAS_MARCADAS" NOT NULL ENABLE);
 
  ALTER TABLE "SALUDMP"."VDIR_RESPUESTAS_MARCADAS" MODIFY ("COD_RESPUESTA" NOT NULL ENABLE);
 
  ALTER TABLE "SALUDMP"."VDIR_RESPUESTAS_MARCADAS" ADD PRIMARY KEY ("COD_RESPUESTAS_MARCADAS");
 
  ALTER TABLE "SALUDMP"."VDIR_RESPUESTAS_MARCADAS" MODIFY ("COD_PREGUNTA" NOT NULL ENABLE);
--------------------------------------------------------
--  Constraints for Table VDIR_ROL
--------------------------------------------------------

  ALTER TABLE "SALUDMP"."VDIR_ROL" MODIFY ("DES_ROL" NOT NULL ENABLE);
 
  ALTER TABLE "SALUDMP"."VDIR_ROL" MODIFY ("COD_ROL" NOT NULL ENABLE);
 
  ALTER TABLE "SALUDMP"."VDIR_ROL" MODIFY ("COD_ESTADO" NOT NULL ENABLE);
 
  ALTER TABLE "SALUDMP"."VDIR_ROL" ADD CONSTRAINT "VDIR_ROL_PK" PRIMARY KEY ("COD_ROL");
--------------------------------------------------------
--  Constraints for Table VDIR_ROL_USUARIO
--------------------------------------------------------

  ALTER TABLE "SALUDMP"."VDIR_ROL_USUARIO" MODIFY ("COD_ROL_USUARIO" NOT NULL ENABLE);
 
  ALTER TABLE "SALUDMP"."VDIR_ROL_USUARIO" MODIFY ("COD_USUARIO" NOT NULL ENABLE);
 
  ALTER TABLE "SALUDMP"."VDIR_ROL_USUARIO" MODIFY ("COD_ROL" NOT NULL ENABLE);
 
  ALTER TABLE "SALUDMP"."VDIR_ROL_USUARIO" ADD CONSTRAINT "VDIR_ROL_USUARIO_PK" PRIMARY KEY ("COD_ROL_USUARIO");
--------------------------------------------------------
--  Constraints for Table VDIR_SEGURO
--------------------------------------------------------

  ALTER TABLE "SALUDMP"."VDIR_SEGURO" MODIFY ("COD_SEGURO" NOT NULL ENABLE);
 
  ALTER TABLE "SALUDMP"."VDIR_SEGURO" MODIFY ("DES_SEGURO" NOT NULL ENABLE);
 
  ALTER TABLE "SALUDMP"."VDIR_SEGURO" MODIFY ("COD_PROGRAMA" NOT NULL ENABLE);
 
  ALTER TABLE "SALUDMP"."VDIR_SEGURO" MODIFY ("VALOR" NOT NULL ENABLE);
 
  ALTER TABLE "SALUDMP"."VDIR_SEGURO" MODIFY ("COD_ESTADO" NOT NULL ENABLE);
 
  ALTER TABLE "SALUDMP"."VDIR_SEGURO" ADD PRIMARY KEY ("COD_SEGURO");
--------------------------------------------------------
--  Constraints for Table VDIR_SEXO
--------------------------------------------------------

  ALTER TABLE "SALUDMP"."VDIR_SEXO" MODIFY ("DES_SEXO" NOT NULL ENABLE);
 
  ALTER TABLE "SALUDMP"."VDIR_SEXO" MODIFY ("DES_ABR" NOT NULL ENABLE);
 
  ALTER TABLE "SALUDMP"."VDIR_SEXO" MODIFY ("COD_SEXO" NOT NULL ENABLE);
 
  ALTER TABLE "SALUDMP"."VDIR_SEXO" MODIFY ("COD_ESTADO" NOT NULL ENABLE);
 
  ALTER TABLE "SALUDMP"."VDIR_SEXO" ADD CONSTRAINT "VDIR_SEXO_PK" PRIMARY KEY ("COD_SEXO");
--------------------------------------------------------
--  Constraints for Table VDIR_TARIFA
--------------------------------------------------------

  ALTER TABLE "SALUDMP"."VDIR_TARIFA" MODIFY ("COD_TARIFA" NOT NULL ENABLE);
 
  ALTER TABLE "SALUDMP"."VDIR_TARIFA" MODIFY ("COD_PLAN_PROGRAMA" NOT NULL ENABLE);
 
  ALTER TABLE "SALUDMP"."VDIR_TARIFA" MODIFY ("COD_TIPO_TARIFA" NOT NULL ENABLE);
 
  ALTER TABLE "SALUDMP"."VDIR_TARIFA" MODIFY ("COD_PLAN" NOT NULL ENABLE);
 
  ALTER TABLE "SALUDMP"."VDIR_TARIFA" MODIFY ("COD_ESTADO" NOT NULL ENABLE);
 
  ALTER TABLE "SALUDMP"."VDIR_TARIFA" ADD CONSTRAINT "VDIR_TARIFA_PK" PRIMARY KEY ("COD_TARIFA");
--------------------------------------------------------
--  Constraints for Table VDIR_TARIFA_FILE
--------------------------------------------------------

  ALTER TABLE "SALUDMP"."VDIR_TARIFA_FILE" MODIFY ("COD_TARIFA_FILE" NOT NULL ENABLE);
 
  ALTER TABLE "SALUDMP"."VDIR_TARIFA_FILE" MODIFY ("COD_TARIFA" NOT NULL ENABLE);
 
  ALTER TABLE "SALUDMP"."VDIR_TARIFA_FILE" MODIFY ("COD_FILE" NOT NULL ENABLE);
 
  ALTER TABLE "SALUDMP"."VDIR_TARIFA_FILE" ADD PRIMARY KEY ("COD_TARIFA_FILE");
--------------------------------------------------------
--  Constraints for Table VDIR_TIPO_FILE
--------------------------------------------------------

  ALTER TABLE "SALUDMP"."VDIR_TIPO_FILE" MODIFY ("COD_TIPO_FILE" NOT NULL ENABLE);
 
  ALTER TABLE "SALUDMP"."VDIR_TIPO_FILE" MODIFY ("DES_TIPO_FILE" NOT NULL ENABLE);
 
  ALTER TABLE "SALUDMP"."VDIR_TIPO_FILE" MODIFY ("COD_ESTADO" NOT NULL ENABLE);
 
  ALTER TABLE "SALUDMP"."VDIR_TIPO_FILE" ADD PRIMARY KEY ("COD_TIPO_FILE");
--------------------------------------------------------
--  Constraints for Table VDIR_TIPO_IDENTIFICACION
--------------------------------------------------------

  ALTER TABLE "SALUDMP"."VDIR_TIPO_IDENTIFICACION" MODIFY ("DES_TIPO_IDENTIFICACION" NOT NULL ENABLE);
 
  ALTER TABLE "SALUDMP"."VDIR_TIPO_IDENTIFICACION" MODIFY ("DES_ABR" NOT NULL ENABLE);
 
  ALTER TABLE "SALUDMP"."VDIR_TIPO_IDENTIFICACION" MODIFY ("COD_TIPO_IDENTIFICACION" NOT NULL ENABLE);
 
  ALTER TABLE "SALUDMP"."VDIR_TIPO_IDENTIFICACION" MODIFY ("COD_ESTADO" NOT NULL ENABLE);
 
  ALTER TABLE "SALUDMP"."VDIR_TIPO_IDENTIFICACION" ADD CONSTRAINT "VDIR_TIPO_IDENTIFICACION_PK" PRIMARY KEY ("COD_TIPO_IDENTIFICACION");
--------------------------------------------------------
--  Constraints for Table VDIR_TIPO_PAGO
--------------------------------------------------------

  ALTER TABLE "SALUDMP"."VDIR_TIPO_PAGO" MODIFY ("COD_TIPO_PAGO" NOT NULL ENABLE);
 
  ALTER TABLE "SALUDMP"."VDIR_TIPO_PAGO" MODIFY ("DES_TIPO_PAGO" NOT NULL ENABLE);
 
  ALTER TABLE "SALUDMP"."VDIR_TIPO_PAGO" MODIFY ("COD_ESTADO" NOT NULL ENABLE);
 
  ALTER TABLE "SALUDMP"."VDIR_TIPO_PAGO" ADD PRIMARY KEY ("COD_TIPO_PAGO");
--------------------------------------------------------
--  Constraints for Table VDIR_TIPO_PERSONA
--------------------------------------------------------

  ALTER TABLE "SALUDMP"."VDIR_TIPO_PERSONA" MODIFY ("DES_TIPO_PERSONA" NOT NULL ENABLE);
 
  ALTER TABLE "SALUDMP"."VDIR_TIPO_PERSONA" MODIFY ("COD_ESTADO" NOT NULL ENABLE);
 
  ALTER TABLE "SALUDMP"."VDIR_TIPO_PERSONA" MODIFY ("COD_TIPO_PERSONA" NOT NULL ENABLE);
 
  ALTER TABLE "SALUDMP"."VDIR_TIPO_PERSONA" ADD CONSTRAINT "VDIR_TIPO_PERSONA_PK" PRIMARY KEY ("COD_TIPO_PERSONA");
--------------------------------------------------------
--  Constraints for Table VDIR_TIPO_SOLICITUD
--------------------------------------------------------

  ALTER TABLE "SALUDMP"."VDIR_TIPO_SOLICITUD" MODIFY ("COD_TIPO_SOLICITUD" NOT NULL ENABLE);
 
  ALTER TABLE "SALUDMP"."VDIR_TIPO_SOLICITUD" MODIFY ("DES_TIPO_SOLICITUD" NOT NULL ENABLE);
 
  ALTER TABLE "SALUDMP"."VDIR_TIPO_SOLICITUD" MODIFY ("COD_ESTADO" NOT NULL ENABLE);
 
  ALTER TABLE "SALUDMP"."VDIR_TIPO_SOLICITUD" ADD PRIMARY KEY ("COD_TIPO_SOLICITUD");
--------------------------------------------------------
--  Constraints for Table VDIR_TIPO_TARIFA
--------------------------------------------------------

  ALTER TABLE "SALUDMP"."VDIR_TIPO_TARIFA" MODIFY ("COD_TIPO_TARIFA" NOT NULL ENABLE);
 
  ALTER TABLE "SALUDMP"."VDIR_TIPO_TARIFA" MODIFY ("DES_TIPO_TARIFA" NOT NULL ENABLE);
 
  ALTER TABLE "SALUDMP"."VDIR_TIPO_TARIFA" MODIFY ("COD_ESTADO" NOT NULL ENABLE);
 
  ALTER TABLE "SALUDMP"."VDIR_TIPO_TARIFA" ADD PRIMARY KEY ("COD_TIPO_TARIFA");
--------------------------------------------------------
--  Constraints for Table VDIR_TIPO_VIA
--------------------------------------------------------

  ALTER TABLE "SALUDMP"."VDIR_TIPO_VIA" MODIFY ("COD_TIPO_VIA" NOT NULL ENABLE);
 
  ALTER TABLE "SALUDMP"."VDIR_TIPO_VIA" MODIFY ("COD_ESTADO" NOT NULL ENABLE);
 
  ALTER TABLE "SALUDMP"."VDIR_TIPO_VIA" ADD CONSTRAINT "VDIR_TIPO_VIA_PK" PRIMARY KEY ("COD_TIPO_VIA");
--------------------------------------------------------
--  Constraints for Table VDIR_USUARIO
--------------------------------------------------------

  ALTER TABLE "SALUDMP"."VDIR_USUARIO" MODIFY ("CLAVE" NOT NULL ENABLE);
 
  ALTER TABLE "SALUDMP"."VDIR_USUARIO" MODIFY ("COD_PERSONA" NOT NULL ENABLE);
 
  ALTER TABLE "SALUDMP"."VDIR_USUARIO" MODIFY ("COD_USUARIO" NOT NULL ENABLE);
 
  ALTER TABLE "SALUDMP"."VDIR_USUARIO" MODIFY ("LOGIN" NOT NULL ENABLE);
 
  ALTER TABLE "SALUDMP"."VDIR_USUARIO" MODIFY ("COD_ESTADO" NOT NULL ENABLE);
 
  ALTER TABLE "SALUDMP"."VDIR_USUARIO" ADD CONSTRAINT "VDIR_USUARIO_PK" PRIMARY KEY ("COD_USUARIO");
--------------------------------------------------------
--  Ref Constraints for Table VDIR_AFILIACION
--------------------------------------------------------

  ALTER TABLE "SALUDMP"."VDIR_AFILIACION" ADD CONSTRAINT "FK_COD_ESTADO_003" FOREIGN KEY ("COD_ESTADO")
	  REFERENCES "SALUDMP"."VDIR_ESTADO" ("COD_ESTADO") ENABLE;
--------------------------------------------------------
--  Ref Constraints for Table VDIR_AFILIACION_AUDITORIA
--------------------------------------------------------

  ALTER TABLE "SALUDMP"."VDIR_AFILIACION_AUDITORIA" ADD FOREIGN KEY ("COD_AFILIACION")
	  REFERENCES "SALUDMP"."VDIR_AFILIACION" ("COD_AFILIACION") ENABLE;
 
  ALTER TABLE "SALUDMP"."VDIR_AFILIACION_AUDITORIA" ADD FOREIGN KEY ("COD_AUDITOR")
	  REFERENCES "SALUDMP"."VDIR_USUARIO" ("COD_USUARIO") ENABLE;
 
  ALTER TABLE "SALUDMP"."VDIR_AFILIACION_AUDITORIA" ADD FOREIGN KEY ("COD_ESTADO")
	  REFERENCES "SALUDMP"."VDIR_ESTADO" ("COD_ESTADO") ENABLE;
--------------------------------------------------------
--  Ref Constraints for Table VDIR_BARRIO
--------------------------------------------------------

  ALTER TABLE "SALUDMP"."VDIR_BARRIO" ADD FOREIGN KEY ("COD_ESTADO")
	  REFERENCES "SALUDMP"."VDIR_ESTADO" ("COD_ESTADO") ENABLE;
 
  ALTER TABLE "SALUDMP"."VDIR_BARRIO" ADD FOREIGN KEY ("COD_MUNICIPIO")
	  REFERENCES "SALUDMP"."VDIR_MUNICIPIO" ("COD_MUNICIPIO") ENABLE;
 
  ALTER TABLE "SALUDMP"."VDIR_BARRIO" ADD FOREIGN KEY ("COD_COMUNA")
	  REFERENCES "SALUDMP"."VDIR_COMUNA" ("COD_COMUNA") ENABLE;
--------------------------------------------------------
--  Ref Constraints for Table VDIR_BENEFICIARIO_PROGRAMA
--------------------------------------------------------

  ALTER TABLE "SALUDMP"."VDIR_BENEFICIARIO_PROGRAMA" ADD CONSTRAINT "FK_AFILIACION_02" FOREIGN KEY ("COD_AFILIACION")
	  REFERENCES "SALUDMP"."VDIR_AFILIACION" ("COD_AFILIACION") ENABLE;
 
  ALTER TABLE "SALUDMP"."VDIR_BENEFICIARIO_PROGRAMA" ADD FOREIGN KEY ("COD_PROGRAMA")
	  REFERENCES "SALUDMP"."VDIR_PROGRAMA" ("COD_PROGRAMA") ENABLE;
 
  ALTER TABLE "SALUDMP"."VDIR_BENEFICIARIO_PROGRAMA" ADD FOREIGN KEY ("COD_BENEFICIARIO")
	  REFERENCES "SALUDMP"."VDIR_PERSONA" ("COD_PERSONA") ENABLE;
 
  ALTER TABLE "SALUDMP"."VDIR_BENEFICIARIO_PROGRAMA" ADD FOREIGN KEY ("COD_TARIFA")
	  REFERENCES "SALUDMP"."VDIR_TARIFA" ("COD_TARIFA") ENABLE;
 
  ALTER TABLE "SALUDMP"."VDIR_BENEFICIARIO_PROGRAMA" ADD CONSTRAINT "VDIR_BENEFICIARIO_PROGRAM_FK1" FOREIGN KEY ("COD_ESTADO")
	  REFERENCES "SALUDMP"."VDIR_ESTADO" ("COD_ESTADO") ENABLE;
--------------------------------------------------------
--  Ref Constraints for Table VDIR_COMUNA
--------------------------------------------------------

  ALTER TABLE "SALUDMP"."VDIR_COMUNA" ADD FOREIGN KEY ("COD_ESTADO")
	  REFERENCES "SALUDMP"."VDIR_ESTADO" ("COD_ESTADO") ENABLE;
--------------------------------------------------------
--  Ref Constraints for Table VDIR_CONDICION_TARIFA
--------------------------------------------------------

  ALTER TABLE "SALUDMP"."VDIR_CONDICION_TARIFA" ADD FOREIGN KEY ("COD_ESTADO")
	  REFERENCES "SALUDMP"."VDIR_ESTADO" ("COD_ESTADO") ENABLE;
--------------------------------------------------------
--  Ref Constraints for Table VDIR_CONTRATANTE_BENEFICIARIO
--------------------------------------------------------

  ALTER TABLE "SALUDMP"."VDIR_CONTRATANTE_BENEFICIARIO" ADD CONSTRAINT "FK_AFILIACION_01" FOREIGN KEY ("COD_AFILIACION")
	  REFERENCES "SALUDMP"."VDIR_AFILIACION" ("COD_AFILIACION") ENABLE;
 
  ALTER TABLE "SALUDMP"."VDIR_CONTRATANTE_BENEFICIARIO" ADD CONSTRAINT "FK_TIPO_SOLICITUD" FOREIGN KEY ("COD_TIPO_SOLICITUD")
	  REFERENCES "SALUDMP"."VDIR_TIPO_SOLICITUD" ("COD_TIPO_SOLICITUD") ENABLE;
 
  ALTER TABLE "SALUDMP"."VDIR_CONTRATANTE_BENEFICIARIO" ADD FOREIGN KEY ("COD_CONTRATANTE")
	  REFERENCES "SALUDMP"."VDIR_PERSONA" ("COD_PERSONA") ENABLE;
 
  ALTER TABLE "SALUDMP"."VDIR_CONTRATANTE_BENEFICIARIO" ADD FOREIGN KEY ("COD_BENEFICIARIO")
	  REFERENCES "SALUDMP"."VDIR_PERSONA" ("COD_PERSONA") ENABLE;
 
  ALTER TABLE "SALUDMP"."VDIR_CONTRATANTE_BENEFICIARIO" ADD FOREIGN KEY ("COD_PARENTESCO")
	  REFERENCES "SALUDMP"."VDIR_PARENTESCO" ("COD_PARENTESCO") ENABLE;
 
  ALTER TABLE "SALUDMP"."VDIR_CONTRATANTE_BENEFICIARIO" ADD CONSTRAINT "VDIR_CONTRATANTE_BENEFICI_FK1" FOREIGN KEY ("COD_ESTADO")
	  REFERENCES "SALUDMP"."VDIR_ESTADO" ("COD_ESTADO") ENABLE;
--------------------------------------------------------
--  Ref Constraints for Table VDIR_DEPARTAMENTO
--------------------------------------------------------

  ALTER TABLE "SALUDMP"."VDIR_DEPARTAMENTO" ADD CONSTRAINT "DEPARTAMENTO_PAIS_FK" FOREIGN KEY ("COD_PAIS")
	  REFERENCES "SALUDMP"."VDIR_PAIS" ("COD_PAIS") ENABLE;
--------------------------------------------------------
--  Ref Constraints for Table VDIR_ENCUESTA_PERSONA
--------------------------------------------------------

  ALTER TABLE "SALUDMP"."VDIR_ENCUESTA_PERSONA" ADD CONSTRAINT "FK_CONTRATANTE01" FOREIGN KEY ("COD_PERSONA")
	  REFERENCES "SALUDMP"."VDIR_PERSONA" ("COD_PERSONA") ENABLE;
 
  ALTER TABLE "SALUDMP"."VDIR_ENCUESTA_PERSONA" ADD FOREIGN KEY ("COD_ENCUESTA")
	  REFERENCES "SALUDMP"."VDIR_ENCUESTA" ("COD_ENCUESTA") ENABLE;
--------------------------------------------------------
--  Ref Constraints for Table VDIR_FACTURA
--------------------------------------------------------

  ALTER TABLE "SALUDMP"."VDIR_FACTURA" ADD FOREIGN KEY ("COD_TIPO_PAGO")
	  REFERENCES "SALUDMP"."VDIR_TIPO_PAGO" ("COD_TIPO_PAGO") ENABLE;
 
  ALTER TABLE "SALUDMP"."VDIR_FACTURA" ADD FOREIGN KEY ("COD_FORMA_PAGO")
	  REFERENCES "SALUDMP"."VDIR_FORMA_PAGO" ("COD_FORMA_PAGO") ENABLE;
 
  ALTER TABLE "SALUDMP"."VDIR_FACTURA" ADD FOREIGN KEY ("COD_ESTADO")
	  REFERENCES "SALUDMP"."VDIR_ESTADO" ("COD_ESTADO") ENABLE;
 
  ALTER TABLE "SALUDMP"."VDIR_FACTURA" ADD FOREIGN KEY ("COD_USUARIO")
	  REFERENCES "SALUDMP"."VDIR_USUARIO" ("COD_USUARIO") ENABLE;
 
  ALTER TABLE "SALUDMP"."VDIR_FACTURA" ADD CONSTRAINT "VDIR_FACTURA_FK1" FOREIGN KEY ("COD_AFILIACION")
	  REFERENCES "SALUDMP"."VDIR_AFILIACION" ("COD_AFILIACION") ENABLE;
--------------------------------------------------------
--  Ref Constraints for Table VDIR_FACTURA_DETALLE
--------------------------------------------------------

  ALTER TABLE "SALUDMP"."VDIR_FACTURA_DETALLE" ADD CONSTRAINT "FK_BENE_IMPUEST" FOREIGN KEY ("COD_BENEFICIARIO_PROGRAMA")
	  REFERENCES "SALUDMP"."VDIR_BENEFICIARIO_PROGRAMA" ("COD_BENEFICIARIO_PROGRAMA") ENABLE;
 
  ALTER TABLE "SALUDMP"."VDIR_FACTURA_DETALLE" ADD FOREIGN KEY ("COD_FACTURA")
	  REFERENCES "SALUDMP"."VDIR_FACTURA" ("COD_FACTURA") ENABLE;
--------------------------------------------------------
--  Ref Constraints for Table VDIR_FILE
--------------------------------------------------------

  ALTER TABLE "SALUDMP"."VDIR_FILE" ADD FOREIGN KEY ("COD_TIPO_FILE")
	  REFERENCES "SALUDMP"."VDIR_TIPO_FILE" ("COD_TIPO_FILE") ENABLE;
--------------------------------------------------------
--  Ref Constraints for Table VDIR_FILE_AUDITORIA
--------------------------------------------------------

  ALTER TABLE "SALUDMP"."VDIR_FILE_AUDITORIA" ADD FOREIGN KEY ("COD_AFILIACION_AUDITORIA")
	  REFERENCES "SALUDMP"."VDIR_AFILIACION_AUDITORIA" ("COD_AFILIACION_AUDITORIA") ENABLE;
 
  ALTER TABLE "SALUDMP"."VDIR_FILE_AUDITORIA" ADD FOREIGN KEY ("COD_FILE")
	  REFERENCES "SALUDMP"."VDIR_FILE" ("COD_FILE") ENABLE;
 
  ALTER TABLE "SALUDMP"."VDIR_FILE_AUDITORIA" ADD CONSTRAINT "VDIR_FILE_AUDITORIA_FK1" FOREIGN KEY ("COD_PERSONA")
	  REFERENCES "SALUDMP"."VDIR_PERSONA" ("COD_PERSONA") ENABLE;
--------------------------------------------------------
--  Ref Constraints for Table VDIR_FILE_BENEFICIARIO
--------------------------------------------------------

  ALTER TABLE "SALUDMP"."VDIR_FILE_BENEFICIARIO" ADD CONSTRAINT "FK_AFILIACION" FOREIGN KEY ("COD_AFILIACION")
	  REFERENCES "SALUDMP"."VDIR_AFILIACION" ("COD_AFILIACION") ENABLE;
 
  ALTER TABLE "SALUDMP"."VDIR_FILE_BENEFICIARIO" ADD CONSTRAINT "FK_BENEFICIARIO_1" FOREIGN KEY ("COD_BENEFICIARIO")
	  REFERENCES "SALUDMP"."VDIR_PERSONA" ("COD_PERSONA") ENABLE;
 
  ALTER TABLE "SALUDMP"."VDIR_FILE_BENEFICIARIO" ADD FOREIGN KEY ("COD_FILE")
	  REFERENCES "SALUDMP"."VDIR_FILE" ("COD_FILE") ENABLE;
--------------------------------------------------------
--  Ref Constraints for Table VDIR_FORMA_PAGO
--------------------------------------------------------

  ALTER TABLE "SALUDMP"."VDIR_FORMA_PAGO" ADD FOREIGN KEY ("COD_ESTADO")
	  REFERENCES "SALUDMP"."VDIR_ESTADO" ("COD_ESTADO") ENABLE;
--------------------------------------------------------
--  Ref Constraints for Table VDIR_IMPUESTO
--------------------------------------------------------

  ALTER TABLE "SALUDMP"."VDIR_IMPUESTO" ADD FOREIGN KEY ("COD_ESTADO")
	  REFERENCES "SALUDMP"."VDIR_ESTADO" ("COD_ESTADO") ENABLE;
--------------------------------------------------------
--  Ref Constraints for Table VDIR_MODULO_ENCUESTA
--------------------------------------------------------

  ALTER TABLE "SALUDMP"."VDIR_MODULO_ENCUESTA" ADD FOREIGN KEY ("COD_ESTADO")
	  REFERENCES "SALUDMP"."VDIR_ESTADO" ("COD_ESTADO") ENABLE;
--------------------------------------------------------
--  Ref Constraints for Table VDIR_MONEDA
--------------------------------------------------------

  ALTER TABLE "SALUDMP"."VDIR_MONEDA" ADD FOREIGN KEY ("COD_ESTADO")
	  REFERENCES "SALUDMP"."VDIR_ESTADO" ("COD_ESTADO") ENABLE;
--------------------------------------------------------
--  Ref Constraints for Table VDIR_MUNICIPIO
--------------------------------------------------------

  ALTER TABLE "SALUDMP"."VDIR_MUNICIPIO" ADD CONSTRAINT "MUNICIPIO_DEPARTAMENTO_FK" FOREIGN KEY ("COD_DEPARTAMENTO")
	  REFERENCES "SALUDMP"."VDIR_DEPARTAMENTO" ("COD_DEPARTAMENTO") ENABLE;
--------------------------------------------------------
--  Ref Constraints for Table VDIR_NUM_USUARIOS_TARIFA
--------------------------------------------------------

  ALTER TABLE "SALUDMP"."VDIR_NUM_USUARIOS_TARIFA" ADD FOREIGN KEY ("COD_ESTADO")
	  REFERENCES "SALUDMP"."VDIR_ESTADO" ("COD_ESTADO") ENABLE;
--------------------------------------------------------
--  Ref Constraints for Table VDIR_PARAMETRO
--------------------------------------------------------

  ALTER TABLE "SALUDMP"."VDIR_PARAMETRO" ADD FOREIGN KEY ("COD_ESTADO")
	  REFERENCES "SALUDMP"."VDIR_ESTADO" ("COD_ESTADO") ENABLE;
--------------------------------------------------------
--  Ref Constraints for Table VDIR_PERSONA
--------------------------------------------------------

  ALTER TABLE "SALUDMP"."VDIR_PERSONA" ADD CONSTRAINT "PERSONA_EPS_FK" FOREIGN KEY ("COD_EPS")
	  REFERENCES "SALUDMP"."VDIR_EPS" ("COD_EPS") ENABLE;
 
  ALTER TABLE "SALUDMP"."VDIR_PERSONA" ADD CONSTRAINT "PERSONA_ESTADO_CIVIL_FK" FOREIGN KEY ("COD_ESTADO_CIVIL")
	  REFERENCES "SALUDMP"."VDIR_ESTADO_CIVIL" ("COD_ESTADO_CIVIL") ENABLE;
 
  ALTER TABLE "SALUDMP"."VDIR_PERSONA" ADD CONSTRAINT "PERSONA_MUNICIPIO_FK" FOREIGN KEY ("COD_MUNICIPIO")
	  REFERENCES "SALUDMP"."VDIR_MUNICIPIO" ("COD_MUNICIPIO") ENABLE;
 
  ALTER TABLE "SALUDMP"."VDIR_PERSONA" ADD CONSTRAINT "PERSONA_SEXO_FK" FOREIGN KEY ("COD_SEXO")
	  REFERENCES "SALUDMP"."VDIR_SEXO" ("COD_SEXO") ENABLE;
 
  ALTER TABLE "SALUDMP"."VDIR_PERSONA" ADD CONSTRAINT "PERSONA_TIPO_IDENTI_FK" FOREIGN KEY ("COD_TIPO_IDENTIFICACION")
	  REFERENCES "SALUDMP"."VDIR_TIPO_IDENTIFICACION" ("COD_TIPO_IDENTIFICACION") ENABLE;
--------------------------------------------------------
--  Ref Constraints for Table VDIR_PERSONA_CONTRATO
--------------------------------------------------------

  ALTER TABLE "SALUDMP"."VDIR_PERSONA_CONTRATO" ADD FOREIGN KEY ("COD_PROGRAMA")
	  REFERENCES "SALUDMP"."VDIR_PROGRAMA" ("COD_PROGRAMA") ENABLE;
 
  ALTER TABLE "SALUDMP"."VDIR_PERSONA_CONTRATO" ADD FOREIGN KEY ("COD_AFILIACION")
	  REFERENCES "SALUDMP"."VDIR_AFILIACION" ("COD_AFILIACION") ENABLE;
 
  ALTER TABLE "SALUDMP"."VDIR_PERSONA_CONTRATO" ADD FOREIGN KEY ("COD_PERSONA")
	  REFERENCES "SALUDMP"."VDIR_PERSONA" ("COD_PERSONA") ENABLE;
--------------------------------------------------------
--  Ref Constraints for Table VDIR_PERSONA_TIPOPER
--------------------------------------------------------

  ALTER TABLE "SALUDMP"."VDIR_PERSONA_TIPOPER" ADD CONSTRAINT "PERSONA_TP_PERSONA_FK" FOREIGN KEY ("COD_PERSONA")
	  REFERENCES "SALUDMP"."VDIR_PERSONA" ("COD_PERSONA") ENABLE;
 
  ALTER TABLE "SALUDMP"."VDIR_PERSONA_TIPOPER" ADD CONSTRAINT "PERSONA_TP_TIPO_PERSONA_FK" FOREIGN KEY ("COD_TIPO_PERSONA")
	  REFERENCES "SALUDMP"."VDIR_TIPO_PERSONA" ("COD_TIPO_PERSONA") ENABLE;
--------------------------------------------------------
--  Ref Constraints for Table VDIR_PLAN_PROGRAMA
--------------------------------------------------------

  ALTER TABLE "SALUDMP"."VDIR_PLAN_PROGRAMA" ADD FOREIGN KEY ("COD_PLAN")
	  REFERENCES "SALUDMP"."VDIR_PLAN" ("COD_PLAN") ENABLE;
 
  ALTER TABLE "SALUDMP"."VDIR_PLAN_PROGRAMA" ADD FOREIGN KEY ("COD_PROGRAMA")
	  REFERENCES "SALUDMP"."VDIR_PROGRAMA" ("COD_PROGRAMA") ENABLE;
 
  ALTER TABLE "SALUDMP"."VDIR_PLAN_PROGRAMA" ADD FOREIGN KEY ("COD_ESTADO")
	  REFERENCES "SALUDMP"."VDIR_ESTADO" ("COD_ESTADO") ENABLE;
--------------------------------------------------------
--  Ref Constraints for Table VDIR_PREGUNTA
--------------------------------------------------------

  ALTER TABLE "SALUDMP"."VDIR_PREGUNTA" ADD CONSTRAINT "FK_MODULO01" FOREIGN KEY ("COD_MODULO")
	  REFERENCES "SALUDMP"."VDIR_MODULO_ENCUESTA" ("COD_MODULO") ENABLE;
 
  ALTER TABLE "SALUDMP"."VDIR_PREGUNTA" ADD FOREIGN KEY ("COD_ENCUESTA")
	  REFERENCES "SALUDMP"."VDIR_ENCUESTA" ("COD_ENCUESTA") ENABLE;
--------------------------------------------------------
--  Ref Constraints for Table VDIR_PROGRAMA
--------------------------------------------------------

  ALTER TABLE "SALUDMP"."VDIR_PROGRAMA" ADD CONSTRAINT "FK_IMPUESTO_01" FOREIGN KEY ("COD_IMPUESTO")
	  REFERENCES "SALUDMP"."VDIR_IMPUESTO" ("COD_IMPUESTO") ENABLE;
 
  ALTER TABLE "SALUDMP"."VDIR_PROGRAMA" ADD CONSTRAINT "PROGRAMA_PRODUCTO_FK" FOREIGN KEY ("COD_PRODUCTO")
	  REFERENCES "SALUDMP"."VDIR_PRODUCTO" ("COD_PRODUCTO") ENABLE;
--------------------------------------------------------
--  Ref Constraints for Table VDIR_PROGRAMA_FILE
--------------------------------------------------------

  ALTER TABLE "SALUDMP"."VDIR_PROGRAMA_FILE" ADD FOREIGN KEY ("COD_FILE")
	  REFERENCES "SALUDMP"."VDIR_FILE" ("COD_FILE") ENABLE;
 
  ALTER TABLE "SALUDMP"."VDIR_PROGRAMA_FILE" ADD FOREIGN KEY ("COD_PROGRAMA")
	  REFERENCES "SALUDMP"."VDIR_PROGRAMA" ("COD_PROGRAMA") ENABLE;
--------------------------------------------------------
--  Ref Constraints for Table VDIR_RESPUESTAS_MARCADAS
--------------------------------------------------------

  ALTER TABLE "SALUDMP"."VDIR_RESPUESTAS_MARCADAS" ADD CONSTRAINT "FK_ENCUEST_PERSON" FOREIGN KEY ("COD_ENCUESTA_PERSONA")
	  REFERENCES "SALUDMP"."VDIR_ENCUESTA_PERSONA" ("COD_ENCUESTA_PERSONA") ON DELETE CASCADE ENABLE;
 
  ALTER TABLE "SALUDMP"."VDIR_RESPUESTAS_MARCADAS" ADD FOREIGN KEY ("COD_RESPUESTA")
	  REFERENCES "SALUDMP"."VDIR_RESPUESTA" ("COD_RESPUESTA") ENABLE;
 
  ALTER TABLE "SALUDMP"."VDIR_RESPUESTAS_MARCADAS" ADD CONSTRAINT "VDIR_RESPUESTAS_MARCADAS_FK1" FOREIGN KEY ("COD_PREGUNTA")
	  REFERENCES "SALUDMP"."VDIR_PREGUNTA" ("COD_PREGUNTA") ENABLE;
--------------------------------------------------------
--  Ref Constraints for Table VDIR_ROL_USUARIO
--------------------------------------------------------

  ALTER TABLE "SALUDMP"."VDIR_ROL_USUARIO" ADD CONSTRAINT "ROL_USUARIO_ROL_FK" FOREIGN KEY ("COD_ROL")
	  REFERENCES "SALUDMP"."VDIR_ROL" ("COD_ROL") ENABLE;
 
  ALTER TABLE "SALUDMP"."VDIR_ROL_USUARIO" ADD CONSTRAINT "ROL_USUARIO_USUARIO_FK" FOREIGN KEY ("COD_USUARIO")
	  REFERENCES "SALUDMP"."VDIR_USUARIO" ("COD_USUARIO") ENABLE;
--------------------------------------------------------
--  Ref Constraints for Table VDIR_SEGURO
--------------------------------------------------------

  ALTER TABLE "SALUDMP"."VDIR_SEGURO" ADD FOREIGN KEY ("COD_PROGRAMA")
	  REFERENCES "SALUDMP"."VDIR_PROGRAMA" ("COD_PROGRAMA") ENABLE;
 
  ALTER TABLE "SALUDMP"."VDIR_SEGURO" ADD FOREIGN KEY ("COD_ESTADO")
	  REFERENCES "SALUDMP"."VDIR_ESTADO" ("COD_ESTADO") ENABLE;
--------------------------------------------------------
--  Ref Constraints for Table VDIR_SEXO
--------------------------------------------------------

  ALTER TABLE "SALUDMP"."VDIR_SEXO" ADD CONSTRAINT "SEXO_ESTADO_FK" FOREIGN KEY ("COD_ESTADO")
	  REFERENCES "SALUDMP"."VDIR_ESTADO" ("COD_ESTADO") ENABLE;
--------------------------------------------------------
--  Ref Constraints for Table VDIR_TARIFA
--------------------------------------------------------

  ALTER TABLE "SALUDMP"."VDIR_TARIFA" ADD CONSTRAINT "FK_COD_CONDI_TARIFA" FOREIGN KEY ("COD_CONDICION_TARIFA")
	  REFERENCES "SALUDMP"."VDIR_CONDICION_TARIFA" ("COD_CONDICION_TARIFA") ENABLE;
 
  ALTER TABLE "SALUDMP"."VDIR_TARIFA" ADD CONSTRAINT "FK_COD_NUM_USU_TARI" FOREIGN KEY ("COD_NUM_USUARIOS_TARIFA")
	  REFERENCES "SALUDMP"."VDIR_NUM_USUARIOS_TARIFA" ("COD_NUM_USUARIOS_TARIFA") ENABLE;
 
  ALTER TABLE "SALUDMP"."VDIR_TARIFA" ADD CONSTRAINT "FK_ESTADO_003" FOREIGN KEY ("COD_ESTADO")
	  REFERENCES "SALUDMP"."VDIR_ESTADO" ("COD_ESTADO") ENABLE;
 
  ALTER TABLE "SALUDMP"."VDIR_TARIFA" ADD CONSTRAINT "FK_PLAN_PROGRAMA" FOREIGN KEY ("COD_PLAN_PROGRAMA")
	  REFERENCES "SALUDMP"."VDIR_PLAN_PROGRAMA" ("COD_PLAN_PROGRAMA") ENABLE;
 
  ALTER TABLE "SALUDMP"."VDIR_TARIFA" ADD CONSTRAINT "FK_SEXO" FOREIGN KEY ("COD_SEXO")
	  REFERENCES "SALUDMP"."VDIR_SEXO" ("COD_SEXO") ENABLE;
 
  ALTER TABLE "SALUDMP"."VDIR_TARIFA" ADD CONSTRAINT "FK_TIPO_TARIFA" FOREIGN KEY ("COD_TIPO_TARIFA")
	  REFERENCES "SALUDMP"."VDIR_TIPO_TARIFA" ("COD_TIPO_TARIFA") ENABLE;
 
  ALTER TABLE "SALUDMP"."VDIR_TARIFA" ADD CONSTRAINT "TARIFA_PLAN_FK" FOREIGN KEY ("COD_PLAN")
	  REFERENCES "SALUDMP"."VDIR_PLAN" ("COD_PLAN") ENABLE;
--------------------------------------------------------
--  Ref Constraints for Table VDIR_TARIFA_FILE
--------------------------------------------------------

  ALTER TABLE "SALUDMP"."VDIR_TARIFA_FILE" ADD FOREIGN KEY ("COD_FILE")
	  REFERENCES "SALUDMP"."VDIR_FILE" ("COD_FILE") ENABLE;
 
  ALTER TABLE "SALUDMP"."VDIR_TARIFA_FILE" ADD FOREIGN KEY ("COD_TARIFA")
	  REFERENCES "SALUDMP"."VDIR_TARIFA" ("COD_TARIFA") ENABLE;
--------------------------------------------------------
--  Ref Constraints for Table VDIR_TIPO_FILE
--------------------------------------------------------

  ALTER TABLE "SALUDMP"."VDIR_TIPO_FILE" ADD FOREIGN KEY ("COD_ESTADO")
	  REFERENCES "SALUDMP"."VDIR_ESTADO" ("COD_ESTADO") ENABLE;
--------------------------------------------------------
--  Ref Constraints for Table VDIR_TIPO_IDENTIFICACION
--------------------------------------------------------

  ALTER TABLE "SALUDMP"."VDIR_TIPO_IDENTIFICACION" ADD CONSTRAINT "TIPO_IDENTIFICACION_EST_FK" FOREIGN KEY ("COD_ESTADO")
	  REFERENCES "SALUDMP"."VDIR_ESTADO" ("COD_ESTADO") ENABLE;
--------------------------------------------------------
--  Ref Constraints for Table VDIR_TIPO_PAGO
--------------------------------------------------------

  ALTER TABLE "SALUDMP"."VDIR_TIPO_PAGO" ADD FOREIGN KEY ("COD_ESTADO")
	  REFERENCES "SALUDMP"."VDIR_ESTADO" ("COD_ESTADO") ENABLE;
--------------------------------------------------------
--  Ref Constraints for Table VDIR_TIPO_SOLICITUD
--------------------------------------------------------

  ALTER TABLE "SALUDMP"."VDIR_TIPO_SOLICITUD" ADD FOREIGN KEY ("COD_ESTADO")
	  REFERENCES "SALUDMP"."VDIR_ESTADO" ("COD_ESTADO") ENABLE;
--------------------------------------------------------
--  Ref Constraints for Table VDIR_TIPO_TARIFA
--------------------------------------------------------

  ALTER TABLE "SALUDMP"."VDIR_TIPO_TARIFA" ADD FOREIGN KEY ("COD_ESTADO")
	  REFERENCES "SALUDMP"."VDIR_ESTADO" ("COD_ESTADO") ENABLE;
--------------------------------------------------------
--  Ref Constraints for Table VDIR_USUARIO
--------------------------------------------------------

  ALTER TABLE "SALUDMP"."VDIR_USUARIO" ADD CONSTRAINT "FK_PERSONA_01" FOREIGN KEY ("COD_PERSONA")
	  REFERENCES "SALUDMP"."VDIR_PERSONA" ("COD_PERSONA") ENABLE;
 
  ALTER TABLE "SALUDMP"."VDIR_USUARIO" ADD CONSTRAINT "FK_PLAN01" FOREIGN KEY ("COD_PLAN")
	  REFERENCES "SALUDMP"."VDIR_PLAN" ("COD_PLAN") ENABLE;
	  
	  
--------------------------------------------------------
--  Permisos GRANT SECUENCES
--------------------------------------------------------

grant select on SALUDMP. VDIR_SEQ_AFILIACION to SALUDMP_APLICACION;
 create or replace synonym SALUDMP_WEB. VDIR_SEQ_AFILIACION for SALUDMP. VDIR_SEQ_AFILIACION;
/
grant select on SALUDMP. VDIR_SEQ_AFILIACION_ENCUESTA to SALUDMP_APLICACION;
 create or replace synonym SALUDMP_WEB. VDIR_SEQ_AFILIACION_ENCUESTA for SALUDMP. VDIR_SEQ_AFILIACION_ENCUESTA;
/
grant select on SALUDMP. VDIR_SEQ_BENEFICIARIO_PROGRAMA to SALUDMP_APLICACION;
 create or replace synonym SALUDMP_WEB. VDIR_SEQ_BENEFICIARIO_PROGRAMA for SALUDMP. VDIR_SEQ_BENEFICIARIO_PROGRAMA;
/
grant select on SALUDMP. VDIR_SEQ_CONTRATANTE_BENEFI to SALUDMP_APLICACION;
 create or replace synonym SALUDMP_WEB. VDIR_SEQ_CONTRATANTE_BENEFI for SALUDMP. VDIR_SEQ_CONTRATANTE_BENEFI;
/
grant select on SALUDMP. VDIR_SEQ_CONTRATO to SALUDMP_APLICACION;
 create or replace synonym SALUDMP_WEB. VDIR_SEQ_CONTRATO for SALUDMP. VDIR_SEQ_CONTRATO;
/
grant select on SALUDMP. VDIR_SEQ_FACTURA to SALUDMP_APLICACION;
 create or replace synonym SALUDMP_WEB. VDIR_SEQ_FACTURA for SALUDMP. VDIR_SEQ_FACTURA;
/
grant select on SALUDMP. VDIR_SEQ_FACTURA_DETALLE to SALUDMP_APLICACION;
 create or replace synonym SALUDMP_WEB. VDIR_SEQ_FACTURA_DETALLE for SALUDMP. VDIR_SEQ_FACTURA_DETALLE;
/
grant select on SALUDMP. VDIR_SEQ_FILE to SALUDMP_APLICACION;
 create or replace synonym SALUDMP_WEB. VDIR_SEQ_FILE for SALUDMP. VDIR_SEQ_FILE;
/
grant select on SALUDMP. VDIR_SEQ_FILEBENEFICIARIO to SALUDMP_APLICACION;
 create or replace synonym SALUDMP_WEB. VDIR_SEQ_FILEBENEFICIARIO for SALUDMP. VDIR_SEQ_FILEBENEFICIARIO;
/
grant select on SALUDMP. VDIR_SEQ_LOG_USUARIOS_SISTEMA to SALUDMP_APLICACION;
 create or replace synonym SALUDMP_WEB. VDIR_SEQ_LOG_USUARIOS_SISTEMA for SALUDMP. VDIR_SEQ_LOG_USUARIOS_SISTEMA;
/
grant select on SALUDMP. VDIR_SEQ_PERSONA to SALUDMP_APLICACION;
 create or replace synonym SALUDMP_WEB. VDIR_SEQ_PERSONA for SALUDMP. VDIR_SEQ_PERSONA;
/
grant select on SALUDMP. VDIR_SEQ_PERSONACONTRATO to SALUDMP_APLICACION;
 create or replace synonym SALUDMP_WEB. VDIR_SEQ_PERSONACONTRATO for SALUDMP. VDIR_SEQ_PERSONACONTRATO;
/
grant select on SALUDMP. VDIR_SEQ_PERSONA_TIPOPER to SALUDMP_APLICACION;
 create or replace synonym SALUDMP_WEB. VDIR_SEQ_PERSONA_TIPOPER for SALUDMP. VDIR_SEQ_PERSONA_TIPOPER;
/
grant select on SALUDMP. VDIR_SEQ_PLANPROGRAMA to SALUDMP_APLICACION;
 create or replace synonym SALUDMP_WEB. VDIR_SEQ_PLANPROGRAMA for SALUDMP. VDIR_SEQ_PLANPROGRAMA;
/
grant select on SALUDMP. VDIR_SEQ_RESPUESTAS_MARCADAS to SALUDMP_APLICACION;
 create or replace synonym SALUDMP_WEB. VDIR_SEQ_RESPUESTAS_MARCADAS for SALUDMP. VDIR_SEQ_RESPUESTAS_MARCADAS;
/
grant select on SALUDMP. VDIR_SEQ_ROL_USUARIO to SALUDMP_APLICACION;
 create or replace synonym SALUDMP_WEB. VDIR_SEQ_ROL_USUARIO for SALUDMP. VDIR_SEQ_ROL_USUARIO;
/
grant select on SALUDMP. VDIR_SEQ_TARIFA to SALUDMP_APLICACION;
 create or replace synonym SALUDMP_WEB. VDIR_SEQ_TARIFA for SALUDMP. VDIR_SEQ_TARIFA;
/
grant select on SALUDMP. VDIR_SEQ_USUARIO to SALUDMP_APLICACION;
 create or replace synonym SALUDMP_WEB. VDIR_SEQ_USUARIO for SALUDMP. VDIR_SEQ_USUARIO;
/

--------------------------------------------------------
--  Permisos GRANT TABLES
--------------------------------------------------------

grant select,insert,update,delete on SALUDMP.VDIR_AFILIACION to SALUDMP_APLICACION;
 create or replace synonym SALUDMP_WEB.VDIR_AFILIACION for SALUDMP.VDIR_AFILIACION;
/
grant select,insert,update,delete on SALUDMP.VDIR_AFILIACION_AUDITORIA to SALUDMP_APLICACION;
 create or replace synonym SALUDMP_WEB.VDIR_AFILIACION_AUDITORIA for SALUDMP.VDIR_AFILIACION_AUDITORIA;
/
grant select,insert,update,delete on SALUDMP.VDIR_BARRIO to SALUDMP_APLICACION;
 create or replace synonym SALUDMP_WEB.VDIR_BARRIO for SALUDMP.VDIR_BARRIO;
/
grant select,insert,update,delete on SALUDMP.VDIR_BENEFICIARIO_PROGRAMA to SALUDMP_APLICACION;
 create or replace synonym SALUDMP_WEB.VDIR_BENEFICIARIO_PROGRAMA for SALUDMP.VDIR_BENEFICIARIO_PROGRAMA;
/
grant select,insert,update,delete on SALUDMP.VDIR_COMUNA to SALUDMP_APLICACION;
 create or replace synonym SALUDMP_WEB.VDIR_COMUNA for SALUDMP.VDIR_COMUNA;
/
grant select,insert,update,delete on SALUDMP.VDIR_CONDICION_TARIFA to SALUDMP_APLICACION;
 create or replace synonym SALUDMP_WEB.VDIR_CONDICION_TARIFA for SALUDMP.VDIR_CONDICION_TARIFA;
/
grant select,insert,update,delete on SALUDMP.VDIR_CONTRATANTE_BENEFICIARIO to SALUDMP_APLICACION;
 create or replace synonym SALUDMP_WEB.VDIR_CONTRATANTE_BENEFICIARIO for SALUDMP.VDIR_CONTRATANTE_BENEFICIARIO;
/
grant select,insert,update,delete on SALUDMP.VDIR_DEPARTAMENTO to SALUDMP_APLICACION;
 create or replace synonym SALUDMP_WEB.VDIR_DEPARTAMENTO for SALUDMP.VDIR_DEPARTAMENTO;
/
grant select,insert,update,delete on SALUDMP.VDIR_ENCUESTA to SALUDMP_APLICACION;
 create or replace synonym SALUDMP_WEB.VDIR_ENCUESTA for SALUDMP.VDIR_ENCUESTA;
/
grant select,insert,update,delete on SALUDMP.VDIR_ENCUESTA_PERSONA to SALUDMP_APLICACION;
 create or replace synonym SALUDMP_WEB.VDIR_ENCUESTA_PERSONA for SALUDMP.VDIR_ENCUESTA_PERSONA;
/
grant select,insert,update,delete on SALUDMP.VDIR_EPS to SALUDMP_APLICACION;
 create or replace synonym SALUDMP_WEB.VDIR_EPS for SALUDMP.VDIR_EPS;
/
grant select,insert,update,delete on SALUDMP.VDIR_ESTADO to SALUDMP_APLICACION;
 create or replace synonym SALUDMP_WEB.VDIR_ESTADO for SALUDMP.VDIR_ESTADO;
/
grant select,insert,update,delete on SALUDMP.VDIR_ESTADO_CIVIL to SALUDMP_APLICACION;
 create or replace synonym SALUDMP_WEB.VDIR_ESTADO_CIVIL for SALUDMP.VDIR_ESTADO_CIVIL;
/
grant select,insert,update,delete on SALUDMP.VDIR_FACTURA to SALUDMP_APLICACION;
 create or replace synonym SALUDMP_WEB.VDIR_FACTURA for SALUDMP.VDIR_FACTURA;
/
grant select,insert,update,delete on SALUDMP.VDIR_FACTURA_DETALLE to SALUDMP_APLICACION;
 create or replace synonym SALUDMP_WEB.VDIR_FACTURA_DETALLE for SALUDMP.VDIR_FACTURA_DETALLE;
/
grant select,insert,update,delete on SALUDMP.VDIR_FILE to SALUDMP_APLICACION;
 create or replace synonym SALUDMP_WEB.VDIR_FILE for SALUDMP.VDIR_FILE;
/
grant select,insert,update,delete on SALUDMP.VDIR_FILE_AUDITORIA to SALUDMP_APLICACION;
 create or replace synonym SALUDMP_WEB.VDIR_FILE_AUDITORIA for SALUDMP.VDIR_FILE_AUDITORIA;
/
grant select,insert,update,delete on SALUDMP.VDIR_FILE_BENEFICIARIO to SALUDMP_APLICACION;
 create or replace synonym SALUDMP_WEB.VDIR_FILE_BENEFICIARIO for SALUDMP.VDIR_FILE_BENEFICIARIO;
/
grant select,insert,update,delete on SALUDMP.VDIR_FORMA_PAGO to SALUDMP_APLICACION;
 create or replace synonym SALUDMP_WEB.VDIR_FORMA_PAGO for SALUDMP.VDIR_FORMA_PAGO;
/
grant select,insert,update,delete on SALUDMP.VDIR_IMPUESTO to SALUDMP_APLICACION;
 create or replace synonym SALUDMP_WEB.VDIR_IMPUESTO for SALUDMP.VDIR_IMPUESTO;
/
grant select,insert,update,delete on SALUDMP.VDIR_LOG_USUARIOS_SISTEMA to SALUDMP_APLICACION;
 create or replace synonym SALUDMP_WEB.VDIR_LOG_USUARIOS_SISTEMA for SALUDMP.VDIR_LOG_USUARIOS_SISTEMA;
/
grant select,insert,update,delete on SALUDMP.VDIR_MENU to SALUDMP_APLICACION;
 create or replace synonym SALUDMP_WEB.VDIR_MENU for SALUDMP.VDIR_MENU;
/
grant select,insert,update,delete on SALUDMP.VDIR_MODULO_ENCUESTA to SALUDMP_APLICACION;
 create or replace synonym SALUDMP_WEB.VDIR_MODULO_ENCUESTA for SALUDMP.VDIR_MODULO_ENCUESTA;
/
grant select,insert,update,delete on SALUDMP.VDIR_MONEDA to SALUDMP_APLICACION;
 create or replace synonym SALUDMP_WEB.VDIR_MONEDA for SALUDMP.VDIR_MONEDA;
/
grant select,insert,update,delete on SALUDMP.VDIR_MUNICIPIO to SALUDMP_APLICACION;
 create or replace synonym SALUDMP_WEB.VDIR_MUNICIPIO for SALUDMP.VDIR_MUNICIPIO;
/
grant select,insert,update,delete on SALUDMP.VDIR_NUM_USUARIOS_TARIFA to SALUDMP_APLICACION;
 create or replace synonym SALUDMP_WEB.VDIR_NUM_USUARIOS_TARIFA for SALUDMP.VDIR_NUM_USUARIOS_TARIFA;
/
grant select,insert,update,delete on SALUDMP.VDIR_PAIS to SALUDMP_APLICACION;
 create or replace synonym SALUDMP_WEB.VDIR_PAIS for SALUDMP.VDIR_PAIS;
/
grant select,insert,update,delete on SALUDMP.VDIR_PARAMETRO to SALUDMP_APLICACION;
 create or replace synonym SALUDMP_WEB.VDIR_PARAMETRO for SALUDMP.VDIR_PARAMETRO;
/
grant select,insert,update,delete on SALUDMP.VDIR_PARENTESCO to SALUDMP_APLICACION;
 create or replace synonym SALUDMP_WEB.VDIR_PARENTESCO for SALUDMP.VDIR_PARENTESCO;
/
grant select,insert,update,delete on SALUDMP.VDIR_PERSONA to SALUDMP_APLICACION;
 create or replace synonym SALUDMP_WEB.VDIR_PERSONA for SALUDMP.VDIR_PERSONA;
/
grant select,insert,update,delete on SALUDMP.VDIR_PERSONA_CONTRATO to SALUDMP_APLICACION;
 create or replace synonym SALUDMP_WEB.VDIR_PERSONA_CONTRATO for SALUDMP.VDIR_PERSONA_CONTRATO;
/
grant select,insert,update,delete on SALUDMP.VDIR_PERSONA_TIPOPER to SALUDMP_APLICACION;
 create or replace synonym SALUDMP_WEB.VDIR_PERSONA_TIPOPER for SALUDMP.VDIR_PERSONA_TIPOPER;
/
grant select,insert,update,delete on SALUDMP.VDIR_PLAN to SALUDMP_APLICACION;
 create or replace synonym SALUDMP_WEB.VDIR_PLAN for SALUDMP.VDIR_PLAN;
/
grant select,insert,update,delete on SALUDMP.VDIR_PLAN_PROGRAMA to SALUDMP_APLICACION;
 create or replace synonym SALUDMP_WEB.VDIR_PLAN_PROGRAMA for SALUDMP.VDIR_PLAN_PROGRAMA;
/
grant select,insert,update,delete on SALUDMP.VDIR_PREGUNTA to SALUDMP_APLICACION;
 create or replace synonym SALUDMP_WEB.VDIR_PREGUNTA for SALUDMP.VDIR_PREGUNTA;
/
grant select,insert,update,delete on SALUDMP.VDIR_PRODUCTO to SALUDMP_APLICACION;
 create or replace synonym SALUDMP_WEB.VDIR_PRODUCTO for SALUDMP.VDIR_PRODUCTO;
/
grant select,insert,update,delete on SALUDMP.VDIR_PROGRAMA to SALUDMP_APLICACION;
 create or replace synonym SALUDMP_WEB.VDIR_PROGRAMA for SALUDMP.VDIR_PROGRAMA;
/
grant select,insert,update,delete on SALUDMP.VDIR_PROGRAMA_FILE to SALUDMP_APLICACION;
 create or replace synonym SALUDMP_WEB.VDIR_PROGRAMA_FILE for SALUDMP.VDIR_PROGRAMA_FILE;
/
grant select,insert,update,delete on SALUDMP.VDIR_RESPUESTA to SALUDMP_APLICACION;
 create or replace synonym SALUDMP_WEB.VDIR_RESPUESTA for SALUDMP.VDIR_RESPUESTA;
/
grant select,insert,update,delete on SALUDMP.VDIR_RESPUESTAS_MARCADAS to SALUDMP_APLICACION;
 create or replace synonym SALUDMP_WEB.VDIR_RESPUESTAS_MARCADAS for SALUDMP.VDIR_RESPUESTAS_MARCADAS;
/
grant select,insert,update,delete on SALUDMP.VDIR_ROL to SALUDMP_APLICACION;
 create or replace synonym SALUDMP_WEB.VDIR_ROL for SALUDMP.VDIR_ROL;
/
grant select,insert,update,delete on SALUDMP.VDIR_ROL_USUARIO to SALUDMP_APLICACION;
 create or replace synonym SALUDMP_WEB.VDIR_ROL_USUARIO for SALUDMP.VDIR_ROL_USUARIO;
/
grant select,insert,update,delete on SALUDMP.VDIR_SEGURO to SALUDMP_APLICACION;
 create or replace synonym SALUDMP_WEB.VDIR_SEGURO for SALUDMP.VDIR_SEGURO;
/
grant select,insert,update,delete on SALUDMP.VDIR_SEXO to SALUDMP_APLICACION;
 create or replace synonym SALUDMP_WEB.VDIR_SEXO for SALUDMP.VDIR_SEXO;
/
grant select,insert,update,delete on SALUDMP.VDIR_TARIFA to SALUDMP_APLICACION;
 create or replace synonym SALUDMP_WEB.VDIR_TARIFA for SALUDMP.VDIR_TARIFA;
/
grant select,insert,update,delete on SALUDMP.VDIR_TARIFA_FILE to SALUDMP_APLICACION;
 create or replace synonym SALUDMP_WEB.VDIR_TARIFA_FILE for SALUDMP.VDIR_TARIFA_FILE;
/
grant select,insert,update,delete on SALUDMP.VDIR_TIPO_FILE to SALUDMP_APLICACION;
 create or replace synonym SALUDMP_WEB.VDIR_TIPO_FILE for SALUDMP.VDIR_TIPO_FILE;
/
grant select,insert,update,delete on SALUDMP.VDIR_TIPO_IDENTIFICACION to SALUDMP_APLICACION;
 create or replace synonym SALUDMP_WEB.VDIR_TIPO_IDENTIFICACION for SALUDMP.VDIR_TIPO_IDENTIFICACION;
/
grant select,insert,update,delete on SALUDMP.VDIR_TIPO_PAGO to SALUDMP_APLICACION;
 create or replace synonym SALUDMP_WEB.VDIR_TIPO_PAGO for SALUDMP.VDIR_TIPO_PAGO;
/
grant select,insert,update,delete on SALUDMP.VDIR_TIPO_PERSONA to SALUDMP_APLICACION;
 create or replace synonym SALUDMP_WEB.VDIR_TIPO_PERSONA for SALUDMP.VDIR_TIPO_PERSONA;
/
grant select,insert,update,delete on SALUDMP.VDIR_TIPO_SOLICITUD to SALUDMP_APLICACION;
 create or replace synonym SALUDMP_WEB.VDIR_TIPO_SOLICITUD for SALUDMP.VDIR_TIPO_SOLICITUD;
/
grant select,insert,update,delete on SALUDMP.VDIR_TIPO_TARIFA to SALUDMP_APLICACION;
 create or replace synonym SALUDMP_WEB.VDIR_TIPO_TARIFA for SALUDMP.VDIR_TIPO_TARIFA;
/
grant select,insert,update,delete on SALUDMP.VDIR_TIPO_VIA to SALUDMP_APLICACION;
 create or replace synonym SALUDMP_WEB.VDIR_TIPO_VIA for SALUDMP.VDIR_TIPO_VIA;
/
grant select,insert,update,delete on SALUDMP.VDIR_USUARIO to SALUDMP_APLICACION;
 create or replace synonym SALUDMP_WEB.VDIR_USUARIO for SALUDMP.VDIR_USUARIO;
/

--------------------------------------------------------
--  Permisos GRANT PAKAGES
--------------------------------------------------------

grant execute on SALUDMP.VDIR_PACK_CONSULTA_FILE to SALUDMP_APLICACION;
 create or replace synonym SALUDMP_WEB.VDIR_PACK_CONSULTA_FILE for SALUDMP.VDIR_PACK_CONSULTA_FILE;
/
grant execute on SALUDMP.VDIR_PACK_CONSULTA_LINEAS to SALUDMP_APLICACION;
 create or replace synonym SALUDMP_WEB.VDIR_PACK_CONSULTA_LINEAS for SALUDMP.VDIR_PACK_CONSULTA_LINEAS;
/
grant execute on SALUDMP.VDIR_PACK_CONSULTA_TARIFAS to SALUDMP_APLICACION;
 create or replace synonym SALUDMP_WEB.VDIR_PACK_CONSULTA_TARIFAS for SALUDMP.VDIR_PACK_CONSULTA_TARIFAS;
/
grant execute on SALUDMP.VDIR_PACK_CONSULTA_USUARIOS to SALUDMP_APLICACION;
 create or replace synonym SALUDMP_WEB.VDIR_PACK_CONSULTA_USUARIOS for SALUDMP.VDIR_PACK_CONSULTA_USUARIOS;
/
grant execute on SALUDMP.VDIR_PACK_ENCUESTAS to SALUDMP_APLICACION;
 create or replace synonym SALUDMP_WEB.VDIR_PACK_ENCUESTAS for SALUDMP.VDIR_PACK_ENCUESTAS;
/
grant execute on SALUDMP.VDIR_PACK_ENVIAR_EMAIL to SALUDMP_APLICACION;
 create or replace synonym SALUDMP_WEB.VDIR_PACK_ENVIAR_EMAIL for SALUDMP.VDIR_PACK_ENVIAR_EMAIL;
/
grant execute on SALUDMP.VDIR_PACK_INICIO_SESSION to SALUDMP_APLICACION;
 create or replace synonym SALUDMP_WEB.VDIR_PACK_INICIO_SESSION for SALUDMP.VDIR_PACK_INICIO_SESSION;
/
grant execute on SALUDMP.VDIR_PACK_REGISTRO_CONTRATO to SALUDMP_APLICACION;
 create or replace synonym SALUDMP_WEB.VDIR_PACK_REGISTRO_CONTRATO for SALUDMP.VDIR_PACK_REGISTRO_CONTRATO;
/
grant execute on SALUDMP.VDIR_PACK_REGISTRO_DATOS to SALUDMP_APLICACION;
 create or replace synonym SALUDMP_WEB.VDIR_PACK_REGISTRO_DATOS for SALUDMP.VDIR_PACK_REGISTRO_DATOS;
/
grant execute on SALUDMP.VDIR_PACK_REGISTRO_FILE to SALUDMP_APLICACION;
 create or replace synonym SALUDMP_WEB.VDIR_PACK_REGISTRO_FILE for SALUDMP.VDIR_PACK_REGISTRO_FILE;
/
grant execute on SALUDMP.VDIR_PACK_REGISTRO_LINEAS to SALUDMP_APLICACION;
 create or replace synonym SALUDMP_WEB.VDIR_PACK_REGISTRO_LINEAS for SALUDMP.VDIR_PACK_REGISTRO_LINEAS;
/
grant execute on SALUDMP.VDIR_PACK_REGISTRO_PRODUCTOS to SALUDMP_APLICACION;
 create or replace synonym SALUDMP_WEB.VDIR_PACK_REGISTRO_PRODUCTOS for SALUDMP.VDIR_PACK_REGISTRO_PRODUCTOS;
/
grant execute on SALUDMP.VDIR_PACK_REGISTRO_TARIFAS to SALUDMP_APLICACION;
 create or replace synonym SALUDMP_WEB.VDIR_PACK_REGISTRO_TARIFAS for SALUDMP.VDIR_PACK_REGISTRO_TARIFAS;
/
grant execute on SALUDMP.VDIR_PACK_REGISTRO_USUARIOS to SALUDMP_APLICACION;
 create or replace synonym SALUDMP_WEB.VDIR_PACK_REGISTRO_USUARIOS for SALUDMP.VDIR_PACK_REGISTRO_USUARIOS;
/
grant execute on SALUDMP.VDIR_PACK_TARIFAS to SALUDMP_APLICACION;
 create or replace synonym SALUDMP_WEB.VDIR_PACK_TARIFAS for SALUDMP.VDIR_PACK_TARIFAS;
/
grant execute on SALUDMP.VDIR_PACK_UTILIDADES to SALUDMP_APLICACION;
 create or replace synonym SALUDMP_WEB.VDIR_PACK_UTILIDADES for SALUDMP.VDIR_PACK_UTILIDADES;
/



